Source File	Size	loadResources	load-configure	scan	loadDepInfo	loadInfo	load	generateSnapshots	checkR4R4B	generateNarratives	validate	loadLists	checkConformanceResources	checkConformanceResources2	checkConformanceResources3	generateLogicalMaps	validateExpressions	scanForUsageStats	checkURLsUnique	processProvenanceDetails	generate1	generate2	responsesForQuestionnaire	generateLogicals	makeDependencies	generateExampleZip	generateValidationPack	scanProfilesForR5	scanExamplesForR5
/fsh-generated/resources/ImplementationGuide-smart.who.int.hiv.json	177460	-	0	0	0	0	0	0	13	150	0	0	0	0	0	0	0	4	0	0	718	581	0	0	0	0	23	0	8
fsh-generated/resources/ActivityDefinition-HIVB9DTScheduleFollowUp.json	1518	7	1	0	0	0	0	0	0	32	0	0	0	0	0	0	0	0	0	0	23	20	0	0	0	0	0	0	0
fsh-generated/resources/ActorDefinition-Client.json	709	6	0	0	0	0	0	0	0	51	0	0	0	0	0	0	0	0	0	0	19	32	0	0	0	0	1	0	0
fsh-generated/resources/ActorDefinition-CommunityHealthWorker.json	976	6	1	0	0	0	0	0	0	42	0	0	0	0	0	0	0	0	0	0	18	28	0	0	0	0	0	0	1
fsh-generated/resources/ActorDefinition-DataEntryClerk.json	754	3	0	0	0	0	0	0	0	49	0	0	0	0	0	0	0	0	0	0	23	19	0	0	0	0	0	0	0
fsh-generated/resources/ActorDefinition-DistrictHealthInformationOfficer.json	772	4	0	0	0	0	0	0	0	48	0	0	0	0	0	0	0	0	0	0	18	23	0	0	0	0	0	0	0
fsh-generated/resources/ActorDefinition-KeyPopulations.json	1023	4	1	0	0	0	0	0	0	44	0	0	0	0	0	0	0	0	0	0	17	20	0	0	0	0	0	0	0
fsh-generated/resources/ActorDefinition-LabTechnician.json	747	3	0	0	0	0	0	0	0	32	0	0	0	0	0	0	0	0	0	0	17	17	0	0	0	0	0	0	1
fsh-generated/resources/ActorDefinition-Nurse.json	708	4	0	0	0	0	0	0	0	32	0	0	0	0	0	0	0	0	0	0	18	24	0	0	0	0	1	0	0
fsh-generated/resources/ActorDefinition-Pharmacist.json	688	4	1	0	0	0	0	0	0	17	0	0	0	0	0	0	0	0	0	0	16	19	0	0	0	0	0	0	0
fsh-generated/resources/ActorDefinition-Physician.json	812	4	0	0	0	0	0	0	1	8	0	0	0	0	0	0	0	0	0	0	22	17	0	0	0	0	0	0	0
fsh-generated/resources/ActorDefinition-SpecialPopulationClient.json	771	3	1	0	0	0	0	0	0	10	0	0	0	0	0	0	0	0	0	0	18	18	0	0	0	0	0	0	0
fsh-generated/resources/ActorDefinition-SpecialistMedicalDoctor.json	933	3	0	0	0	0	0	0	0	8	0	0	0	0	0	0	0	0	0	0	18	18	0	0	0	0	0	0	0
fsh-generated/resources/ActorDefinition-TrainedLayProvider.json	708	4	0	0	1	0	0	0	0	9	0	0	0	0	0	0	0	0	0	0	18	18	0	0	0	0	0	0	0
fsh-generated/resources/ActorDefinition-TrainedNonPhysicianClinician.json	1011	3	1	0	0	0	0	0	0	9	0	0	0	0	0	0	0	0	0	0	18	19	0	0	0	0	0	0	0
fsh-generated/resources/CodeSystem-HIVConcepts.json	361420	30	3	0	0	0	0	0	16	970	0	0	3	0	0	0	0	2	0	0	2065	2551	0	0	0	0	55	0	5
fsh-generated/resources/Library-HIVB2DTLogic.json	1038	3	0	0	0	0	0	0	0	4	0	0	0	0	0	0	0	0	0	0	65	33	0	0	0	0	1	0	0
fsh-generated/resources/Library-HIVB2DTLogicDemo.json	1059	3	1	0	0	0	0	0	0	6	0	0	0	0	0	0	0	0	0	0	104	22	0	0	0	0	1	0	0
fsh-generated/resources/Library-HIVB7DTLogic.json	1048	3	0	0	0	0	0	0	0	58	0	0	0	0	0	0	0	0	0	0	477	47	0	0	0	0	9	0	0
fsh-generated/resources/Library-HIVB9DTLogic.json	1037	3	0	0	0	0	0	0	0	1	0	0	0	0	0	0	0	0	0	0	74	26	0	0	0	0	1	0	0
fsh-generated/resources/Library-HIVCommon.json	1024	3	0	0	0	0	0	0	0	15	0	0	0	0	0	0	0	0	0	0	779	54	0	0	0	0	17	0	0
fsh-generated/resources/Library-HIVConcepts.json	1036	3	1	0	0	0	0	0	2	87	0	0	0	0	0	0	0	0	0	0	3486	174	0	0	0	0	46	0	2
fsh-generated/resources/Library-HIVConceptsCustom.json	1072	3	0	0	0	0	0	0	1	66	0	0	0	0	0	0	0	0	0	0	218	26	0	0	0	0	2	0	0
fsh-generated/resources/Library-HIVElements.json	1036	3	0	0	0	0	0	0	0	46	0	0	0	0	0	0	0	0	0	0	3972	280	0	0	0	0	34	0	0
fsh-generated/resources/Library-HIVEncounterElements.json	1090	3	0	0	0	0	0	0	0	34	0	0	0	0	0	0	0	0	0	0	2809	97	0	0	0	0	24	0	0
fsh-generated/resources/Library-HIVIND11Logic.json	1105	3	0	0	0	0	0	0	0	10	0	0	0	0	0	0	0	0	0	0	97	15	0	0	0	0	1	0	0
fsh-generated/resources/Library-HIVIND12Logic.json	1078	3	1	0	0	0	0	0	0	10	0	0	0	0	0	0	0	0	0	0	96	13	0	0	0	0	2	0	0
fsh-generated/resources/Library-HIVIND13Logic.json	1070	2	0	0	0	0	0	0	0	1	0	0	0	0	0	0	0	0	0	0	46	14	0	0	0	0	0	0	0
fsh-generated/resources/Library-HIVIND14Logic.json	1106	4	0	0	0	0	0	0	0	8	0	0	0	0	0	0	0	0	0	0	99	13	0	0	0	0	1	0	0
fsh-generated/resources/Library-HIVIND15Logic.json	1132	3	0	0	0	0	0	0	0	1	0	0	0	0	0	0	0	0	0	0	44	15	0	0	0	0	1	0	0
fsh-generated/resources/Library-HIVIND16Logic.json	1067	2	0	0	0	0	0	0	0	2	0	0	0	0	0	0	0	0	0	0	61	14	0	0	0	0	0	0	0
fsh-generated/resources/Library-HIVIND18Logic.json	1067	3	1	0	0	0	0	0	0	1	0	0	0	0	0	0	0	0	0	0	58	16	0	0	0	0	1	0	0
fsh-generated/resources/Library-HIVIND19Logic.json	1107	3	0	0	0	0	0	0	1	1	0	0	0	0	0	0	0	0	0	0	67	16	0	0	0	0	0	0	0
fsh-generated/resources/Library-HIVIND20Logic.json	1083	3	0	0	0	0	0	0	0	1	0	0	0	0	0	0	0	0	0	0	97	14	0	0	0	0	1	0	0
fsh-generated/resources/Library-HIVIND21Logic.json	1056	2	0	0	0	0	0	0	0	1	0	0	0	0	0	0	0	0	0	0	63	17	0	0	0	0	0	0	0
fsh-generated/resources/Library-HIVIND22Logic.json	1112	3	0	0	0	0	0	0	0	1	0	0	0	0	0	0	0	0	0	0	91	17	0	0	0	0	1	0	0
fsh-generated/resources/Library-HIVIND24Logic.json	1174	3	0	0	0	0	0	0	0	2	0	0	0	0	0	0	0	0	0	0	78	17	0	0	0	0	1	0	0
fsh-generated/resources/Library-HIVIND25Logic.json	1110	3	1	0	0	0	0	0	0	1	0	0	0	0	0	0	0	0	0	0	60	17	0	0	0	0	0	0	0
fsh-generated/resources/Library-HIVIND27Logic.json	1100	3	0	0	0	0	0	0	0	1	0	0	0	0	0	0	0	0	0	0	67	17	0	0	0	0	1	0	0
fsh-generated/resources/Library-HIVIND28Logic.json	1218	2	0	0	0	0	0	0	0	1	0	0	0	0	0	0	0	0	0	0	75	17	0	0	0	0	1	0	0
fsh-generated/resources/Library-HIVIND29Logic.json	1096	3	0	0	0	0	0	0	0	2	0	0	0	0	0	0	0	0	0	0	79	17	0	0	0	0	0	0	0
fsh-generated/resources/Library-HIVIND2Logic.json	1074	3	0	0	0	0	0	0	0	1	0	0	0	0	0	0	0	0	0	0	77	17	0	1	0	0	1	0	0
fsh-generated/resources/Library-HIVIND30Logic.json	1053	3	1	0	0	0	0	0	0	0	0	0	0	0	0	0	0	0	0	0	50	15	0	0	0	0	0	0	0
fsh-generated/resources/Library-HIVIND31Logic.json	1082	3	0	0	0	0	0	0	0	1	0	0	0	0	0	0	0	0	0	0	61	17	0	0	0	0	1	0	0
fsh-generated/resources/Library-HIVIND32Logic.json	1092	4	0	0	0	0	0	0	0	2	0	0	0	0	0	0	0	0	0	0	75	17	0	0	0	0	1	0	0
fsh-generated/resources/Library-HIVIND33Logic.json	1123	5	0	0	0	0	0	0	1	1	0	0	0	0	0	0	0	0	0	0	64	16	0	0	0	0	0	0	0
fsh-generated/resources/Library-HIVIND34Logic.json	1131	4	0	0	0	0	0	0	0	1	0	0	0	0	0	0	0	0	0	0	65	17	0	0	0	0	1	0	0
fsh-generated/resources/Library-HIVIND35Logic.json	1057	4	1	0	0	0	0	0	0	1	0	0	0	0	0	0	0	0	0	0	100	18	0	0	0	0	1	0	0
fsh-generated/resources/Library-HIVIND37Logic.json	1085	2	0	0	0	0	0	0	0	2	0	0	0	0	0	0	0	0	0	0	64	17	0	0	0	0	0	0	0
fsh-generated/resources/Library-HIVIND38Logic.json	1109	3	0	0	0	0	0	0	0	0	0	0	0	0	0	0	0	0	0	0	57	16	0	0	0	0	1	0	0
fsh-generated/resources/Library-HIVIND39Logic.json	1057	3	0	0	0	0	0	0	0	10	0	0	0	0	0	0	0	0	0	0	93	13	0	0	0	0	1	0	0
fsh-generated/resources/Library-HIVIND3Logic.json	1094	3	0	0	0	0	0	0	0	2	0	0	0	0	0	0	0	0	0	0	78	16	0	0	0	0	1	0	0
fsh-generated/resources/Library-HIVIND40Logic.json	1099	2	0	0	0	0	0	0	0	8	0	0	0	0	0	0	0	0	0	0	106	15	0	0	0	0	1	0	0
fsh-generated/resources/Library-HIVIND41Logic.json	1106	3	1	0	0	0	0	0	0	9	0	0	0	0	0	0	0	0	0	0	97	13	0	0	0	0	1	0	0
fsh-generated/resources/Library-HIVIND42Logic.json	1067	3	0	0	0	0	0	0	0	8	0	0	0	0	0	0	0	0	0	0	102	14	0	0	0	0	1	0	0
fsh-generated/resources/Library-HIVIND43Logic.json	1104	3	0	0	0	0	0	0	1	7	0	0	0	0	0	0	0	0	0	0	102	14	0	0	0	0	2	0	0
fsh-generated/resources/Library-HIVIND44Logic.json	1095	4	0	0	0	0	0	0	0	1	0	0	0	0	0	0	0	0	0	0	57	17	0	0	0	0	0	0	0
fsh-generated/resources/Library-HIVIND45Logic.json	1128	5	0	0	0	0	0	0	0	1	0	0	0	0	0	0	0	0	0	0	64	17	0	0	0	0	1	0	0
fsh-generated/resources/Library-HIVIND46Logic.json	1147	5	0	0	0	0	0	0	0	1	0	0	0	0	0	0	0	0	0	0	66	16	0	0	0	0	0	0	0
fsh-generated/resources/Library-HIVIND47Logic.json	1080	4	1	0	0	0	0	0	0	1	0	0	0	0	0	0	0	0	0	0	61	16	0	0	0	0	1	0	0
fsh-generated/resources/Library-HIVIND48Logic.json	1078	3	0	0	0	0	0	0	0	1	0	0	0	0	0	0	0	0	0	0	54	16	0	0	0	0	0	0	0
fsh-generated/resources/Library-HIVIND49Logic.json	1113	3	0	0	0	0	0	0	0	1	0	0	0	0	0	0	0	0	0	0	62	17	0	0	0	0	1	0	0
fsh-generated/resources/Library-HIVIND4Logic.json	1037	3	0	0	0	0	0	0	0	1	0	0	0	0	0	0	0	0	0	0	63	16	0	0	0	0	0	0	0
fsh-generated/resources/Library-HIVIND50Logic.json	1118	2	0	0	0	0	0	0	0	2	0	0	0	0	0	0	0	0	0	0	65	17	0	0	0	0	1	0	0
fsh-generated/resources/Library-HIVIND51Logic.json	1112	3	1	0	0	0	0	0	0	1	0	0	0	0	0	0	0	0	0	0	70	17	0	0	0	0	0	0	0
fsh-generated/resources/Library-HIVIND52Logic.json	1109	3	0	0	0	0	0	0	0	1	0	0	0	0	0	0	0	0	0	0	72	16	0	0	0	0	1	0	0
fsh-generated/resources/Library-HIVIND53Logic.json	1126	3	0	0	0	0	0	0	0	1	0	0	0	0	0	0	0	0	0	0	79	16	0	0	0	0	1	0	0
fsh-generated/resources/Library-HIVIND54Logic.json	1068	2	0	0	0	0	0	0	0	1	0	0	0	0	0	0	0	0	0	0	60	16	0	0	0	0	0	0	0
fsh-generated/resources/Library-HIVIND55Logic.json	1232	3	0	0	0	0	0	0	1	1	0	0	0	0	0	0	0	0	0	0	63	15	0	0	0	0	1	0	0
fsh-generated/resources/Library-HIVIND56Logic.json	1069	3	0	0	0	0	0	0	0	9	0	0	0	0	0	0	0	0	0	0	104	14	0	0	0	0	1	0	1
fsh-generated/resources/Library-HIVIND57Logic.json	1089	3	0	0	0	0	0	0	0	9	0	0	0	0	0	0	0	0	0	0	121	18	0	0	0	0	2	0	0
fsh-generated/resources/Library-HIVIND58Logic.json	1105	2	1	0	0	0	0	0	0	7	0	0	0	0	0	0	0	0	0	0	119	17	0	0	0	0	1	0	0
fsh-generated/resources/Library-HIVIND59Logic.json	1087	3	0	0	0	0	0	0	0	6	0	0	0	0	0	0	0	0	0	0	102	14	0	0	0	0	1	0	0
fsh-generated/resources/Library-HIVIND5Logic.json	1057	3	0	0	0	0	0	0	0	1	0	0	0	0	0	0	0	0	0	0	54	15	0	0	0	0	1	0	0
fsh-generated/resources/Library-HIVIND60Logic.json	1107	2	0	0	0	0	0	0	0	6	0	0	0	0	0	0	0	0	0	0	89	14	0	0	0	0	1	0	0
fsh-generated/resources/Library-HIVIND61Logic.json	1096	3	1	0	0	0	0	0	0	8	0	0	0	0	0	0	0	0	0	0	87	13	0	0	0	0	1	0	0
fsh-generated/resources/Library-HIVIND62Logic.json	1145	3	0	0	1	0	0	0	1	8	0	0	0	0	0	0	0	0	0	0	116	14	0	0	0	0	1	0	0
fsh-generated/resources/Library-HIVIND63Logic.json	1127	3	0	0	0	0	0	0	0	8	0	0	0	0	0	0	0	1	0	0	110	14	0	0	0	0	2	0	0
fsh-generated/resources/Library-HIVIND64Logic.json	1111	2	0	0	0	0	0	0	0	9	0	0	0	0	0	0	0	0	0	0	100	13	0	0	0	0	1	0	0
fsh-generated/resources/Library-HIVIND65Logic.json	1083	3	0	0	0	0	0	0	0	8	0	0	0	0	0	0	0	0	0	0	99	14	0	0	0	0	1	0	0
fsh-generated/resources/Library-HIVIND66Logic.json	1151	3	1	0	0	0	0	0	0	9	0	0	0	0	0	0	0	0	0	0	111	14	0	0	0	0	1	0	0
fsh-generated/resources/Library-HIVIND67Logic.json	1133	3	0	0	0	0	0	0	0	9	0	0	0	0	0	0	0	0	0	0	105	14	0	0	0	0	1	0	0
fsh-generated/resources/Library-HIVIND68Logic.json	1153	4	0	0	0	0	0	0	0	8	0	0	0	0	0	0	0	0	0	0	95	13	0	0	0	0	1	0	0
fsh-generated/resources/Library-HIVIND69Logic.json	1129	4	0	0	0	0	0	0	1	8	0	0	0	0	0	0	0	0	0	0	96	13	0	0	0	1	2	0	0
fsh-generated/resources/Library-HIVIND6Logic.json	1039	5	0	0	0	0	0	0	0	1	0	0	0	0	0	0	0	0	0	0	55	14	0	0	0	0	0	0	0
fsh-generated/resources/Library-HIVIND70Logic.json	1098	5	1	0	0	0	0	0	0	7	0	0	0	0	0	0	0	0	0	0	119	15	0	0	0	0	2	0	0
fsh-generated/resources/Library-HIVIND71Logic.json	1080	4	0	0	0	0	0	0	0	7	0	0	0	0	0	0	0	0	0	0	113	14	0	0	0	0	2	0	0
fsh-generated/resources/Library-HIVIND72Logic.json	1077	5	0	0	0	0	0	0	0	8	0	0	0	0	0	0	0	0	0	0	127	14	0	0	0	0	2	0	0
fsh-generated/resources/Library-HIVIND73Logic.json	1093	5	0	0	0	0	0	0	0	7	0	0	0	0	0	0	0	0	0	0	116	14	0	0	0	0	2	0	0
fsh-generated/resources/Library-HIVIND74Logic.json	1153	4	1	0	0	0	0	0	0	8	0	0	0	0	0	0	0	0	0	0	112	14	0	0	0	0	2	0	0
fsh-generated/resources/Library-HIVIND75Logic.json	1135	3	0	0	0	0	0	0	1	7	0	0	0	0	0	0	0	0	0	0	102	14	0	0	0	0	2	0	0
fsh-generated/resources/Library-HIVIND76Logic.json	1117	2	0	0	0	0	0	0	0	7	0	0	0	0	0	0	0	0	0	0	118	14	0	0	0	0	2	1	0
fsh-generated/resources/Library-HIVIND77Logic.json	1099	3	0	0	0	0	0	0	0	8	0	0	0	0	0	0	0	0	0	0	114	14	0	0	0	0	2	0	0
fsh-generated/resources/Library-HIVIND78Logic.json	1181	3	0	0	0	0	0	0	0	8	0	0	0	0	0	0	0	0	0	0	113	15	0	0	0	0	2	0	0
fsh-generated/resources/Library-HIVIND79Logic.json	1163	3	1	0	0	0	0	0	0	11	0	0	0	0	0	0	0	0	0	0	107	14	0	0	0	0	2	0	0
fsh-generated/resources/Library-HIVIND7Logic.json	1076	2	0	0	0	0	0	0	0	1	0	0	0	0	0	0	0	0	0	0	61	16	0	0	0	0	0	0	0
fsh-generated/resources/Library-HIVIND80Logic.json	1170	3	0	0	0	0	0	0	0	8	0	0	0	0	0	0	0	0	0	0	98	14	0	0	0	0	2	0	0
fsh-generated/resources/Library-HIVIND81Logic.json	1152	3	0	0	0	0	0	0	0	9	0	0	0	0	0	0	0	0	0	0	99	13	0	0	0	0	1	0	0
fsh-generated/resources/Library-HIVIND82Logic.json	1144	3	1	0	0	0	0	0	1	8	0	0	0	0	0	0	0	0	0	0	98	14	0	0	0	0	1	0	0
fsh-generated/resources/Library-HIVIND83Logic.json	1182	2	0	0	0	0	0	0	0	8	0	0	0	0	0	0	0	0	0	0	97	13	0	0	0	0	2	0	0
fsh-generated/resources/Library-HIVIND84Logic.json	1164	3	0	0	0	0	0	0	0	7	0	0	0	0	0	0	0	0	0	0	98	14	0	0	0	0	1	0	0
fsh-generated/resources/Library-HIVIND85Logic.json	1141	3	0	0	0	0	0	0	0	7	0	0	0	0	0	0	0	0	0	0	104	13	0	0	0	0	1	0	0
fsh-generated/resources/Library-HIVIND86Logic.json	1123	3	0	0	0	0	0	0	0	9	0	0	0	0	0	0	0	0	0	0	102	14	0	0	0	0	1	0	0
fsh-generated/resources/Library-HIVIND87Logic.json	1115	2	1	0	0	0	0	0	0	8	0	0	0	0	0	0	0	0	0	0	102	14	0	0	0	0	1	0	0
fsh-generated/resources/Library-HIVIND88Logic.json	1158	3	0	0	0	0	0	0	0	8	0	0	0	0	0	0	0	0	0	0	103	14	0	0	0	0	2	0	0
fsh-generated/resources/Library-HIVIND89Logic.json	1140	3	0	0	0	0	0	0	0	9	0	0	0	0	0	0	0	0	0	0	104	14	0	0	0	0	1	0	0
fsh-generated/resources/Library-HIVIND8Logic.json	1085	2	0	0	0	0	0	0	1	0	0	0	0	0	0	0	0	0	0	0	47	17	0	0	0	0	0	0	0
fsh-generated/resources/Library-HIVIND90Logic.json	1088	3	1	0	0	0	0	0	0	8	0	0	0	0	0	0	0	0	0	0	105	14	0	0	0	0	2	0	0
fsh-generated/resources/Library-HIVIND91Logic.json	1146	3	0	0	0	0	0	0	0	8	0	0	0	0	0	0	0	0	0	0	102	14	0	0	0	0	1	0	0
fsh-generated/resources/Library-HIVIND92Logic.json	1121	3	0	0	0	0	0	0	0	8	0	0	0	0	0	0	0	0	0	0	106	14	0	0	0	0	1	0	0
fsh-generated/resources/Library-HIVIND93Logic.json	1097	2	0	0	0	0	0	0	0	10	0	0	0	0	0	0	0	0	0	0	82	13	0	0	0	0	1	0	0
fsh-generated/resources/Library-HIVIND94Logic.json	1115	3	0	0	0	0	0	0	0	8	0	0	0	0	0	0	0	0	0	0	92	14	0	0	0	0	1	0	0
fsh-generated/resources/Library-HIVIND95Logic.json	1077	3	1	0	0	0	0	0	0	7	0	0	0	0	0	0	0	0	0	0	96	14	0	0	0	0	1	0	0
fsh-generated/resources/Library-HIVIND96Logic.json	1077	3	0	0	0	0	0	0	1	17	0	0	0	0	0	0	0	0	0	0	101	14	0	0	0	0	2	0	0
fsh-generated/resources/Library-HIVIND9Logic.json	1121	2	0	0	0	0	0	0	0	10	0	0	0	0	0	0	0	0	0	0	93	17	0	0	0	0	1	0	0
fsh-generated/resources/Library-HIVIndicatorElements.json	1090	3	0	0	0	0	0	0	0	13	0	0	0	0	0	0	0	0	0	0	1765	130	0	0	0	0	15	0	1
fsh-generated/resources/Library-WHOCommon.json	1034	3	1	0	0	0	0	0	0	4	0	0	0	0	0	0	0	0	0	0	858	37	0	0	0	0	19	0	0
fsh-generated/resources/Library-WHOConcepts.json	1046	3	0	0	0	0	0	0	0	25	0	0	0	0	0	0	0	0	0	0	60	20	0	0	0	0	1	0	0
fsh-generated/resources/Library-WHOElements.json	1046	3	0	0	0	0	0	0	0	8	0	0	0	0	0	0	0	0	0	0	66	20	0	0	0	0	1	0	0
fsh-generated/resources/Library-WHOEncounterElements.json	1090	3	1	0	0	0	0	0	0	9	0	0	0	0	0	0	0	0	0	0	57	19	0	0	0	0	1	0	0
fsh-generated/resources/Measure-HIVIND11.json	2878	2	0	0	0	0	0	0	0	8	0	0	0	0	0	0	0	0	0	0	22	21	0	0	0	0	0	0	0
fsh-generated/resources/Measure-HIVIND12.json	3052	3	0	0	0	0	0	0	0	6	0	0	0	0	0	0	0	0	0	0	25	16	0	0	0	0	1	0	0
fsh-generated/resources/Measure-HIVIND13.json	2958	3	0	0	0	0	0	0	1	6	0	0	0	0	0	0	0	0	0	0	29	12	0	0	0	0	0	0	0
fsh-generated/resources/Measure-HIVIND14.json	3091	5	0	0	0	0	0	0	0	5	0	0	0	0	0	0	0	0	0	0	28	16	0	0	0	0	0	0	0
fsh-generated/resources/Measure-HIVIND15.json	3555	3	0	0	0	0	0	0	0	6	0	0	0	0	0	0	0	0	0	0	25	12	0	0	0	0	0	0	0
fsh-generated/resources/Measure-HIVIND16.json	3082	3	0	0	0	0	0	0	0	5	0	0	0	0	0	0	0	0	0	0	23	12	0	0	0	0	0	0	0
fsh-generated/resources/Measure-HIVIND18.json	3536	3	1	0	0	0	0	0	0	6	0	0	0	0	0	0	0	0	0	0	24	13	0	0	0	0	1	0	0
fsh-generated/resources/Measure-HIVIND19.json	3115	3	0	0	0	0	0	0	0	6	0	0	0	0	0	0	0	0	0	0	24	16	0	0	0	0	0	0	0
fsh-generated/resources/Measure-HIVIND2.json	3501	3	0	0	0	0	0	0	0	5	0	0	0	0	0	0	0	0	0	0	24	12	0	0	0	0	0	0	0
fsh-generated/resources/Measure-HIVIND20.json	3006	3	0	0	0	0	0	0	1	6	0	0	0	0	0	0	0	0	0	0	23	12	0	0	0	0	0	0	0
fsh-generated/resources/Measure-HIVIND21.json	2956	3	0	0	0	0	0	0	0	5	0	0	0	0	0	0	0	0	0	0	23	13	0	0	0	0	0	0	0
fsh-generated/resources/Measure-HIVIND22.json	3542	2	0	0	0	0	0	0	0	5	0	0	0	0	0	0	0	0	0	0	23	15	0	0	0	0	0	0	0
fsh-generated/resources/Measure-HIVIND24.json	3366	3	1	0	0	0	0	0	0	5	0	0	0	0	0	0	0	0	0	0	25	17	0	0	0	0	1	0	0
fsh-generated/resources/Measure-HIVIND25.json	3351	3	0	0	0	0	0	0	0	5	0	0	0	0	0	0	0	0	0	0	24	12	0	0	0	0	0	0	0
fsh-generated/resources/Measure-HIVIND27.json	3539	3	0	0	0	0	0	0	0	4	0	0	0	0	0	0	0	0	0	0	25	12	0	0	0	0	0	0	0
fsh-generated/resources/Measure-HIVIND28.json	3405	3	0	0	0	0	0	0	0	5	0	0	0	0	0	0	0	0	0	0	25	12	0	0	0	0	0	0	0
fsh-generated/resources/Measure-HIVIND29.json	3439	2	0	0	0	0	0	0	1	5	0	0	0	0	0	0	0	0	0	0	25	12	0	0	0	0	0	0	0
fsh-generated/resources/Measure-HIVIND3.json	3594	3	0	0	0	0	0	0	0	6	0	0	0	0	0	0	0	0	0	0	26	12	0	0	0	0	0	0	0
fsh-generated/resources/Measure-HIVIND30.json	3479	3	0	0	0	0	0	0	0	5	0	0	0	0	0	0	0	0	0	0	25	12	0	0	0	0	0	0	0
fsh-generated/resources/Measure-HIVIND31.json	3059	3	1	0	0	0	0	0	0	5	0	0	0	0	0	0	0	0	0	0	25	12	0	0	0	0	1	0	0
fsh-generated/resources/Measure-HIVIND32.json	3019	3	0	0	0	0	0	0	0	5	0	0	0	0	0	0	0	0	0	0	24	12	0	0	0	0	0	0	0
fsh-generated/resources/Measure-HIVIND33.json	3252	2	0	0	0	0	0	0	0	5	0	0	0	0	0	0	0	0	0	0	25	11	0	0	0	0	0	0	0
fsh-generated/resources/Measure-HIVIND34.json	3172	3	0	0	0	0	0	0	0	5	0	0	0	0	0	0	0	0	0	0	25	12	0	0	0	0	0	0	0
fsh-generated/resources/Measure-HIVIND35.json	2964	3	0	0	0	0	0	0	1	5	0	0	0	0	0	0	0	0	0	0	23	12	0	0	0	0	0	0	0
fsh-generated/resources/Measure-HIVIND37.json	3043	3	0	0	0	0	0	0	0	5	0	0	0	0	0	0	0	1	0	0	24	12	0	0	0	0	0	0	0
fsh-generated/resources/Measure-HIVIND38.json	2990	2	1	0	0	0	0	0	0	4	0	0	0	0	0	0	0	0	0	0	24	11	0	0	0	0	1	0	0
fsh-generated/resources/Measure-HIVIND39.json	2953	4	0	0	0	0	0	0	0	5	0	0	0	0	0	0	0	0	0	0	24	12	0	0	0	0	0	0	0
fsh-generated/resources/Measure-HIVIND4.json	3468	3	0	0	0	0	0	0	0	4	0	0	0	0	0	0	0	0	0	0	25	12	0	0	0	0	0	0	0
fsh-generated/resources/Measure-HIVIND40.json	3087	2	0	0	0	0	0	0	0	5	0	0	0	0	0	0	0	0	0	0	25	12	0	0	0	0	0	0	0
fsh-generated/resources/Measure-HIVIND41.json	2919	3	0	0	0	0	0	0	0	4	0	0	0	0	0	0	0	0	0	0	24	12	0	0	0	0	0	0	0
fsh-generated/resources/Measure-HIVIND42.json	3370	3	0	0	0	0	0	0	0	5	0	0	0	0	0	0	0	0	0	0	25	11	0	0	0	0	0	0	0
fsh-generated/resources/Measure-HIVIND43.json	2991	3	1	0	0	0	0	0	0	5	0	0	0	0	0	0	0	0	0	0	23	12	0	0	0	0	1	0	0
fsh-generated/resources/Measure-HIVIND44.json	2981	2	0	0	0	0	0	0	0	5	0	0	0	0	0	0	0	0	0	0	23	12	0	0	0	0	0	0	0
fsh-generated/resources/Measure-HIVIND45.json	3042	3	0	0	0	0	0	0	0	5	0	0	0	0	0	0	0	0	0	0	23	12	0	0	0	0	0	0	1
fsh-generated/resources/Measure-HIVIND46.json	2977	3	0	0	0	0	0	0	0	5	0	0	0	0	0	0	0	0	0	0	23	13	0	0	0	0	0	0	0
fsh-generated/resources/Measure-HIVIND47.json	2997	3	0	0	0	0	0	0	0	4	0	0	0	0	0	0	0	0	0	0	22	12	0	0	0	0	0	0	0
fsh-generated/resources/Measure-HIVIND48.json	3000	2	0	0	0	0	0	0	0	5	0	0	0	0	0	0	0	0	0	0	23	13	0	0	0	0	0	0	0
fsh-generated/resources/Measure-HIVIND49.json	2894	3	1	0	0	0	0	0	0	5	0	0	0	0	0	0	0	0	0	0	23	12	0	0	0	0	0	0	0
fsh-generated/resources/Measure-HIVIND5.json	3487	3	0	0	0	0	0	0	0	5	0	0	0	0	0	0	0	0	0	0	23	13	0	0	0	0	1	0	0
fsh-generated/resources/Measure-HIVIND50.json	2941	3	0	0	0	0	0	0	0	4	0	0	0	0	0	0	0	0	0	0	23	12	0	0	0	0	0	0	0
fsh-generated/resources/Measure-HIVIND51.json	2933	2	0	0	0	0	0	0	1	6	0	0	0	0	0	0	0	0	0	0	22	13	0	0	0	0	0	0	0
fsh-generated/resources/Measure-HIVIND52.json	2895	3	0	0	0	0	0	0	0	4	0	0	0	0	0	0	0	0	0	0	23	12	0	0	0	0	0	0	0
fsh-generated/resources/Measure-HIVIND53.json	3229	3	0	0	0	0	0	0	0	5	0	0	0	0	0	0	0	0	0	0	25	13	0	0	0	0	0	0	0
fsh-generated/resources/Measure-HIVIND54.json	3037	3	1	0	0	0	0	0	0	5	0	0	0	0	0	0	0	0	0	0	23	12	0	0	0	0	0	0	0
fsh-generated/resources/Measure-HIVIND55.json	3175	2	0	0	0	0	0	0	0	5	0	0	0	0	0	0	0	0	0	0	24	12	0	0	0	0	1	0	0
fsh-generated/resources/Measure-HIVIND56.json	2923	3	0	0	0	0	0	0	0	5	0	0	0	0	0	0	0	0	0	0	22	12	0	0	0	0	0	0	0
fsh-generated/resources/Measure-HIVIND57.json	3118	3	0	0	0	0	0	0	0	5	0	0	0	0	0	0	0	0	0	0	24	12	0	0	0	0	0	0	0
fsh-generated/resources/Measure-HIVIND58.json	2851	3	0	0	0	0	0	0	0	5	0	0	0	0	0	0	0	0	0	0	21	12	0	0	0	0	0	0	0
fsh-generated/resources/Measure-HIVIND59.json	2828	3	0	0	0	0	0	0	1	5	0	0	0	0	0	0	0	0	0	0	29	12	0	0	0	0	0	0	0
fsh-generated/resources/Measure-HIVIND6.json	3014	3	1	0	0	0	0	0	0	5	0	0	0	0	0	0	0	0	0	0	23	12	0	0	0	0	0	0	0
fsh-generated/resources/Measure-HIVIND60.json	2835	2	0	0	0	0	0	0	0	5	0	0	0	0	0	0	0	0	0	0	22	12	0	0	0	0	0	0	0
fsh-generated/resources/Measure-HIVIND61.json	2796	3	0	0	0	0	0	0	0	5	0	0	0	0	0	0	0	0	0	0	29	11	0	0	0	0	1	0	0
fsh-generated/resources/Measure-HIVIND62.json	3024	3	0	0	0	0	0	0	0	4	0	0	0	0	0	0	0	0	0	0	23	12	0	0	0	0	0	0	0
fsh-generated/resources/Measure-HIVIND63.json	3037	3	0	0	0	0	0	0	0	5	0	0	0	0	0	0	0	0	0	0	23	11	0	0	0	0	0	0	0
fsh-generated/resources/Measure-HIVIND64.json	3033	2	1	0	0	0	0	0	0	5	0	0	0	0	0	0	0	0	0	0	25	12	0	0	0	0	0	0	0
fsh-generated/resources/Measure-HIVIND65.json	2963	3	0	0	0	0	0	0	0	5	0	0	0	0	0	0	0	0	0	0	23	12	0	0	0	0	0	0	0
fsh-generated/resources/Measure-HIVIND66.json	2991	3	1	1	0	0	0	0	1	4	0	0	0	0	0	0	0	0	0	0	24	12	0	0	0	0	0	0	0
fsh-generated/resources/Measure-HIVIND67.json	2934	2	0	0	0	0	0	0	0	5	0	0	0	0	0	0	0	0	0	0	26	12	0	0	0	0	0	0	0
fsh-generated/resources/Measure-HIVIND68.json	3005	3	0	0	0	0	0	0	0	5	0	0	0	0	0	0	0	0	0	0	23	11	0	0	0	0	1	0	0
fsh-generated/resources/Measure-HIVIND69.json	2923	3	0	0	0	0	0	0	0	5	0	0	0	0	0	0	0	0	0	0	24	12	0	0	0	0	0	0	0
fsh-generated/resources/Measure-HIVIND7.json	3100	3	0	0	0	0	0	0	0	5	0	0	0	0	0	0	0	0	0	0	26	12	0	0	0	0	0	0	0
fsh-generated/resources/Measure-HIVIND70.json	2869	2	0	0	0	0	0	0	0	4	0	0	0	0	0	0	0	0	0	0	24	12	0	0	0	0	0	0	0
fsh-generated/resources/Measure-HIVIND71.json	2899	3	1	0	0	0	0	0	0	5	0	0	0	0	0	0	0	0	0	0	24	12	0	0	0	0	0	0	0
fsh-generated/resources/Measure-HIVIND72.json	2907	3	0	0	0	0	0	0	0	4	0	0	0	0	0	0	0	0	0	0	23	12	0	0	0	0	0	0	0
fsh-generated/resources/Measure-HIVIND73.json	2932	2	0	0	0	0	0	0	0	5	0	0	0	0	0	0	0	0	0	0	26	12	0	0	0	0	0	0	0
fsh-generated/resources/Measure-HIVIND74.json	2999	3	0	0	0	0	0	0	1	4	0	0	0	0	0	0	0	0	0	0	31	13	0	0	0	0	1	0	0
fsh-generated/resources/Measure-HIVIND75.json	2942	3	0	0	0	0	0	0	0	5	0	0	0	0	0	0	0	0	0	0	24	12	0	0	0	0	0	0	0
fsh-generated/resources/Measure-HIVIND76.json	2890	3	1	0	0	0	0	0	0	5	0	0	0	0	0	0	0	0	0	0	23	12	0	0	0	0	0	0	0
fsh-generated/resources/Measure-HIVIND77.json	2875	3	0	0	0	0	0	0	0	4	0	0	0	0	0	0	0	0	0	0	22	13	0	0	0	0	0	0	0
fsh-generated/resources/Measure-HIVIND78.json	3014	2	0	0	0	0	0	0	0	5	0	0	1	0	0	0	0	0	0	0	24	12	0	0	0	0	0	0	0
fsh-generated/resources/Measure-HIVIND79.json	2957	3	0	0	0	0	0	0	0	4	0	0	0	0	0	0	0	0	0	0	23	12	0	0	0	0	0	0	0
fsh-generated/resources/Measure-HIVIND8.json	3089	3	0	0	0	0	0	0	0	5	0	0	0	0	0	0	0	0	0	0	24	13	0	0	0	0	0	0	0
fsh-generated/resources/Measure-HIVIND80.json	2905	2	1	0	0	0	0	0	0	5	0	0	0	0	0	0	0	0	0	0	23	11	0	0	0	0	1	0	0
fsh-generated/resources/Measure-HIVIND81.json	2890	3	0	0	0	0	0	0	1	5	0	0	0	0	0	0	0	0	0	0	24	13	0	0	0	0	0	0	0
fsh-generated/resources/Measure-HIVIND82.json	2841	3	0	0	0	0	0	0	0	5	0	0	0	0	0	0	0	0	0	0	23	12	0	0	0	0	0	0	1
fsh-generated/resources/Measure-HIVIND83.json	2959	3	0	0	0	0	0	0	0	5	0	0	0	0	0	0	0	0	0	0	23	12	0	0	0	0	0	0	0
fsh-generated/resources/Measure-HIVIND84.json	2944	2	0	0	0	0	0	0	0	5	0	0	0	0	0	0	0	0	0	0	22	12	0	0	0	0	0	0	0
fsh-generated/resources/Measure-HIVIND85.json	2914	3	1	0	0	0	0	0	0	4	0	0	0	0	0	0	0	0	0	0	23	12	0	0	0	0	0	0	0
fsh-generated/resources/Measure-HIVIND86.json	2848	3	0	0	0	0	0	0	0	5	0	0	0	0	0	0	0	0	0	0	22	12	0	0	0	0	1	0	0
fsh-generated/resources/Measure-HIVIND87.json	2818	2	0	0	0	0	0	0	0	4	0	0	0	0	0	0	0	0	0	0	22	12	0	0	0	1	0	0	0
fsh-generated/resources/Measure-HIVIND88.json	2939	3	0	0	0	0	0	0	0	5	0	0	0	0	0	0	0	0	0	0	22	11	0	0	0	0	0	0	0
fsh-generated/resources/Measure-HIVIND89.json	2932	3	0	0	0	0	0	0	0	4	0	0	0	0	0	0	0	0	0	0	23	11	0	0	0	0	0	0	0
fsh-generated/resources/Measure-HIVIND9.json	3158	3	1	0	0	0	0	0	1	5	0	0	0	0	0	0	0	0	0	0	25	12	0	0	0	0	0	0	0
fsh-generated/resources/Measure-HIVIND90.json	2867	2	0	0	0	0	0	0	0	4	0	0	0	0	0	0	0	0	0	0	66	12	0	0	0	0	1	0	0
fsh-generated/resources/Measure-HIVIND91.json	2878	3	0	0	0	0	0	0	0	5	0	0	0	0	0	0	0	0	0	0	23	12	0	0	0	0	0	0	0
fsh-generated/resources/Measure-HIVIND92.json	3045	3	0	0	0	0	0	0	0	4	0	0	0	0	0	0	0	0	0	0	23	12	0	0	0	0	0	0	0
fsh-generated/resources/Measure-HIVIND93.json	3323	2	0	0	0	0	0	0	0	5	0	0	0	0	0	0	0	0	0	0	22	13	0	0	0	0	1	0	0
fsh-generated/resources/Measure-HIVIND94.json	2951	3	1	0	0	0	0	0	0	4	0	0	0	0	0	0	0	0	0	0	23	12	0	0	0	0	0	0	0
fsh-generated/resources/Measure-HIVIND95.json	2817	3	0	0	0	0	0	0	0	5	0	0	0	0	0	0	0	0	0	0	21	12	0	0	0	0	0	0	0
fsh-generated/resources/Measure-HIVIND96.json	2858	3	0	0	0	0	0	0	0	4	0	0	0	0	0	0	0	0	0	0	23	12	0	0	0	0	0	0	0
fsh-generated/resources/PlanDefinition-HIVB2DT.json	1888	3	0	0	0	0	0	0	1	65	0	0	0	0	0	0	0	0	0	0	18	12	0	0	0	0	1	0	0
fsh-generated/resources/PlanDefinition-HIVB2DTDemo.json	1973	2	0	0	0	0	0	0	0	5	0	0	0	0	0	0	0	0	0	0	19	12	0	0	0	0	0	0	0
fsh-generated/resources/PlanDefinition-HIVB9DT.json	13172	3	0	0	0	0	0	0	0	4	0	0	0	0	0	0	0	0	0	0	36	14	0	0	0	0	1	0	0
fsh-generated/resources/Questionnaire-HIV.A2GatherClientDetails.json	1659	3	1	0	0	0	0	0	0	27	0	0	0	0	0	0	0	0	0	0	51	169	0	0	0	0	1	0	0
fsh-generated/resources/Questionnaire-HIV.A5CreateNewClientRecord.json	5933	3	0	0	0	0	0	0	1	20	0	0	0	0	0	0	0	0	0	0	139	292	0	0	0	0	2	0	0
fsh-generated/resources/Questionnaire-HIV.A6.1ReviewSociodemographicDataWithClient.json	5999	3	0	0	0	0	0	0	0	18	0	0	0	0	0	0	0	0	0	0	139	22	0	0	0	0	2	0	0
fsh-generated/resources/Questionnaire-HIV.B18ProvideVoluntaryPartnerAndFamilyServices.json	1001	3	0	0	0	0	0	0	0	11	0	0	0	0	0	0	0	0	0	0	40	58	0	0	0	0	1	0	0
fsh-generated/resources/Questionnaire-HIV.B1DetermineReasonForVisit.json	2650	3	0	0	0	0	0	0	0	12	0	0	0	0	0	0	0	0	0	0	66	298	0	0	0	0	1	0	0
fsh-generated/resources/Questionnaire-HIV.B20ScheduleRetest.json	1800	2	1	0	0	0	0	0	1	11	0	0	0	0	0	0	0	0	0	0	53	62	0	0	0	0	1	0	0
fsh-generated/resources/Questionnaire-HIV.B21OfferPreventionOptions.json	2459	3	0	0	0	0	0	0	0	13	0	0	0	0	0	0	0	0	0	0	66	149	0	0	0	0	1	0	0
fsh-generated/resources/Questionnaire-HIV.B23OfferSexualAndReproductiveHealthServices.json	9625	3	0	0	0	1	0	0	0	21	0	0	0	0	0	0	0	0	0	0	202	712	0	0	0	0	4	0	0
fsh-generated/resources/Questionnaire-HIV.B6CaptureOrUpdateClientHistory.json	6498	3	0	0	0	0	0	0	1	18	0	0	0	0	0	0	0	0	0	0	144	396	0	0	0	0	2	0	0
fsh-generated/resources/Questionnaire-HIV.B7TestForHivUsingTestingAlgorithm.json	5096	3	0	0	0	0	0	0	0	15	0	0	0	0	0	0	0	0	0	0	115	526	0	0	0	0	2	0	1
fsh-generated/resources/Questionnaire-HIV.B8ProvidePostTestCounselling.json	1790	3	1	0	0	0	0	0	0	7	0	0	0	0	0	0	0	0	0	0	52	124	0	0	0	0	0	0	0
fsh-generated/resources/Questionnaire-HIV.B9DetermineRecommendedServices.json	3916	2	0	0	0	0	0	0	1	7	0	0	0	0	0	0	0	0	0	0	90	250	0	0	0	0	2	0	0
fsh-generated/resources/Questionnaire-HIV.C10CounselOnRiskAndPrevention.json	3093	3	0	0	0	0	0	0	0	7	0	0	0	0	0	0	0	0	0	0	75	289	0	0	0	0	1	0	0
fsh-generated/resources/Questionnaire-HIV.C17DetermineRecommendedTests.json	952	3	0	0	0	0	0	0	0	5	0	0	0	0	0	0	0	0	0	0	35	56	0	0	0	0	1	0	0
fsh-generated/resources/Questionnaire-HIV.C1DetermineReasonForVisit.json	1121	2	0	0	0	0	0	0	0	5	0	0	0	0	0	0	0	0	0	0	39	57	0	0	0	0	0	0	0
fsh-generated/resources/Questionnaire-HIV.C21Diagnostics.json	1049	3	0	0	0	0	0	0	0	6	0	0	0	0	0	0	0	0	0	0	38	15	0	0	0	0	1	0	0
fsh-generated/resources/Questionnaire-HIV.C23PrescribeOrAdministerPrepOrPep.json	5925	3	1	0	0	0	0	0	0	9	0	0	0	0	0	0	0	0	0	0	134	333	0	0	0	0	2	0	0
fsh-generated/resources/Questionnaire-HIV.C24ScheduleFollowUp.json	1330	3	0	0	0	0	0	0	1	6	0	0	0	0	0	0	0	0	0	0	43	58	0	0	0	0	1	0	0
fsh-generated/resources/Questionnaire-HIV.C3CaptureOrUpdateClientHistory.json	5343	3	0	0	0	0	0	0	0	8	0	0	0	0	0	0	0	0	0	0	118	473	0	0	1	0	1	0	0
fsh-generated/resources/Questionnaire-HIV.C6PostTestPackageOfServices.json	923	2	0	0	0	0	0	0	0	5	0	0	0	0	0	0	0	0	0	0	35	16	0	0	0	0	0	0	0
fsh-generated/resources/Questionnaire-HIV.C8SuitableForPrepOrPep.json	1071	3	1	0	0	0	0	0	0	6	0	0	0	0	0	0	0	0	0	0	38	19	0	0	0	0	1	0	0
fsh-generated/resources/Questionnaire-HIV.D10CounselReturningClient.json	2743	3	0	0	0	0	0	0	0	11	0	0	0	0	0	0	0	0	0	0	70	121	0	0	0	0	1	0	0
fsh-generated/resources/Questionnaire-HIV.D12DetermineRecommendedScreeningsAndTests.json	5201	3	0	0	0	0	0	0	1	9	0	0	0	0	0	0	0	0	0	0	114	469	0	0	0	0	1	0	0
fsh-generated/resources/Questionnaire-HIV.D14PreventScreenAndManageComorbiditiesAndCoinfections.json	1771	2	0	0	0	0	0	0	0	6	0	0	0	0	0	0	0	0	0	0	51	61	0	0	0	0	1	0	0
fsh-generated/resources/Questionnaire-HIV.D15DetermineClinicalStageOfHiv.json	1708	3	0	0	0	0	0	0	0	7	0	0	0	0	0	0	0	0	0	0	49	158	0	0	0	0	0	0	0
fsh-generated/resources/Questionnaire-HIV.D16PerformOtherScreenings.json	3999	3	0	0	0	0	0	0	0	7	0	0	0	0	0	0	0	0	0	0	92	109	0	0	0	0	1	0	0
fsh-generated/resources/Questionnaire-HIV.D17CheckForSignsOfTreatmentFailure.json	961	2	1	0	0	0	0	0	0	6	0	0	0	0	0	0	0	0	0	0	35	78	0	0	0	0	1	0	0
fsh-generated/resources/Questionnaire-HIV.D19AssessForVaccinePreventableDiseases.json	3243	3	0	0	0	0	0	0	0	6	0	0	0	0	0	0	0	0	0	0	79	241	0	0	0	0	0	0	0
fsh-generated/resources/Questionnaire-HIV.D1DetermineReasonForVisit.json	1376	3	0	0	0	0	0	0	0	6	0	0	0	0	0	0	0	0	0	0	44	118	0	0	0	0	1	0	0
fsh-generated/resources/Questionnaire-HIV.D20Diagnostics.json	14315	3	0	0	0	0	0	0	2	16	0	0	0	0	0	0	0	0	0	0	302	737	0	0	0	0	4	0	0
fsh-generated/resources/Questionnaire-HIV.D21DetermineRegimenAndTreatmentOptions.json	9626	3	0	0	0	0	0	0	0	10	0	0	0	0	0	0	0	0	0	0	195	728	0	0	0	0	2	0	0
fsh-generated/resources/Questionnaire-HIV.D23Prescribe.json	5533	3	0	0	0	0	0	0	1	15	0	0	0	0	0	0	0	0	0	0	127	254	0	0	0	0	2	0	0
fsh-generated/resources/Questionnaire-HIV.D24Counsel.json	5477	3	0	0	0	0	0	0	0	15	0	0	0	0	0	0	0	0	0	0	123	110	0	0	0	0	1	0	0
fsh-generated/resources/Questionnaire-HIV.D25OfferVoluntaryPartnerAndFamilyServices.json	3188	2	1	0	0	0	0	0	0	13	0	0	0	0	0	0	0	1	0	0	79	62	0	0	0	0	1	0	0
fsh-generated/resources/Questionnaire-HIV.D26OfferSexualAndReproductiveHealthServices.json	9625	3	0	0	0	0	0	0	1	18	0	0	0	0	0	0	0	0	0	0	201	689	0	0	0	0	8	0	0
fsh-generated/resources/Questionnaire-HIV.D28OfferOtherServices.json	9273	4	0	0	0	0	0	0	0	18	0	0	0	0	0	0	0	0	0	0	191	719	0	0	0	0	2	0	1
fsh-generated/resources/Questionnaire-HIV.D29ScheduleFollowUp.json	1993	2	0	0	0	0	0	0	1	11	0	0	0	0	0	0	0	0	0	0	57	61	0	0	0	0	1	0	0
fsh-generated/resources/Questionnaire-HIV.D2TakeVitalSigns.json	2725	3	1	0	0	0	0	0	0	12	0	0	0	0	0	0	0	0	0	0	74	62	0	0	0	0	1	0	0
fsh-generated/resources/Questionnaire-HIV.D3CheckForSignsOfSeriousIllness.json	1178	3	0	0	0	0	0	0	0	10	0	0	0	0	0	0	0	0	0	0	40	56	0	0	0	0	0	0	0
fsh-generated/resources/Questionnaire-HIV.D4ScreenForTb.json	4481	3	0	0	0	0	0	0	0	14	0	0	0	0	0	0	0	0	0	0	104	305	0	0	0	0	1	0	0
fsh-generated/resources/Questionnaire-HIV.D8CaptureOrUpdateClientHistory.json	17472	3	0	0	0	0	0	0	1	30	0	0	0	0	0	0	0	0	0	0	354	1470	0	0	0	0	5	0	0
fsh-generated/resources/Questionnaire-HIV.E1CaptureOrUpdateMotherSHistory.json	16979	4	0	0	0	0	0	0	2	25	0	0	0	0	0	0	0	0	0	0	353	875	0	0	0	0	4	0	0
fsh-generated/resources/Questionnaire-HIV.E4TestMotherForHivUsingTestingAlgorithm.json	3659	3	0	0	0	0	0	0	0	10	0	0	0	0	0	0	0	0	0	0	90	419	0	0	0	0	1	0	0
fsh-generated/resources/Questionnaire-HIV.F12Prescribe.json	1771	5	1	0	0	0	0	0	0	6	0	0	0	0	0	0	0	0	0	0	54	16	0	0	0	0	1	0	0
fsh-generated/resources/Questionnaire-HIV.F16ImmediatelyStartInfantOnArt.json	905	3	0	0	0	0	0	0	0	6	0	0	0	0	0	0	0	0	0	0	36	13	0	0	0	0	0	0	0
fsh-generated/resources/Questionnaire-HIV.F20RecordInfantSChildSFinalHivDiagnosis.json	2202	3	0	0	0	0	0	0	0	10	0	0	0	0	0	0	0	0	0	0	57	158	0	0	0	0	1	0	0
fsh-generated/resources/Questionnaire-HIV.F2TakeVitalSigns.json	1038	2	1	0	0	0	0	0	0	6	0	0	0	0	0	0	0	0	0	0	39	15	0	0	0	0	0	0	0
fsh-generated/resources/Questionnaire-HIV.F3CaptureOrUpdateInfantSChildSHistory.json	4642	3	0	0	0	0	0	0	1	8	0	0	0	0	0	0	0	0	0	0	109	65	0	0	0	0	1	0	0
fsh-generated/resources/Questionnaire-HIV.F6CheckWhetherInfantChildHadHivExposure.json	1212	3	0	0	0	0	0	0	0	6	0	0	0	0	0	0	0	0	0	0	42	65	0	0	0	0	1	0	0
fsh-generated/resources/Questionnaire-HIV.F8TestInfantChildForHivUsingTestingAlgorithm.json	2414	3	0	0	0	0	0	0	0	6	0	0	0	0	0	0	0	0	0	0	63	262	0	0	0	0	0	0	0
fsh-generated/resources/Questionnaire-HIV.H1IdentifyClientForFollowUp.json	1143	2	0	0	0	0	0	0	0	5	0	0	0	0	0	0	0	0	0	0	39	62	0	0	0	0	1	0	0
fsh-generated/resources/Questionnaire-HIV.H2AttemptToLocateClient.json	1992	3	0	0	0	0	0	0	0	6	0	0	0	0	0	0	0	0	0	0	57	109	0	0	0	0	1	0	0
fsh-generated/resources/Questionnaire-HIV.H3RecordOutreachAndResult.json	4985	3	1	0	0	0	0	0	0	7	0	0	0	0	0	0	0	0	0	0	118	251	0	0	0	0	2	0	0
fsh-generated/resources/Questionnaire-HIV.HFollowingUpAndContactingClients.json	1164	3	0	0	0	0	0	0	1	5	0	0	0	0	0	0	0	0	0	0	39	62	0	0	0	0	1	0	0
fsh-generated/resources/Questionnaire-HIV.I1EmergencyReferral.json	854	2	0	0	0	0	0	0	0	5	0	0	0	0	0	0	0	0	0	0	35	15	0	0	0	0	0	0	0
fsh-generated/resources/Questionnaire-HIV.I6ProvideInformationToReferralFacility.json	3096	3	0	0	0	0	0	0	0	11	0	0	0	0	0	0	0	0	0	0	79	64	0	0	0	0	1	0	0
fsh-generated/resources/Requirements-HIV.A.Registration.json	5656	3	0	0	0	0	0	0	0	18	0	0	0	0	0	0	0	0	0	0	63	23	0	0	0	0	2	0	1
fsh-generated/resources/Requirements-HIV.B.HIVtestingservices.json	3453	3	0	0	0	0	0	0	0	13	0	0	0	0	0	0	0	0	0	0	42	18	0	0	0	0	0	0	0
fsh-generated/resources/Requirements-HIV.C.PrEPvisit.json	1472	3	1	0	0	0	0	0	0	10	0	0	0	0	0	0	0	1	0	0	25	17	0	0	0	0	1	0	0
fsh-generated/resources/Requirements-HIV.D.Careandtreatmentclinicalvisit.json	1723	2	0	0	0	0	0	0	0	10	0	0	0	0	0	0	0	0	0	0	28	16	0	0	0	0	0	0	0
fsh-generated/resources/Requirements-HIV.G.Diagnostics.json	349	3	0	0	0	0	0	0	0	9	0	0	0	0	0	0	0	0	0	0	15	16	0	0	0	0	0	0	0
fsh-generated/resources/Requirements-HIV.H.Followingupandcontactingclients.json	982	3	0	0	0	0	0	0	0	9	0	0	0	0	0	0	0	0	0	0	21	16	0	0	0	0	1	0	0
fsh-generated/resources/Requirements-HIV.I.Referral.json	1657	3	0	0	0	0	0	0	0	10	0	0	0	0	0	0	0	0	0	0	26	17	0	0	0	0	0	0	0
fsh-generated/resources/Requirements-HIV.J.Aggregatereportinganddatause.json	986	2	0	0	0	0	0	0	0	8	0	0	0	0	0	0	0	0	0	0	22	16	0	0	0	0	0	0	0
fsh-generated/resources/Requirements-HIVNonFunctionalRequirements.json	11719	3	1	0	0	0	0	0	1	25	0	0	0	0	0	0	0	0	0	0	129	22	0	0	0	0	3	0	1
fsh-generated/resources/StructureDefinition-HIVARegistration.json	18099	4	0	0	0	0	0	12	0	35	0	0	0	0	0	0	0	0	0	0	221	948	0	0	0	0	4	0	0
fsh-generated/resources/StructureDefinition-HIVBHTSvisit.json	74331	6	0	0	0	0	0	64	0	50	0	0	0	0	0	0	0	1	0	0	847	1204	0	0	0	0	16	0	1
fsh-generated/resources/StructureDefinition-HIVCPrEPvisit.json	40522	5	0	0	0	0	0	59	0	41	0	0	1	0	0	0	0	1	0	0	466	437	0	0	0	0	7	0	1
fsh-generated/resources/StructureDefinition-HIVConfiguration.json	13929	4	0	0	0	0	0	45	0	11	0	0	0	0	0	0	0	0	0	0	169	178	0	0	0	0	3	0	0
fsh-generated/resources/StructureDefinition-HIVDCareTreatment.json	198974	11	0	0	0	0	0	137	0	181	0	0	1	0	0	0	0	3	0	0	2227	1422	0	0	1	0	36	1	3
fsh-generated/resources/StructureDefinition-HIVDHIVTB.json	23459	4	0	0	0	0	0	48	0	30	0	0	0	0	0	0	0	0	0	0	278	204	0	0	0	0	4	0	0
fsh-generated/resources/StructureDefinition-HIVEPMTCT.json	77678	7	1	0	0	0	0	74	0	48	0	0	0	0	0	0	0	1	0	0	885	528	0	0	0	0	16	0	2
fsh-generated/resources/StructureDefinition-HIVGDiagnostics.json	23950	3	0	0	0	0	0	51	0	19	0	0	1	0	0	0	0	0	0	0	287	209	0	0	1	0	5	0	0
fsh-generated/resources/StructureDefinition-HIVHFollowup.json	18238	4	0	0	0	0	0	47	0	13	0	0	0	0	0	0	0	1	0	0	221	168	0	0	0	0	4	0	0
fsh-generated/resources/StructureDefinition-HIVIReferral.json	8164	3	0	0	0	0	0	44	0	8	0	0	0	0	0	0	0	0	0	0	109	108	0	0	0	0	1	0	0
fsh-generated/resources/StructureDefinition-HIVPrevention.json	12325	3	0	0	0	0	0	46	0	17	0	0	0	0	0	0	0	0	0	0	153	136	0	0	0	0	2	0	1
fsh-generated/resources/StructureDefinition-HIVSurveillance.json	1382	3	0	0	0	0	0	40	0	6	0	0	0	0	0	0	0	0	0	0	31	72	0	0	0	0	0	0	0
fsh-generated/resources/ValueSet-HIV.A.DE13.json	569	3	1	0	0	0	0	0	0	67	0	0	0	0	0	0	0	0	0	0	14	5677	0	0	0	0	1	0	0
fsh-generated/resources/ValueSet-HIV.A.DE18.json	1178	2	0	0	0	0	0	0	0	20	0	0	0	0	0	0	0	0	0	0	16	64	0	0	0	0	0	0	0
fsh-generated/resources/ValueSet-HIV.A.DE25.json	986	3	0	0	0	0	0	0	0	6	0	0	0	0	0	0	0	0	0	0	17	50	0	0	0	0	0	0	0
fsh-generated/resources/ValueSet-HIV.A.DE30.json	1774	3	0	0	0	0	0	0	0	7	0	0	0	0	0	0	0	0	0	0	20	71	0	0	0	0	0	0	0
fsh-generated/resources/ValueSet-HIV.A.DE43.json	890	2	0	0	0	0	0	0	0	4	0	0	0	0	0	0	0	0	0	0	15	48	0	0	0	0	0	0	0
fsh-generated/resources/ValueSet-HIV.A.DE46.json	968	3	0	0	0	0	0	0	0	5	0	0	0	0	0	0	0	0	0	0	15	52	0	0	0	0	1	0	0
fsh-generated/resources/ValueSet-HIV.A.DE5.json	898	3	1	0	0	0	0	0	0	5	0	0	0	0	0	0	0	0	0	0	16	53	0	0	0	0	0	0	0
fsh-generated/resources/ValueSet-HIV.B.DE1.json	1042	2	0	0	0	0	0	0	0	5	0	0	0	0	0	0	0	0	0	0	16	43	0	0	0	0	0	0	0
fsh-generated/resources/ValueSet-HIV.B.DE102.json	1049	3	0	0	0	0	0	0	0	6	0	0	0	0	0	0	0	0	0	0	16	41	0	0	0	0	0	0	0
fsh-generated/resources/ValueSet-HIV.B.DE106.json	1067	2	1	0	1	0	0	0	0	5	0	0	0	0	0	0	0	0	0	0	17	52	0	0	0	0	0	0	0
fsh-generated/resources/ValueSet-HIV.B.DE111.json	1058	3	0	0	0	0	0	0	0	5	0	0	0	0	0	0	0	0	0	0	16	42	0	0	0	0	0	0	0
fsh-generated/resources/ValueSet-HIV.B.DE115.json	1108	3	0	0	0	0	0	0	1	5	0	0	0	0	0	0	0	0	0	0	17	40	0	0	0	0	0	0	0
fsh-generated/resources/ValueSet-HIV.B.DE120.json	627	2	0	0	0	0	0	0	0	4	0	0	0	0	0	0	0	0	0	0	14	42	0	0	0	0	0	0	0
fsh-generated/resources/ValueSet-HIV.B.DE121.json	1499	3	0	0	0	0	0	0	0	6	0	0	0	0	0	0	0	0	0	0	20	47	0	0	0	0	1	0	0
fsh-generated/resources/ValueSet-HIV.B.DE132.json	1045	3	1	0	0	0	0	0	0	6	0	0	0	0	0	0	0	0	0	0	18	53	0	0	0	0	0	0	0
fsh-generated/resources/ValueSet-HIV.B.DE136.json	1100	2	0	0	0	0	0	0	0	5	0	0	0	0	0	0	0	0	0	0	16	38	0	0	0	0	0	0	0
fsh-generated/resources/ValueSet-HIV.B.DE142.json	1518	3	0	0	0	0	0	0	0	9	0	0	0	0	0	0	0	0	0	0	20	41	0	0	0	1	0	0	0
fsh-generated/resources/ValueSet-HIV.B.DE149.json	2002	2	0	0	0	0	0	0	0	10	0	0	0	0	0	0	0	0	0	0	24	47	0	0	0	0	0	0	0
fsh-generated/resources/ValueSet-HIV.B.DE15.json	974	3	0	0	0	0	0	0	0	8	0	0	0	0	0	0	0	0	0	0	16	42	0	0	0	0	0	0	0
fsh-generated/resources/ValueSet-HIV.B.DE158.json	1551	3	1	0	0	0	0	0	0	6	0	0	0	0	0	0	0	0	0	0	19	46	0	0	0	0	1	0	0
fsh-generated/resources/ValueSet-HIV.B.DE165.json	1700	2	0	0	0	0	0	0	0	5	0	0	0	0	0	0	0	0	0	0	21	42	0	0	0	0	0	0	0
fsh-generated/resources/ValueSet-HIV.B.DE172.json	1382	3	0	0	0	0	0	0	0	9	0	0	0	0	0	0	0	0	0	0	18	41	0	0	0	0	0	0	0
fsh-generated/resources/ValueSet-HIV.B.DE179.json	1229	3	0	0	0	0	0	0	0	7	0	0	0	0	0	0	0	0	0	0	18	39	0	0	0	0	0	0	0
fsh-generated/resources/ValueSet-HIV.B.DE18.json	1205	2	0	0	0	0	0	0	0	6	0	0	0	0	0	0	0	0	0	0	17	39	0	0	0	0	0	0	0
fsh-generated/resources/ValueSet-HIV.B.DE191.json	954	3	1	0	0	0	0	0	0	6	0	0	0	0	0	0	0	0	0	0	17	33	0	0	0	0	0	0	0
fsh-generated/resources/ValueSet-HIV.B.DE201.json	643	2	0	0	0	0	0	0	0	4	0	0	0	0	0	0	0	0	0	0	13	36	0	0	0	0	1	0	0
fsh-generated/resources/ValueSet-HIV.B.DE204.json	965	3	0	0	0	0	0	0	0	5	0	0	0	0	0	0	0	0	0	0	17	34	0	0	0	0	0	0	0
fsh-generated/resources/ValueSet-HIV.B.DE207.json	2333	3	0	0	0	0	0	0	1	6	0	0	0	0	0	0	0	0	0	0	23	65	0	0	0	0	0	0	0
fsh-generated/resources/ValueSet-HIV.B.DE22.json	1503	2	0	0	0	0	0	0	0	5	0	0	0	0	0	0	0	0	0	0	19	39	0	0	0	0	0	0	0
fsh-generated/resources/ValueSet-HIV.B.DE226.json	1493	3	2	0	0	0	0	0	0	6	0	0	0	0	0	0	0	0	0	0	19	44	0	0	0	0	0	0	0
fsh-generated/resources/ValueSet-HIV.B.DE237.json	1767	2	0	0	0	0	0	0	0	5	0	0	0	0	0	0	0	0	0	0	21	43	0	0	0	0	0	0	0
fsh-generated/resources/ValueSet-HIV.B.DE250.json	1012	3	1	0	0	0	0	0	0	5	0	0	0	0	0	0	0	0	0	0	16	37	0	0	0	0	1	0	0
fsh-generated/resources/ValueSet-HIV.B.DE256.json	1016	3	0	0	0	0	0	0	0	8	0	0	0	0	0	0	0	0	0	0	15	33	0	0	0	0	0	0	0
fsh-generated/resources/ValueSet-HIV.B.DE261.json	1318	2	0	0	0	0	0	0	0	9	0	0	0	0	0	0	0	0	0	0	18	38	0	0	0	0	0	0	0
fsh-generated/resources/ValueSet-HIV.B.DE269.json	1232	3	0	0	0	0	0	0	0	7	0	0	0	0	0	0	0	0	0	0	17	37	0	0	0	0	0	0	0
fsh-generated/resources/ValueSet-HIV.B.DE276.json	1230	3	0	0	0	0	0	0	0	5	0	0	0	0	0	0	0	0	0	0	17	36	0	0	0	0	0	0	0
fsh-generated/resources/ValueSet-HIV.B.DE284.json	1321	2	1	0	0	0	0	0	0	5	0	0	0	0	0	0	0	0	0	0	18	40	0	0	0	0	0	0	0
fsh-generated/resources/ValueSet-HIV.B.DE293.json	1230	3	0	0	0	0	0	0	0	6	0	0	0	0	0	0	0	0	0	0	17	40	0	0	0	0	0	0	0
fsh-generated/resources/ValueSet-HIV.B.DE301.json	1056	3	1	0	0	0	0	0	0	5	0	0	0	0	0	0	0	0	0	0	15	40	0	0	0	0	1	0	0
fsh-generated/resources/ValueSet-HIV.B.DE306.json	1043	2	1	0	0	0	0	0	0	5	0	0	0	0	0	0	0	0	0	0	18	36	0	0	0	0	0	0	0
fsh-generated/resources/ValueSet-HIV.B.DE312.json	1002	3	0	0	0	0	0	0	1	5	0	0	0	0	0	0	0	0	0	0	17	35	0	0	0	0	0	0	0
fsh-generated/resources/ValueSet-HIV.B.DE317.json	1230	3	0	0	0	0	0	0	0	6	0	0	0	0	0	0	0	0	0	0	17	37	0	0	0	0	0	0	0
fsh-generated/resources/ValueSet-HIV.B.DE325.json	1028	2	0	0	0	0	0	0	0	5	0	0	0	0	0	0	0	0	0	0	16	36	0	0	0	0	0	0	0
fsh-generated/resources/ValueSet-HIV.B.DE33.json	1032	3	0	0	0	0	0	0	0	6	0	0	0	0	0	0	0	0	0	0	16	44	0	0	0	0	0	0	0
fsh-generated/resources/ValueSet-HIV.B.DE37.json	1357	3	1	0	0	0	0	0	0	5	0	0	0	0	0	0	0	0	0	0	17	37	0	0	0	0	0	0	0
fsh-generated/resources/ValueSet-HIV.B.DE44.json	579	3	0	0	0	0	0	0	0	4	0	0	0	0	0	0	0	0	0	0	15	29	0	0	0	0	1	0	0
fsh-generated/resources/ValueSet-HIV.B.DE5.json	1100	2	0	0	0	0	0	0	0	7	0	0	0	0	0	0	0	0	0	0	16	39	0	0	0	0	0	0	0
fsh-generated/resources/ValueSet-HIV.B.DE50.json	1325	3	0	0	0	0	0	0	0	8	0	0	0	0	0	0	0	0	0	0	17	47	0	0	0	0	0	0	0
fsh-generated/resources/ValueSet-HIV.B.DE61.json	1060	3	0	0	0	0	0	0	0	5	0	0	0	0	0	0	0	0	0	0	17	51	0	0	0	0	0	0	0
fsh-generated/resources/ValueSet-HIV.B.DE66.json	607	2	0	0	0	0	0	0	0	5	0	0	0	0	0	0	0	0	0	0	13	35	0	0	0	0	0	0	0
fsh-generated/resources/ValueSet-HIV.B.DE68.json	895	3	1	0	0	0	0	0	0	5	0	0	0	0	0	0	0	0	0	0	15	36	0	0	0	0	0	0	0
fsh-generated/resources/ValueSet-HIV.B.DE74.json	1205	2	0	0	0	0	0	0	0	5	0	0	0	0	0	0	0	0	0	0	18	42	0	0	0	0	0	0	0
fsh-generated/resources/ValueSet-HIV.B.DE8.json	1227	3	0	0	0	0	0	0	0	6	0	0	0	0	0	0	0	0	0	0	18	36	0	0	0	0	0	0	0
fsh-generated/resources/ValueSet-HIV.B.DE81.json	1264	3	0	0	0	0	0	0	0	6	0	0	0	0	0	0	0	0	0	0	18	38	0	0	0	0	1	0	0
fsh-generated/resources/ValueSet-HIV.B.DE88.json	614	2	0	0	0	0	0	0	0	4	0	0	0	0	0	0	0	0	0	0	14	28	0	0	0	0	0	0	0
fsh-generated/resources/ValueSet-HIV.B.DE94.json	1043	3	1	0	0	0	0	0	0	6	0	0	0	0	0	0	0	1	0	0	17	34	0	0	0	0	0	0	0
fsh-generated/resources/ValueSet-HIV.B.DE98.json	1046	2	0	0	0	0	0	0	0	5	0	0	0	0	0	0	0	0	0	0	18	35	0	0	0	0	0	0	0
fsh-generated/resources/ValueSet-HIV.C.DE1.json	1290	3	0	0	0	0	0	0	1	5	0	0	0	0	0	0	0	0	0	0	18	37	0	0	0	0	0	0	0
fsh-generated/resources/ValueSet-HIV.C.DE101.json	1099	3	0	0	0	0	0	0	0	6	0	0	0	0	0	0	0	0	0	0	16	38	0	0	0	0	0	0	0
fsh-generated/resources/ValueSet-HIV.C.DE107.json	1222	2	1	0	0	0	0	0	0	5	0	0	0	0	0	0	0	0	0	0	16	34	0	0	0	0	0	0	0
fsh-generated/resources/ValueSet-HIV.C.DE11.json	1088	3	0	0	0	0	0	0	0	5	0	0	0	0	0	0	0	0	0	0	16	37	0	0	0	0	1	0	0
fsh-generated/resources/ValueSet-HIV.C.DE112.json	1526	2	0	0	0	0	0	0	0	6	0	0	0	0	0	0	0	0	0	0	19	43	0	0	0	0	0	0	0
fsh-generated/resources/ValueSet-HIV.C.DE122.json	600	3	0	0	0	0	0	0	0	5	0	0	0	0	0	0	0	0	0	0	13	31	0	0	0	0	0	0	0
fsh-generated/resources/ValueSet-HIV.C.DE125.json	1070	3	0	0	0	0	0	0	0	13	0	0	0	0	0	0	0	0	0	0	16	36	0	0	0	0	0	0	0
fsh-generated/resources/ValueSet-HIV.C.DE131.json	1311	2	1	0	0	0	0	0	0	8	0	0	0	0	0	0	0	0	0	0	18	38	0	0	0	0	0	0	1
fsh-generated/resources/ValueSet-HIV.C.DE138.json	921	3	0	0	0	0	0	0	0	6	0	0	0	0	0	0	0	0	0	0	15	47	0	0	0	0	0	0	0
fsh-generated/resources/ValueSet-HIV.C.DE143.json	1310	3	0	0	0	0	0	0	0	7	0	0	0	0	0	0	0	0	0	0	17	39	0	0	0	0	0	0	0
fsh-generated/resources/ValueSet-HIV.C.DE149.json	1512	2	0	0	0	0	0	0	0	6	0	0	0	0	0	0	0	0	0	0	19	45	0	0	0	0	1	0	0
fsh-generated/resources/ValueSet-HIV.C.DE157.json	1679	3	0	0	0	0	0	0	0	6	0	0	0	0	0	0	0	0	0	0	20	48	0	0	0	0	0	0	0
fsh-generated/resources/ValueSet-HIV.C.DE164.json	1382	2	1	0	0	0	0	0	0	5	0	0	0	0	0	0	0	0	0	0	19	38	0	0	0	0	0	0	0
fsh-generated/resources/ValueSet-HIV.C.DE17.json	1330	3	0	0	0	0	0	0	0	6	0	0	0	0	0	0	0	0	0	0	18	40	0	0	0	0	0	0	0
fsh-generated/resources/ValueSet-HIV.C.DE24.json	1069	3	0	0	0	0	0	0	0	7	0	0	0	0	0	0	0	0	0	0	16	37	0	0	0	0	0	0	0
fsh-generated/resources/ValueSet-HIV.C.DE31.json	966	2	0	0	0	0	0	0	0	5	0	0	0	0	0	0	0	0	0	0	16	35	0	0	0	0	0	0	0
fsh-generated/resources/ValueSet-HIV.C.DE36.json	1308	3	0	0	0	0	0	0	1	5	0	0	0	0	0	0	0	0	0	0	19	38	0	0	0	0	1	0	0
fsh-generated/resources/ValueSet-HIV.C.DE41.json	1290	2	1	0	0	0	0	0	0	5	0	0	0	0	0	0	0	0	0	0	17	36	0	0	0	0	0	0	0
fsh-generated/resources/ValueSet-HIV.C.DE46.json	1500	2	0	0	0	0	0	0	0	6	0	0	0	0	0	0	0	0	0	0	19	40	0	0	0	0	0	0	0
fsh-generated/resources/ValueSet-HIV.C.DE55.json	1395	3	0	0	0	0	0	0	0	5	0	0	0	0	0	0	0	0	0	0	19	39	0	0	0	0	0	0	0
fsh-generated/resources/ValueSet-HIV.C.DE63.json	1570	2	0	0	0	0	0	0	0	5	0	0	0	0	0	0	0	0	0	0	20	50	0	0	0	0	0	0	0
fsh-generated/resources/ValueSet-HIV.C.DE75.json	1042	3	0	0	0	0	0	0	0	6	0	0	0	0	0	0	0	0	0	0	17	45	0	0	0	0	0	0	0
fsh-generated/resources/ValueSet-HIV.C.DE80.json	1133	3	1	0	0	0	0	0	0	5	0	0	0	0	0	0	0	0	0	0	16	34	0	0	0	0	1	0	0
fsh-generated/resources/ValueSet-HIV.C.DE91.json	1024	2	0	0	0	0	0	0	0	5	0	0	0	0	0	0	0	0	0	0	18	34	0	0	0	0	0	0	0
fsh-generated/resources/ValueSet-HIV.C.DE95.json	1028	3	0	0	0	0	0	0	0	5	0	0	0	0	0	0	0	0	0	0	17	35	0	0	0	0	0	0	0
fsh-generated/resources/ValueSet-HIV.C.DE99.json	819	2	0	0	0	0	0	0	0	5	0	0	0	0	0	0	0	0	0	0	15	33	0	0	0	0	0	0	0
fsh-generated/resources/ValueSet-HIV.Config.DE12.json	1176	3	0	0	0	0	0	0	0	5	0	0	0	0	0	0	0	0	0	0	18	37	0	0	0	0	0	0	0
fsh-generated/resources/ValueSet-HIV.Config.DE19.json	663	3	1	0	0	0	0	0	0	4	0	0	0	0	0	0	0	0	0	0	14	37	0	0	0	0	0	0	0
fsh-generated/resources/ValueSet-HIV.D.DE1.json	1449	2	0	0	0	0	0	0	0	6	0	0	0	0	0	0	0	0	0	0	19	41	0	0	0	0	0	0	0
fsh-generated/resources/ValueSet-HIV.D.DE1002.json	1340	3	0	0	0	0	0	0	0	6	0	0	0	0	0	0	0	0	0	0	20	54	0	0	0	0	1	0	0
fsh-generated/resources/ValueSet-HIV.D.DE1010.json	1344	3	0	0	0	0	0	0	0	9	0	0	0	0	0	0	0	0	0	0	18	45	0	0	0	0	0	0	0
fsh-generated/resources/ValueSet-HIV.D.DE1019.json	1048	2	1	0	0	0	0	0	0	6	0	0	0	0	0	0	0	0	0	0	16	35	0	0	0	0	0	0	0
fsh-generated/resources/ValueSet-HIV.D.DE1028.json	1264	3	0	0	0	0	0	0	1	7	0	0	0	0	0	0	0	0	0	0	18	37	0	0	0	0	0	0	0
fsh-generated/resources/ValueSet-HIV.D.DE1034.json	1274	3	0	0	0	0	0	0	0	5	0	0	0	0	0	0	0	0	0	0	18	47	0	0	0	0	0	0	0
fsh-generated/resources/ValueSet-HIV.D.DE128.json	2271	3	0	0	0	0	0	0	0	7	0	0	0	0	0	0	0	0	0	0	25	53	0	0	0	0	0	0	0
fsh-generated/resources/ValueSet-HIV.D.DE146.json	1187	2	0	0	0	0	0	0	0	6	0	0	0	0	0	0	0	0	0	0	21	39	0	0	0	0	1	0	0
fsh-generated/resources/ValueSet-HIV.D.DE152.json	1173	3	1	0	0	0	0	0	0	7	0	0	0	0	0	0	0	0	0	0	21	35	0	0	0	0	0	0	0
fsh-generated/resources/ValueSet-HIV.D.DE156.json	1254	3	0	0	0	0	0	0	0	6	0	0	0	0	0	0	0	0	0	0	21	38	0	0	0	0	0	0	0
fsh-generated/resources/ValueSet-HIV.D.DE162.json	1022	3	0	0	0	0	0	0	0	5	0	0	0	0	0	0	0	0	0	0	17	35	0	0	0	0	0	0	0
fsh-generated/resources/ValueSet-HIV.D.DE168.json	601	2	0	0	0	0	0	0	0	5	0	0	0	0	0	0	0	0	0	0	14	28	0	0	0	0	0	0	0
fsh-generated/resources/ValueSet-HIV.D.DE17.json	2009	3	0	0	0	0	0	0	0	5	0	0	0	0	0	0	0	0	0	0	22	44	0	0	0	0	0	0	0
fsh-generated/resources/ValueSet-HIV.D.DE170.json	1056	2	0	0	0	0	0	0	0	5	0	0	0	0	0	0	0	0	0	0	16	34	0	0	0	0	1	0	0
fsh-generated/resources/ValueSet-HIV.D.DE177.json	601	3	1	0	0	0	0	0	0	5	0	0	0	0	0	0	0	0	0	0	13	29	0	0	0	0	0	0	0
fsh-generated/resources/ValueSet-HIV.D.DE179.json	947	3	0	0	0	0	0	0	0	5	0	0	0	0	0	0	0	0	0	0	16	34	0	0	0	0	0	0	0
fsh-generated/resources/ValueSet-HIV.D.DE182.json	941	2	0	0	0	0	0	0	0	4	0	0	0	0	0	0	0	0	0	0	16	33	0	0	0	0	0	0	0
fsh-generated/resources/ValueSet-HIV.D.DE186.json	1432	3	0	0	0	0	0	0	0	5	0	0	0	0	0	0	0	0	0	0	18	36	0	0	0	0	0	0	0
fsh-generated/resources/ValueSet-HIV.D.DE197.json	2553	2	0	0	0	0	0	0	1	6	0	0	0	0	0	0	0	0	0	0	26	55	0	0	0	0	0	0	0
fsh-generated/resources/ValueSet-HIV.D.DE217.json	1406	3	0	0	0	0	0	0	0	5	0	0	0	0	0	0	0	0	0	0	19	39	0	0	0	0	1	0	0
fsh-generated/resources/ValueSet-HIV.D.DE225.json	1033	3	1	0	0	0	0	0	0	6	0	0	0	0	0	0	0	0	0	0	17	34	0	0	0	0	0	0	0
fsh-generated/resources/ValueSet-HIV.D.DE229.json	2872	2	0	0	0	0	0	0	0	6	0	0	0	0	0	0	0	0	0	0	27	51	0	0	0	0	0	0	0
fsh-generated/resources/ValueSet-HIV.D.DE247.json	2141	3	0	0	0	0	0	0	0	5	0	0	0	0	0	0	0	0	0	0	23	47	0	0	0	0	0	0	0
fsh-generated/resources/ValueSet-HIV.D.DE259.json	3721	3	0	0	0	0	0	0	0	8	0	0	0	0	0	0	0	0	0	0	35	66	0	0	0	0	1	0	0
fsh-generated/resources/ValueSet-HIV.D.DE289.json	9483	3	1	0	0	0	0	0	1	16	0	0	0	0	0	0	0	0	0	0	73	127	0	0	0	0	1	0	0
fsh-generated/resources/ValueSet-HIV.D.DE358.json	1207	2	0	0	0	0	0	0	0	6	0	0	0	0	0	0	0	0	0	0	17	37	0	0	0	0	0	0	0
fsh-generated/resources/ValueSet-HIV.D.DE370.json	1980	3	0	0	0	0	0	0	0	6	0	0	0	0	0	0	0	0	0	0	23	44	0	0	0	0	0	0	0
fsh-generated/resources/ValueSet-HIV.D.DE383.json	1098	3	0	0	0	0	0	0	0	5	0	0	0	0	0	0	0	0	0	0	17	38	0	0	0	0	0	0	0
fsh-generated/resources/ValueSet-HIV.D.DE391.json	1341	2	0	0	0	0	0	0	0	5	0	0	0	0	0	0	0	0	0	0	18	56	0	0	0	0	0	0	0
fsh-generated/resources/ValueSet-HIV.D.DE399.json	2199	3	1	0	0	0	0	0	0	6	0	0	0	0	0	0	0	0	0	0	23	66	0	0	0	0	1	0	0
fsh-generated/resources/ValueSet-HIV.D.DE418.json	1527	3	0	0	0	0	0	0	0	5	0	0	0	0	0	0	0	0	0	0	19	57	0	0	0	0	0	0	0
fsh-generated/resources/ValueSet-HIV.D.DE43.json	950	2	0	0	0	0	0	0	0	5	0	0	0	0	0	0	0	0	0	0	15	47	0	0	0	0	0	0	0
fsh-generated/resources/ValueSet-HIV.D.DE430.json	1184	3	0	0	0	0	0	0	0	4	0	0	0	0	0	0	0	0	0	0	18	36	0	0	0	0	0	0	0
fsh-generated/resources/ValueSet-HIV.D.DE444.json	575	3	0	0	0	0	0	0	0	5	0	0	0	0	0	0	0	0	0	0	13	31	0	0	0	0	0	0	0
fsh-generated/resources/ValueSet-HIV.D.DE446.json	971	2	0	0	0	0	0	0	0	4	0	0	0	0	0	0	0	0	0	0	16	33	0	0	0	0	0	0	0
fsh-generated/resources/ValueSet-HIV.D.DE449.json	1232	3	1	0	0	0	0	0	0	5	0	0	0	0	0	0	0	0	0	0	16	36	0	0	0	0	1	0	0
fsh-generated/resources/ValueSet-HIV.D.DE457.json	618	2	0	0	0	0	0	0	0	5	0	0	0	0	0	0	0	0	0	0	15	29	0	0	0	0	0	0	0
fsh-generated/resources/ValueSet-HIV.D.DE461.json	627	3	0	0	0	0	0	0	0	4	0	0	0	0	0	0	0	0	0	0	13	28	0	0	0	0	0	0	0
fsh-generated/resources/ValueSet-HIV.D.DE466.json	2444	3	0	0	0	0	0	0	0	6	0	0	0	0	0	0	0	0	0	0	26	50	0	0	0	0	0	0	0
fsh-generated/resources/ValueSet-HIV.D.DE482.json	673	2	0	0	0	0	0	0	0	4	0	0	0	0	0	0	0	0	0	0	15	27	0	0	0	0	0	0	0
fsh-generated/resources/ValueSet-HIV.D.DE483.json	683	3	1	0	0	0	0	0	1	5	0	0	0	0	0	0	0	0	0	0	14	26	0	0	0	0	0	0	0
fsh-generated/resources/ValueSet-HIV.D.DE485.json	625	2	0	0	0	0	0	0	0	4	0	0	0	0	0	0	0	0	0	0	14	28	0	0	0	0	0	0	0
fsh-generated/resources/ValueSet-HIV.D.DE486.json	682	3	0	0	0	0	0	0	0	4	0	0	0	0	0	0	0	0	0	0	14	27	0	0	0	0	0	0	0
fsh-generated/resources/ValueSet-HIV.D.DE488.json	642	3	0	0	0	0	0	0	0	4	0	0	0	0	0	0	0	0	0	0	14	29	0	0	0	0	0	0	0
fsh-generated/resources/ValueSet-HIV.D.DE489.json	657	2	0	0	0	0	0	0	0	5	0	0	0	0	0	0	0	1	0	0	14	28	0	0	0	0	1	0	0
fsh-generated/resources/ValueSet-HIV.D.DE491.json	623	3	1	0	0	0	0	0	0	4	0	0	0	0	0	0	0	0	0	0	14	26	0	0	0	0	0	0	0
fsh-generated/resources/ValueSet-HIV.D.DE492.json	681	2	0	0	0	0	0	0	0	4	0	0	0	0	0	0	0	0	0	0	14	27	0	0	0	0	0	0	0
fsh-generated/resources/ValueSet-HIV.D.DE494.json	640	3	0	0	0	0	0	0	0	4	0	0	0	0	0	0	0	0	0	0	15	28	0	0	0	1	0	0	0
fsh-generated/resources/ValueSet-HIV.D.DE495.json	654	3	0	0	0	0	0	0	0	5	0	0	0	0	0	0	0	0	0	0	14	28	0	0	0	0	0	0	1
fsh-generated/resources/ValueSet-HIV.D.DE514.json	646	2	1	0	0	0	0	0	0	4	0	0	0	0	0	0	0	0	0	0	17	28	0	0	0	0	0	0	0
fsh-generated/resources/ValueSet-HIV.D.DE519.json	1253	3	0	0	0	0	0	0	0	5	0	0	0	0	0	0	0	0	0	0	20	39	0	0	0	0	0	0	0
fsh-generated/resources/ValueSet-HIV.D.DE52.json	596	2	0	0	0	0	0	0	0	4	0	0	0	0	0	0	0	0	0	0	14	29	0	0	0	0	0	0	0
fsh-generated/resources/ValueSet-HIV.D.DE525.json	1303	3	0	0	0	0	0	0	0	5	0	0	0	0	0	0	0	0	0	0	18	37	0	0	0	0	0	0	0
fsh-generated/resources/ValueSet-HIV.D.DE532.json	1000	3	0	0	0	0	0	0	0	5	0	0	0	0	0	0	0	0	0	0	16	34	0	0	0	0	0	0	0
fsh-generated/resources/ValueSet-HIV.D.DE537.json	2933	2	0	0	0	0	0	0	0	6	0	0	0	0	0	0	0	0	0	0	28	59	0	0	0	0	1	0	0
fsh-generated/resources/ValueSet-HIV.D.DE55.json	620	3	1	0	0	0	0	0	0	4	0	0	0	0	0	0	0	0	0	0	16	28	0	0	0	0	0	0	0
fsh-generated/resources/ValueSet-HIV.D.DE56.json	1413	3	0	0	0	0	0	0	0	5	0	0	0	0	0	0	0	0	0	0	18	38	0	0	0	0	0	0	0
fsh-generated/resources/ValueSet-HIV.D.DE560.json	1489	2	0	0	0	0	0	0	0	5	0	0	0	0	0	0	0	0	0	0	20	46	0	0	1	0	0	0	0
fsh-generated/resources/ValueSet-HIV.D.DE569.json	3363	3	0	0	0	0	0	0	1	6	0	0	0	0	0	0	0	0	0	0	32	62	0	0	0	0	1	0	0
fsh-generated/resources/ValueSet-HIV.D.DE593.json	1522	2	0	0	0	0	0	0	0	6	0	0	0	0	0	0	0	0	0	0	20	44	0	0	0	0	0	0	0
fsh-generated/resources/ValueSet-HIV.D.DE603.json	597	3	0	0	0	0	0	0	0	4	0	0	0	0	0	0	0	0	0	0	13	29	0	0	0	0	0	0	0
fsh-generated/resources/ValueSet-HIV.D.DE604.json	578	3	1	0	0	0	0	0	0	4	0	0	0	0	0	0	0	0	0	0	14	28	0	0	0	0	0	0	0
fsh-generated/resources/ValueSet-HIV.D.DE606.json	613	2	0	0	0	0	0	0	0	4	0	0	0	0	0	0	0	0	0	0	14	27	0	0	0	0	0	0	0
fsh-generated/resources/ValueSet-HIV.D.DE610.json	3252	3	0	0	0	0	0	0	0	7	0	0	0	0	0	0	0	0	0	0	30	66	0	0	0	0	0	0	0
fsh-generated/resources/ValueSet-HIV.D.DE63.json	668	2	0	0	0	0	0	0	0	5	0	0	0	0	0	0	0	0	0	0	15	28	0	0	0	0	0	0	0
fsh-generated/resources/ValueSet-HIV.D.DE636.json	1276	3	0	0	0	0	0	0	0	5	0	0	0	0	0	0	0	0	0	0	17	38	0	0	0	0	1	0	0
fsh-generated/resources/ValueSet-HIV.D.DE64.json	626	3	0	0	0	0	0	0	0	5	0	0	0	0	0	0	0	0	0	0	14	31	0	0	0	0	0	0	0
fsh-generated/resources/ValueSet-HIV.D.DE646.json	1162	2	1	0	0	0	0	0	0	5	0	0	0	0	0	0	0	0	0	0	16	122	0	0	0	0	0	0	0
fsh-generated/resources/ValueSet-HIV.D.DE65.json	1526	3	0	0	0	0	0	0	0	5	0	0	0	0	0	0	0	0	0	0	19	70	0	0	0	0	0	0	0
fsh-generated/resources/ValueSet-HIV.D.DE658.json	1164	3	0	0	0	0	0	0	0	5	0	0	0	0	0	0	0	0	0	0	18	54	0	0	0	0	0	0	0
fsh-generated/resources/ValueSet-HIV.D.DE664.json	1052	2	0	0	0	0	0	0	0	6	0	0	0	0	0	0	0	0	0	0	16	35	0	0	0	0	0	0	0
fsh-generated/resources/ValueSet-HIV.D.DE668.json	1134	3	0	0	0	0	0	0	0	4	0	0	0	0	0	0	0	0	0	0	16	36	0	0	0	0	0	0	0
fsh-generated/resources/ValueSet-HIV.D.DE673.json	1315	2	0	0	0	0	0	0	1	6	0	0	0	0	0	0	0	0	0	0	18	40	0	0	0	0	1	0	0
fsh-generated/resources/ValueSet-HIV.D.DE681.json	1225	3	0	0	0	0	0	0	0	5	0	0	0	0	0	0	0	0	0	0	18	37	0	0	0	0	0	0	0
fsh-generated/resources/ValueSet-HIV.D.DE688.json	919	3	1	0	0	0	0	0	0	5	0	0	0	0	0	0	0	0	0	0	15	32	0	0	0	0	0	0	0
fsh-generated/resources/ValueSet-HIV.D.DE691.json	1307	2	0	0	0	0	0	0	0	5	0	0	0	0	0	0	0	0	0	0	17	37	0	0	0	0	0	0	0
fsh-generated/resources/ValueSet-HIV.D.DE697.json	1203	3	0	0	0	0	0	0	0	5	0	0	0	0	0	0	0	0	0	0	18	33	0	0	0	0	0	0	0
fsh-generated/resources/ValueSet-HIV.D.DE706.json	1010	2	0	0	0	0	0	0	0	5	0	0	0	0	0	0	0	0	0	0	15	33	0	0	0	0	0	0	0
fsh-generated/resources/ValueSet-HIV.D.DE709.json	961	3	0	0	0	0	0	0	0	5	0	0	0	0	0	0	0	0	0	0	16	32	0	0	0	0	0	0	0
fsh-generated/resources/ValueSet-HIV.D.DE712.json	1237	3	0	0	0	0	0	0	0	5	0	0	0	0	0	0	0	0	0	0	17	36	0	0	0	0	1	0	0
fsh-generated/resources/ValueSet-HIV.D.DE719.json	1453	2	0	0	0	0	0	0	0	6	0	0	0	0	0	0	0	0	0	0	19	40	0	0	0	0	0	0	0
fsh-generated/resources/ValueSet-HIV.D.DE731.json	1567	3	1	0	0	0	0	0	0	5	0	0	0	0	0	0	0	0	0	0	20	43	0	0	0	0	0	0	0
fsh-generated/resources/ValueSet-HIV.D.DE74.json	629	3	0	0	0	0	0	0	0	5	0	0	0	0	0	0	0	0	0	0	20	30	0	0	0	0	0	0	0
fsh-generated/resources/ValueSet-HIV.D.DE746.json	1512	2	0	0	0	0	0	0	0	5	0	0	0	0	0	0	0	0	0	0	19	39	0	0	0	0	0	0	0
fsh-generated/resources/ValueSet-HIV.D.DE75.json	583	3	0	0	0	0	0	0	0	5	0	0	0	0	0	0	0	0	0	0	14	28	0	0	0	0	0	0	0
fsh-generated/resources/ValueSet-HIV.D.DE753.json	1673	3	0	0	0	0	0	0	0	5	0	0	0	0	0	0	0	0	0	0	20	40	0	0	0	0	0	0	0
fsh-generated/resources/ValueSet-HIV.D.DE764.json	1441	2	0	0	0	0	0	0	0	5	0	0	0	0	0	0	0	0	0	0	19	39	0	0	0	0	1	0	0
fsh-generated/resources/ValueSet-HIV.D.DE77.json	645	3	0	0	0	0	0	0	0	5	0	0	0	0	0	0	0	0	0	0	14	29	0	0	0	0	0	0	0
fsh-generated/resources/ValueSet-HIV.D.DE778.json	1493	3	1	0	0	0	0	0	1	5	0	0	0	0	0	0	0	0	0	0	19	45	0	0	0	0	0	0	0
fsh-generated/resources/ValueSet-HIV.D.DE78.json	649	2	0	0	0	0	0	0	0	4	0	0	0	0	0	0	0	0	0	0	14	31	0	0	0	0	0	0	0
fsh-generated/resources/ValueSet-HIV.D.DE789.json	1767	3	0	0	0	0	0	0	0	6	0	0	0	0	0	0	0	0	0	0	28	47	0	0	0	0	0	0	0
fsh-generated/resources/ValueSet-HIV.D.DE79.json	681	2	0	0	0	0	0	0	0	4	0	0	0	0	0	0	0	0	0	0	14	29	0	0	0	0	0	0	0
fsh-generated/resources/ValueSet-HIV.D.DE80.json	647	3	0	0	0	0	0	0	0	5	0	0	0	0	0	0	0	0	0	0	15	29	0	0	0	0	0	0	0
fsh-generated/resources/ValueSet-HIV.D.DE802.json	1012	3	0	0	0	0	0	0	0	5	0	0	0	0	0	0	0	0	0	0	16	37	0	0	0	0	1	0	0
fsh-generated/resources/ValueSet-HIV.D.DE808.json	1016	2	0	0	0	0	0	0	0	5	0	0	0	0	0	0	0	0	0	0	17	35	0	0	0	0	0	0	0
fsh-generated/resources/ValueSet-HIV.D.DE81.json	651	3	0	0	0	0	0	0	0	4	0	0	0	0	0	0	0	0	0	0	14	29	0	0	0	0	0	0	0
fsh-generated/resources/ValueSet-HIV.D.DE813.json	1318	2	1	0	0	0	0	0	0	6	0	0	0	0	0	0	0	0	0	0	18	45	0	0	0	0	0	0	0
fsh-generated/resources/ValueSet-HIV.D.DE82.json	638	3	0	0	0	0	0	0	0	4	0	0	0	0	0	0	0	0	0	0	14	29	0	0	0	0	0	0	0
fsh-generated/resources/ValueSet-HIV.D.DE821.json	1232	3	0	0	0	0	0	0	0	6	0	0	0	0	0	0	0	0	0	0	17	40	0	0	0	0	0	0	0
fsh-generated/resources/ValueSet-HIV.D.DE828.json	1230	2	0	0	0	0	0	0	0	5	0	0	0	0	0	0	0	0	0	0	18	41	0	0	0	0	0	0	0
fsh-generated/resources/ValueSet-HIV.D.DE83.json	1543	3	0	0	0	0	0	0	0	5	0	0	0	0	0	0	0	0	0	0	20	38	0	0	0	0	1	0	0
fsh-generated/resources/ValueSet-HIV.D.DE836.json	1321	2	0	0	0	0	0	0	0	6	0	0	0	0	0	0	0	0	0	0	17	39	0	0	0	0	0	0	0
fsh-generated/resources/ValueSet-HIV.D.DE845.json	1230	3	1	0	0	0	0	0	0	5	0	0	0	0	0	0	0	0	0	0	16	37	0	0	0	0	0	0	0
fsh-generated/resources/ValueSet-HIV.D.DE853.json	1056	3	0	0	0	0	0	0	0	5	0	0	0	0	0	0	0	0	0	0	16	35	0	0	0	0	0	0	0
fsh-generated/resources/ValueSet-HIV.D.DE858.json	1043	2	0	0	0	0	0	0	0	5	0	0	0	0	0	0	0	0	0	0	16	33	0	0	0	0	0	0	0
fsh-generated/resources/ValueSet-HIV.D.DE864.json	1002	3	0	0	0	0	0	0	1	5	0	0	0	0	0	0	0	0	0	0	16	36	0	0	0	0	0	0	0
fsh-generated/resources/ValueSet-HIV.D.DE869.json	1230	2	0	0	0	0	0	0	0	5	0	0	0	0	0	0	0	0	0	0	17	38	0	0	0	0	0	0	0
fsh-generated/resources/ValueSet-HIV.D.DE877.json	1028	3	0	0	0	0	0	0	0	5	0	0	0	0	0	0	0	0	0	0	16	35	0	0	0	0	0	0	0
fsh-generated/resources/ValueSet-HIV.D.DE893.json	971	3	0	0	0	0	0	0	0	6	0	0	0	0	0	0	0	0	0	0	15	34	0	0	0	0	1	0	0
fsh-generated/resources/ValueSet-HIV.D.DE897.json	1185	2	1	0	0	0	0	0	0	5	0	0	0	0	0	0	0	0	0	0	17	45	0	0	0	0	0	0	0
fsh-generated/resources/ValueSet-HIV.D.DE90.json	4378	3	0	0	0	0	0	0	0	7	0	0	0	0	0	0	0	0	0	0	40	76	0	0	0	0	0	0	0
fsh-generated/resources/ValueSet-HIV.D.DE903.json	3609	3	0	0	0	0	0	0	0	9	0	0	0	0	0	0	0	0	0	0	33	67	0	0	0	0	1	0	0
fsh-generated/resources/ValueSet-HIV.D.DE934.json	1128	2	0	0	0	0	0	0	0	5	0	0	0	0	0	0	0	0	0	0	17	37	0	0	0	0	0	0	0
fsh-generated/resources/ValueSet-HIV.D.DE939.json	965	3	0	0	0	0	0	0	0	5	0	0	0	0	0	0	0	0	0	0	16	39	0	0	0	0	0	0	0
fsh-generated/resources/ValueSet-HIV.D.DE942.json	957	3	0	0	0	0	0	0	0	5	0	0	0	0	0	0	0	0	0	0	16	34	0	0	0	0	0	0	0
fsh-generated/resources/ValueSet-HIV.D.DE947.json	1109	2	0	0	0	0	0	0	0	6	0	0	0	0	0	0	0	0	0	0	18	35	0	0	0	0	0	0	0
fsh-generated/resources/ValueSet-HIV.D.DE956.json	2486	3	1	0	0	0	0	0	1	6	0	0	0	0	0	0	0	0	0	0	27	50	0	0	0	0	0	0	0
fsh-generated/resources/ValueSet-HIV.D.DE973.json	1868	3	0	0	0	0	0	0	0	6	0	0	0	0	0	0	0	0	0	0	23	46	0	0	0	0	1	0	0
fsh-generated/resources/ValueSet-HIV.D.DE986.json	1066	2	0	0	0	0	0	0	0	5	0	0	0	0	0	0	0	0	0	0	17	34	0	0	0	0	0	0	0
fsh-generated/resources/ValueSet-HIV.D.DE992.json	1200	3	0	0	0	0	0	0	0	5	0	0	0	0	0	0	0	0	0	0	18	39	0	0	0	0	0	0	0
fsh-generated/resources/ValueSet-HIV.E.DE104.json	1061	3	0	0	0	0	0	0	0	7	0	0	0	0	0	0	0	0	0	0	17	37	0	0	0	0	0	0	1
fsh-generated/resources/ValueSet-HIV.E.DE108.json	1094	2	1	0	0	0	0	0	0	5	0	0	0	0	0	0	0	0	0	0	17	36	0	0	0	0	0	0	0
fsh-generated/resources/ValueSet-HIV.E.DE114.json	1230	3	0	0	0	0	0	0	0	5	0	0	0	0	0	0	0	0	0	0	17	36	0	0	0	0	0	0	0
fsh-generated/resources/ValueSet-HIV.E.DE127.json	1042	2	0	0	0	0	0	0	0	5	0	0	0	0	0	0	0	0	0	0	17	34	0	0	0	0	0	0	0
fsh-generated/resources/ValueSet-HIV.E.DE136.json	970	3	0	0	0	0	0	0	0	4	0	0	0	0	0	0	0	0	0	0	15	32	0	0	0	0	1	0	0
fsh-generated/resources/ValueSet-HIV.E.DE141.json	1026	3	0	0	0	0	0	0	0	6	0	0	0	0	0	0	0	0	0	0	16	41	0	0	0	0	0	0	0
fsh-generated/resources/ValueSet-HIV.E.DE145.json	1064	2	0	0	0	0	0	0	0	5	0	0	0	0	0	0	0	0	0	0	16	38	0	0	0	0	0	0	0
fsh-generated/resources/ValueSet-HIV.E.DE149.json	1030	4	0	0	0	0	0	0	0	6	0	0	0	0	0	0	0	0	0	0	16	115	0	0	0	0	0	0	0
fsh-generated/resources/ValueSet-HIV.E.DE155.json	1315	3	1	0	0	0	0	0	0	6	0	0	0	0	0	0	0	0	0	0	18	51	0	0	0	0	0	0	0
fsh-generated/resources/ValueSet-HIV.E.DE168.json	1173	3	0	0	0	0	0	0	0	6	0	0	0	0	0	0	0	0	0	0	17	55	0	0	0	0	0	0	0
fsh-generated/resources/ValueSet-HIV.E.DE17.json	2594	3	0	0	0	0	0	0	1	6	0	0	0	0	0	0	0	0	0	0	28	73	0	0	0	0	1	0	0
fsh-generated/resources/ValueSet-HIV.E.DE173.json	1121	2	0	0	0	0	0	0	0	5	0	0	0	0	0	0	0	0	0	0	16	36	0	0	0	0	0	0	0
fsh-generated/resources/ValueSet-HIV.E.DE180.json	582	3	0	0	0	0	0	0	0	4	0	0	0	0	0	0	0	0	0	0	14	32	0	0	0	0	0	0	0
fsh-generated/resources/ValueSet-HIV.E.DE183.json	604	3	0	0	0	0	0	0	0	4	0	0	0	0	0	0	0	0	0	0	14	29	0	0	0	0	0	0	0
fsh-generated/resources/ValueSet-HIV.E.DE186.json	1045	2	0	0	0	0	0	0	0	6	0	0	0	0	0	0	0	1	0	0	16	52	0	0	0	0	0	0	0
fsh-generated/resources/ValueSet-HIV.E.DE190.json	1045	3	0	0	0	0	0	0	0	5	0	0	0	0	0	0	0	0	0	0	17	36	0	0	0	0	0	0	0
fsh-generated/resources/ValueSet-HIV.E.DE194.json	617	2	1	0	0	0	0	0	0	4	0	0	0	0	0	0	0	0	0	0	14	42	0	0	0	0	0	0	0
fsh-generated/resources/ValueSet-HIV.E.DE200.json	1049	3	0	0	0	0	0	0	0	6	0	0	0	0	0	0	0	0	0	0	17	37	0	0	0	0	0	0	0
fsh-generated/resources/ValueSet-HIV.E.DE204.json	1050	3	0	0	0	0	0	0	0	5	0	0	0	0	0	0	0	0	0	0	19	53	0	0	0	0	1	0	0
fsh-generated/resources/ValueSet-HIV.E.DE208.json	1049	2	0	0	0	0	0	0	0	6	0	0	0	0	0	0	0	0	0	0	16	51	0	0	0	0	0	0	0
fsh-generated/resources/ValueSet-HIV.E.DE212.json	1067	3	0	0	0	0	0	0	0	5	0	0	0	0	0	0	0	0	0	0	17	51	0	0	0	0	0	0	0
fsh-generated/resources/ValueSet-HIV.E.DE216.json	1059	3	0	0	0	0	0	0	0	5	0	0	0	0	0	0	0	0	0	0	23	46	0	0	0	0	0	0	0
fsh-generated/resources/ValueSet-HIV.E.DE220.json	1077	2	1	0	0	0	0	0	0	5	0	0	0	0	0	0	0	0	0	0	18	38	0	0	0	0	0	0	0
fsh-generated/resources/ValueSet-HIV.E.DE225.json	1106	3	0	0	0	0	0	0	0	5	0	0	0	0	0	0	0	0	0	0	17	36	0	0	0	0	0	0	0
fsh-generated/resources/ValueSet-HIV.E.DE230.json	1157	3	0	0	0	0	0	0	0	5	0	0	0	0	0	0	0	0	0	0	18	37	0	0	0	0	0	0	0
fsh-generated/resources/ValueSet-HIV.E.DE234.json	1277	2	0	0	0	0	0	0	0	5	0	0	0	0	0	0	0	0	0	0	18	39	0	0	0	0	0	0	0
fsh-generated/resources/ValueSet-HIV.E.DE240.json	574	3	0	0	0	0	0	0	0	4	1	0	0	0	0	0	0	0	0	0	14	30	0	0	0	0	1	0	0
fsh-generated/resources/ValueSet-HIV.E.DE246.json	1451	2	0	0	0	0	0	0	0	6	0	0	0	0	0	0	0	0	0	0	19	45	0	0	0	0	0	0	0
fsh-generated/resources/ValueSet-HIV.E.DE255.json	1129	3	0	0	0	0	0	0	1	5	0	0	0	0	0	0	0	0	0	0	17	38	0	0	0	0	0	0	0
fsh-generated/resources/ValueSet-HIV.E.DE259.json	1113	3	0	0	0	0	0	0	0	5	0	0	0	0	0	0	0	0	0	0	16	42	0	0	0	0	0	0	0
fsh-generated/resources/ValueSet-HIV.E.DE264.json	1714	2	1	0	0	0	0	0	0	6	0	0	0	0	0	0	0	0	0	0	23	64	0	0	0	0	0	0	0
fsh-generated/resources/ValueSet-HIV.E.DE41.json	1144	3	0	0	0	0	0	0	0	5	0	0	0	0	0	0	0	0	0	0	16	48	0	0	0	0	0	0	0
fsh-generated/resources/ValueSet-HIV.E.DE47.json	1127	3	0	0	0	0	0	0	0	5	0	0	0	0	0	0	0	0	0	0	17	37	0	0	0	0	1	0	0
fsh-generated/resources/ValueSet-HIV.E.DE52.json	1080	2	0	0	0	0	0	0	0	5	0	0	0	0	0	0	0	0	0	0	17	37	0	0	0	0	0	0	0
fsh-generated/resources/ValueSet-HIV.E.DE6.json	1175	3	0	0	0	0	0	0	0	8	0	0	0	0	0	0	0	0	0	0	17	53	0	0	0	0	0	0	0
fsh-generated/resources/ValueSet-HIV.E.DE62.json	1094	2	0	0	0	0	0	0	0	5	0	0	0	0	0	0	0	0	0	0	17	48	0	0	0	0	0	0	0
fsh-generated/resources/ValueSet-HIV.E.DE67.json	1017	3	1	0	0	0	0	0	0	5	0	0	0	0	0	0	0	0	0	0	17	39	0	0	0	0	0	0	0
fsh-generated/resources/ValueSet-HIV.E.DE75.json	570	3	0	0	0	0	0	0	0	7	0	0	0	0	0	0	0	0	0	0	13	31	0	0	0	0	0	0	0
fsh-generated/resources/ValueSet-HIV.E.DE91.json	984	2	0	0	0	0	0	0	0	5	0	0	0	0	0	0	0	0	0	0	16	59	0	0	0	0	0	0	0
fsh-generated/resources/ValueSet-HIV.G.DE13.json	1128	3	0	0	0	0	0	0	0	6	0	0	0	0	0	0	0	0	0	0	17	37	0	0	0	0	0	0	0
fsh-generated/resources/ValueSet-HIV.G.DE18.json	1016	3	0	0	0	0	0	0	0	5	0	0	0	0	0	0	0	0	0	0	16	37	0	0	0	0	1	0	0
fsh-generated/resources/ValueSet-HIV.G.DE22.json	1339	2	0	0	0	0	0	0	0	5	0	0	0	0	0	0	0	0	0	0	18	43	0	0	0	0	0	0	0
fsh-generated/resources/ValueSet-HIV.G.DE29.json	939	3	0	0	0	0	0	0	0	4	0	0	0	0	0	0	0	0	0	0	15	36	0	0	0	0	0	0	0
fsh-generated/resources/ValueSet-HIV.G.DE35.json	1334	3	0	0	0	0	0	0	0	5	0	0	0	0	0	0	0	0	0	0	18	41	0	0	0	0	0	0	0
fsh-generated/resources/ValueSet-HIV.G.DE43.json	1050	2	1	0	0	0	0	0	0	5	0	0	0	0	0	0	0	0	0	0	16	36	0	0	0	0	0	0	0
fsh-generated/resources/ValueSet-HIV.G.DE48.json	942	3	0	0	0	0	0	0	1	5	0	0	0	0	0	0	0	0	0	0	16	33	0	0	0	1	0	0	0
fsh-generated/resources/ValueSet-HIV.G.DE51.json	939	2	0	0	0	0	0	0	0	4	0	0	0	0	0	0	0	0	0	0	15	34	0	0	0	0	0	0	0
fsh-generated/resources/ValueSet-HIV.G.DE55.json	1224	3	0	0	0	0	0	0	0	5	0	0	0	0	0	0	0	0	0	0	18	40	0	0	0	0	0	0	0
fsh-generated/resources/ValueSet-HIV.G.DE62.json	1328	3	0	0	0	0	0	0	0	6	0	0	0	0	0	0	0	0	0	0	17	51	0	0	0	0	1	0	0
fsh-generated/resources/ValueSet-HIV.G.DE70.json	1006	2	0	0	0	0	0	0	0	4	0	0	0	0	0	0	0	0	0	0	16	37	0	0	0	0	0	0	0
fsh-generated/resources/ValueSet-HIV.G.DE74.json	927	3	0	0	0	0	0	0	0	5	0	0	0	0	0	0	0	0	0	0	16	36	0	0	0	0	0	0	0
fsh-generated/resources/ValueSet-HIV.H.DE1.json	1472	3	1	0	0	0	0	0	0	6	0	0	0	0	0	0	0	0	0	0	20	44	0	0	0	0	0	0	0
fsh-generated/resources/ValueSet-HIV.H.DE13.json	1019	2	0	0	0	0	0	0	0	4	0	0	0	0	0	0	0	0	0	0	16	38	0	0	0	0	0	0	0
fsh-generated/resources/ValueSet-HIV.H.DE17.json	1169	3	0	0	0	0	0	0	0	7	0	0	0	0	0	0	0	0	0	0	17	48	0	0	0	0	0	0	0
fsh-generated/resources/ValueSet-HIV.H.DE23.json	1365	2	0	0	0	0	0	0	0	6	0	0	0	0	0	0	0	0	0	0	19	41	0	0	0	0	1	0	0
fsh-generated/resources/ValueSet-HIV.H.DE34.json	1069	3	0	0	0	0	0	0	0	5	0	0	0	0	0	0	0	0	0	0	17	34	0	0	0	0	0	0	0
fsh-generated/resources/ValueSet-HIV.H.DE41.json	1191	3	0	0	0	0	0	0	0	5	0	0	0	0	0	0	0	0	0	0	23	37	0	0	0	0	0	0	0
fsh-generated/resources/ValueSet-HIV.H.DE50.json	589	2	0	0	0	0	0	0	0	5	0	0	0	0	0	0	0	0	0	0	14	30	0	0	0	0	0	0	0
fsh-generated/resources/ValueSet-HIV.H.DE53.json	2507	3	0	0	0	0	0	0	0	6	0	0	0	0	0	0	0	0	0	0	26	65	0	0	0	0	0	0	0
fsh-generated/resources/ValueSet-HIV.H.DE74.json	1401	3	1	0	0	0	0	0	0	6	0	0	0	0	0	0	0	0	0	0	19	44	0	0	0	0	0	0	0
fsh-generated/resources/ValueSet-HIV.I.DE2.json	1352	2	0	0	0	0	0	0	1	6	0	0	0	0	0	0	0	0	0	0	20	42	0	0	0	0	0	0	0
fsh-generated/resources/ValueSet-HIV.PRV.DE11.json	1035	3	0	0	0	0	0	0	0	5	0	0	0	0	0	0	0	0	0	0	17	49	0	0	0	0	1	0	0
fsh-generated/resources/ValueSet-HIV.PRV.DE2.json	1312	2	0	0	1	0	0	0	0	5	0	0	0	0	0	0	0	0	0	0	19	43	0	0	0	0	0	0	0
