<?xml version="1.0" encoding="UTF-8"?>

<Basic xmlns="http://hl7.org/fhir">
  <id value="Pharmacist"/>
  <meta>
    <profile value="http://smart.who.int/smart-base/StructureDefinition/SGPersona"/>
  </meta>
  <text>
    <status value="generated"/><div xmlns="http://www.w3.org/1999/xhtml"><p class="res-header-id"><b>Generated Narrative: ActorDefinition Pharmacist</b></p><a name="Pharmacist"> </a><a name="hcPharmacist"> </a><a name="hcPharmacist-en-US"> </a><table class="grid"><tr><td><b>Actor: Pharmacist </b></td><td>Pharmacist</td><td>Type: person </td></tr><tr><td colspan="3"/></tr></table></div>
  </text>
  <extension url="http://hl7.org/fhir/5.0/StructureDefinition/extension-ActorDefinition.url">
    <valueUri value="http://smart.who.int/hiv/ActorDefinition/Pharmacist"/>
  </extension>
  <extension url="http://hl7.org/fhir/5.0/StructureDefinition/extension-ActorDefinition.version">
    <valueString value="0.1.0"/>
  </extension>
  <extension url="http://hl7.org/fhir/5.0/StructureDefinition/extension-ActorDefinition.name">
    <valueString value="Pharmacist"/>
  </extension>
  <extension url="http://hl7.org/fhir/5.0/StructureDefinition/extension-ActorDefinition.title">
    <valueString value="Pharmacist"/>
  </extension>
  <extension url="http://hl7.org/fhir/5.0/StructureDefinition/extension-ActorDefinition.status">
    <valueCode value="draft"/>
  </extension>
  <extension url="http://hl7.org/fhir/5.0/StructureDefinition/extension-ActorDefinition.experimental">
    <valueBoolean value="false"/>
  </extension>
  <extension url="http://hl7.org/fhir/5.0/StructureDefinition/extension-ActorDefinition.date">
    <valueDateTime value="2024-07-01T19:48:05+00:00"/>
  </extension>
  <extension url="http://hl7.org/fhir/5.0/StructureDefinition/extension-ActorDefinition.publisher">
    <valueString value="WHO"/>
  </extension>
  <extension url="http://hl7.org/fhir/5.0/StructureDefinition/extension-ActorDefinition.contact">
    <valueContactDetail>
      <name value="WHO"/>
      <telecom>
        <system value="url"/>
        <value value="http://who.int"/>
      </telecom>
    </valueContactDetail>
  </extension>
  <extension url="http://hl7.org/fhir/5.0/StructureDefinition/extension-ActorDefinition.description">
    <valueMarkdown value="The pharmacist stores, preserves, compounds and dispenses medicinal products, as well as counsels on the proper use and adverse effects of drugs and medicines following prescriptions issued by other health professionals. This individual has completed university-level training in pharmacy or pharmaceutical chemistry."/>
  </extension>
  <extension url="http://hl7.org/fhir/5.0/StructureDefinition/extension-ActorDefinition.jurisdiction"/>
  <extension url="http://hl7.org/fhir/5.0/StructureDefinition/extension-ActorDefinition.type">
    <valueCode value="person"/>
  </extension>
  <identifier>
    <value value="Pharmacist"/>
  </identifier>
  <code>
    <coding>
      <system value="http://hl7.org/fhir/fhir-types"/>
      <code value="ActorDefinition"/>
    </coding>
  </code>
</Basic>