<?xml version="1.0" encoding="UTF-8"?>

<Library xmlns="http://hl7.org/fhir">
  <id value="HIVB7DTLogic"/>
  <meta>
    <profile value="http://hl7.org/fhir/uv/crmi/StructureDefinition/crmi-shareablelibrary"/>
    <profile value="http://hl7.org/fhir/uv/crmi/StructureDefinition/crmi-publishablelibrary"/>
    <profile value="http://hl7.org/fhir/uv/cql/StructureDefinition/cql-library"/>
    <profile value="http://hl7.org/fhir/uv/cql/StructureDefinition/cql-module"/>
  </meta>
  <text>
    <status value="generated"/><div xmlns="http://www.w3.org/1999/xhtml"><p class="res-header-id"><b>Generated Narrative: Library HIVB7DTLogic</b></p><a name="HIVB7DTLogic"> </a><a name="hcHIVB7DTLogic"> </a><a name="hcHIVB7DTLogic-en-US"> </a></div>
  </text>
  <extension url="http://hl7.org/fhir/StructureDefinition/cqf-knowledgeCapability">
    <valueCode value="computable"/>
  </extension>
  <url value="http://smart.who.int/HIVB7DT/Library/HIVB7DTLogic"/>
  <version value="0.1.0"/>
  <name value="HIVB7DTLogic"/>
  <title value="HIVB7DT Logic"/>
  <status value="draft"/>
  <experimental value="true"/>
  <type>
    <coding>
      <system value="http://terminology.hl7.org/CodeSystem/library-type"/>
      <code value="logic-library"/>
    </coding>
  </type>
  <date value="2024-07-01T14:01:13+00:00"/>
  <publisher value="WHO"/>
  <contact>
    <name value="WHO"/>
    <telecom>
      <system value="url"/>
      <value value="http://who.int"/>
    </telecom>
  </contact>
  <description value="Description not yet available for HIVB7DTLogic."/>
</Library>