<?xml version="1.0" encoding="UTF-8"?>

<ValueSet xmlns="http://hl7.org/fhir">
  <id value="HIV.C.DE143"/>
  <meta>
    <profile value="http://hl7.org/fhir/uv/crmi/StructureDefinition/crmi-shareablevalueset"/>
    <profile value="http://hl7.org/fhir/uv/crmi/StructureDefinition/crmi-publishablevalueset"/>
    <profile value="http://hl7.org/fhir/uv/crmi/StructureDefinition/crmi-computablevalueset"/>
  </meta>
  <text>
    <status value="extensions"/><div xmlns="http://www.w3.org/1999/xhtml"><p class="res-header-id"><b>Generated Narrative: ValueSet HIV.C.DE143</b></p><a name="HIV.C.DE143"> </a><a name="hcHIV.C.DE143"> </a><a name="hcHIV.C.DE143-en-US"> </a><ul><li>Include these codes as defined in <a href="CodeSystem-HIVConcepts.html"><code>http://smart.who.int/hiv/CodeSystem/HIVConcepts</code></a><table class="none"><tr><td style="white-space:nowrap"><b>Code</b></td><td><b>Display</b></td><td><b>Definition</b></td></tr><tr><td><a href="CodeSystem-HIVConcepts.html#HIVConcepts-HIV.46C.46DE144">HIV.C.DE144</a></td><td>Self</td><td>Client plans to use the self-test kit</td></tr><tr><td><a href="CodeSystem-HIVConcepts.html#HIVConcepts-HIV.46C.46DE145">HIV.C.DE145</a></td><td>Family member</td><td>Client plans to give the self-test kit to a family member to use</td></tr><tr><td><a href="CodeSystem-HIVConcepts.html#HIVConcepts-HIV.46C.46DE146">HIV.C.DE146</a></td><td>Drug-injecting partner</td><td>Client plans to give the self-test kit to a drug-injecting partner</td></tr><tr><td><a href="CodeSystem-HIVConcepts.html#HIVConcepts-HIV.46C.46DE147">HIV.C.DE147</a></td><td>Sexual partner</td><td>Client plans to give the self-test kit to a sexual partner</td></tr><tr><td><a href="CodeSystem-HIVConcepts.html#HIVConcepts-HIV.46C.46DE148">HIV.C.DE148</a></td><td>Social contact</td><td>Client plans to give the self-test kit to a social contact</td></tr></table></li></ul></div>
  </text>
  <url value="http://smart.who.int/hiv/ValueSet/HIV.C.DE143"/>
  <version value="0.1.0"/>
  <name value="HIVCDE143"/>
  <title value="HIV self-test distributed for use by ValueSet"/>
  <status value="active"/>
  <experimental value="true"/>
  <date value="2024-07-01T12:40:16+00:00"/>
  <publisher value="WHO"/>
  <contact>
    <name value="WHO"/>
    <telecom>
      <system value="url"/>
      <value value="http://who.int"/>
    </telecom>
  </contact>
  <description value="Value set of whom the client plans to give the HIV self-test kit (self, sexual partner, social contact, etc.)"/>
  <compose>
    <include>
      <system value="http://smart.who.int/hiv/CodeSystem/HIVConcepts"/>
      <concept>
        <code value="HIV.C.DE144"/>
        <display value="Self"/>
      </concept>
      <concept>
        <code value="HIV.C.DE145"/>
        <display value="Family member"/>
      </concept>
      <concept>
        <code value="HIV.C.DE146"/>
        <display value="Drug-injecting partner"/>
      </concept>
      <concept>
        <code value="HIV.C.DE147"/>
        <display value="Sexual partner"/>
      </concept>
      <concept>
        <code value="HIV.C.DE148"/>
        <display value="Social contact"/>
      </concept>
    </include>
  </compose>
</ValueSet>