<?xml version="1.0" encoding="UTF-8"?>

<ValueSet xmlns="http://hl7.org/fhir">
  <id value="HIV.D.DE681"/>
  <meta>
    <profile value="http://hl7.org/fhir/uv/crmi/StructureDefinition/crmi-shareablevalueset"/>
    <profile value="http://hl7.org/fhir/uv/crmi/StructureDefinition/crmi-publishablevalueset"/>
    <profile value="http://hl7.org/fhir/uv/crmi/StructureDefinition/crmi-computablevalueset"/>
  </meta>
  <text>
    <status value="extensions"/><div xmlns="http://www.w3.org/1999/xhtml"><p class="res-header-id"><b>Generated Narrative: ValueSet HIV.D.DE681</b></p><a name="HIV.D.DE681"> </a><a name="hcHIV.D.DE681"> </a><a name="hcHIV.D.DE681-en-US"> </a><ul><li>Include these codes as defined in <a href="CodeSystem-HIVConcepts.html"><code>http://smart.who.int/hiv/CodeSystem/HIVConcepts</code></a><table class="none"><tr><td style="white-space:nowrap"><b>Code</b></td><td><b>Display</b></td><td><b>Definition</b></td></tr><tr><td><a href="CodeSystem-HIVConcepts.html#HIVConcepts-HIV.46D.46DE682">HIV.D.DE682</a></td><td>VIA</td><td>Triage test for cervical cancer using visual inspection with acetic acid (VIA)</td></tr><tr><td><a href="CodeSystem-HIVConcepts.html#HIVConcepts-HIV.46D.46DE683">HIV.D.DE683</a></td><td>Colposcopy</td><td>Triage test for cervical cancer using colposcopy</td></tr><tr><td><a href="CodeSystem-HIVConcepts.html#HIVConcepts-HIV.46D.46DE684">HIV.D.DE684</a></td><td>Cervical cytology</td><td>Triage test for cervical cancer using cervical cytology</td></tr><tr><td><a href="CodeSystem-HIVConcepts.html#HIVConcepts-HIV.46D.46DE685">HIV.D.DE685</a></td><td>HPV16/18</td><td>Triage test for cervical cancer using test for HPV16/18</td></tr><tr><td><a href="CodeSystem-HIVConcepts.html#HIVConcepts-HIV.46D.46DE686">HIV.D.DE686</a></td><td>Other</td><td>Triage test for cervical cancer using another test</td></tr></table></li></ul></div>
  </text>
  <url value="http://smart.who.int/hiv/ValueSet/HIV.D.DE681"/>
  <version value="0.1.0"/>
  <name value="HIVDDE681"/>
  <title value="Cervical cancer triage test type ValueSet"/>
  <status value="active"/>
  <experimental value="true"/>
  <date value="2024-07-01T19:19:54+00:00"/>
  <publisher value="WHO"/>
  <contact>
    <name value="WHO"/>
    <telecom>
      <system value="url"/>
      <value value="http://who.int"/>
    </telecom>
  </contact>
  <description value="Value set of type of triage test for cervical cancer"/>
  <compose>
    <include>
      <system value="http://smart.who.int/hiv/CodeSystem/HIVConcepts"/>
      <concept>
        <code value="HIV.D.DE682"/>
        <display value="VIA"/>
      </concept>
      <concept>
        <code value="HIV.D.DE683"/>
        <display value="Colposcopy"/>
      </concept>
      <concept>
        <code value="HIV.D.DE684"/>
        <display value="Cervical cytology"/>
      </concept>
      <concept>
        <code value="HIV.D.DE685"/>
        <display value="HPV16/18"/>
      </concept>
      <concept>
        <code value="HIV.D.DE686"/>
        <display value="Other"/>
      </concept>
    </include>
  </compose>
</ValueSet>