<?xml version="1.0" encoding="UTF-8"?>

<ValueSet xmlns="http://hl7.org/fhir">
  <id value="HIV.D.DE942"/>
  <meta>
    <profile value="http://hl7.org/fhir/uv/crmi/StructureDefinition/crmi-shareablevalueset"/>
    <profile value="http://hl7.org/fhir/uv/crmi/StructureDefinition/crmi-publishablevalueset"/>
    <profile value="http://hl7.org/fhir/uv/crmi/StructureDefinition/crmi-computablevalueset"/>
  </meta>
  <text>
    <status value="extensions"/><div xmlns="http://www.w3.org/1999/xhtml"><p class="res-header-id"><b>Generated Narrative: ValueSet HIV.D.DE942</b></p><a name="HIV.D.DE942"> </a><a name="hcHIV.D.DE942"> </a><a name="HIV.D.DE942-en-US"> </a><ul><li>Include these codes as defined in <a href="CodeSystem-HIVConcepts.html"><code>http://smart.who.int/hiv/CodeSystem/HIVConcepts</code></a><table class="none"><tr><td style="white-space:nowrap"><b>Code</b></td><td><b>Display</b></td><td><b>Definition</b></td></tr><tr><td><a href="CodeSystem-HIVConcepts.html#HIVConcepts-HIV.46D.46DE943">HIV.D.DE943</a></td><td>Bacteriologically confirmed</td><td>A person from whom a biological specimen is positive by smear microscopy, culture or a WHO-recommended rapid diagnostic</td></tr><tr><td><a href="CodeSystem-HIVConcepts.html#HIVConcepts-HIV.46D.46DE944">HIV.D.DE944</a></td><td>Clinically diagnosed</td><td>A person who does not fulfil the criteria for bacteriological confirmation but has been diagnosed with TB disease by a medical practitioner who has decided to give the person a full course of TB treatment</td></tr></table></li></ul></div>
  </text>
  <url value="http://smart.who.int/hiv/ValueSet/HIV.D.DE942"/>
  <version value="0.2.0"/>
  <name value="HIVDDE942"/>
  <title value="Method of TB diagnosis ValueSet"/>
  <status value="active"/>
  <experimental value="true"/>
  <date value="2024-08-06T17:04:54+00:00"/>
  <publisher value="WHO"/>
  <contact>
    <name value="WHO"/>
    <telecom>
      <system value="url"/>
      <value value="http://who.int"/>
    </telecom>
  </contact>
  <description value="Value set of method used to set the TB diagnosis"/>
  <compose>
    <include>
      <system value="http://smart.who.int/hiv/CodeSystem/HIVConcepts"/>
      <concept>
        <code value="HIV.D.DE943"/>
        <display value="Bacteriologically confirmed"/>
      </concept>
      <concept>
        <code value="HIV.D.DE944"/>
        <display value="Clinically diagnosed"/>
      </concept>
    </include>
  </compose>
</ValueSet>