<?xml version="1.0" encoding="UTF-8"?>

<ValueSet xmlns="http://hl7.org/fhir">
  <id value="hiv-a-de47"/>
  <text>
    <status value="extensions"/><div xmlns="http://www.w3.org/1999/xhtml"><ul><li>Include these codes as defined in <a href="CodeSystem-concept-codes.html"><code>http://fhir.org/guides/who/hiv-dak/CodeSystem/HIV-DAKConcepts</code></a><table class="none"><tr><td style="white-space:nowrap"><b>Code</b></td><td><b>Display</b></td><td><b>Definition</b></td></tr><tr><td><a href="CodeSystem-concept-codes.html#concept-codes-HIV.46A.46DE47">HIV.A.DE47</a></td><td>Text message/SMS</td><td>Communication preference(s) - Text message/SMS</td></tr><tr><td><a href="CodeSystem-concept-codes.html#concept-codes-HIV.46A.46DE48">HIV.A.DE48</a></td><td>Voice call</td><td>Communication preference(s) - Voice call</td></tr></table></li></ul></div>
  </text>
  <url value="http://fhir.org/guides/who/hiv-dak/ValueSet/hiv-a-de47"/>
  <version value="0.3.0"/>
  <name value="CommunicationpreferencesCodes"/>
  <title value="Communication preference(s) Codes"/>
  <status value="draft"/>
  <experimental value="false"/>
  <date value="2024-05-31T12:58:44+00:00"/>
  <publisher value="World Health Organization (WHO) "/>
  <contact>
    <telecom>
      <system value="url"/>
      <value value="https://www.who.int"/>
    </telecom>
  </contact>
  <description value="Codes representing possible values for the Communication preference(s) element"/>
  <jurisdiction>
    <coding>
      <system value="http://unstats.un.org/unsd/methods/m49/m49.htm"/>
      <code value="001"/>
    </coding>
  </jurisdiction>
  <immutable value="true"/>
  <compose>
    <include>
      <system value="http://fhir.org/guides/who/hiv-dak/CodeSystem/HIV-DAKConcepts"/>
      <concept>
        <code value="HIV.A.DE47"/>
        <display value="Text message/SMS"/>
      </concept>
      <concept>
        <code value="HIV.A.DE48"/>
        <display value="Voice call"/>
      </concept>
    </include>
  </compose>
</ValueSet>