<?xml version="1.0" encoding="UTF-8"?>

<ValueSet xmlns="http://hl7.org/fhir">
  <id value="HIV.G.DE22"/>
  <meta>
    <profile value="http://hl7.org/fhir/uv/crmi/StructureDefinition/crmi-shareablevalueset"/>
    <profile value="http://hl7.org/fhir/uv/crmi/StructureDefinition/crmi-publishablevalueset"/>
    <profile value="http://hl7.org/fhir/uv/crmi/StructureDefinition/crmi-computablevalueset"/>
  </meta>
  <text>
    <status value="extensions"/><div xmlns="http://www.w3.org/1999/xhtml"><p class="res-header-id"><b>Generated Narrative: ValueSet HIV.G.DE22</b></p><a name="HIV.G.DE22"> </a><a name="hcHIV.G.DE22"> </a><a name="hcHIV.G.DE22-en-US"> </a><ul><li>Include these codes as defined in <a href="CodeSystem-HIVConcepts.html"><code>http://smart.who.int/hiv/CodeSystem/HIVConcepts</code></a><table class="none"><tr><td style="white-space:nowrap"><b>Code</b></td><td><b>Display</b></td><td><b>Definition</b></td></tr><tr><td><a href="CodeSystem-HIVConcepts.html#HIVConcepts-HIV.46G.46DE23">HIV.G.DE23</a></td><td>Test delayed to next contact or referred</td><td>Test has been delayed to the next contact or client was referred to another provider/facility</td></tr><tr><td><a href="CodeSystem-HIVConcepts.html#HIVConcepts-HIV.46G.46DE24">HIV.G.DE24</a></td><td>Stock-out or expired</td><td>Test out of stock or stock present but expired</td></tr><tr><td><a href="CodeSystem-HIVConcepts.html#HIVConcepts-HIV.46G.46DE25">HIV.G.DE25</a></td><td>Machine or technician not available or machine not functioning</td><td>Test machine or technician is unavailable, or machine is not functioning</td></tr><tr><td><a href="CodeSystem-HIVConcepts.html#HIVConcepts-HIV.46G.46DE26">HIV.G.DE26</a></td><td>Client declined / refused test</td><td>Client declined or refused test being undertaken</td></tr><tr><td><a href="CodeSystem-HIVConcepts.html#HIVConcepts-HIV.46G.46DE27">HIV.G.DE27</a></td><td>Other</td><td>Other reason test not performed</td></tr></table></li></ul></div>
  </text>
  <url value="http://smart.who.int/hiv/ValueSet/HIV.G.DE22"/>
  <version value="0.1.0"/>
  <name value="HIVGDE22"/>
  <title value="Reason Hepatitis B test not conducted ValueSet"/>
  <status value="active"/>
  <experimental value="true"/>
  <date value="2024-07-01T14:01:13+00:00"/>
  <publisher value="WHO"/>
  <contact>
    <name value="WHO"/>
    <telecom>
      <system value="url"/>
      <value value="http://who.int"/>
    </telecom>
  </contact>
  <description value="Value set of reason why a hepatitis B test was not done"/>
  <compose>
    <include>
      <system value="http://smart.who.int/hiv/CodeSystem/HIVConcepts"/>
      <concept>
        <code value="HIV.G.DE23"/>
        <display value="Test delayed to next contact or referred"/>
      </concept>
      <concept>
        <code value="HIV.G.DE24"/>
        <display value="Stock-out or expired"/>
      </concept>
      <concept>
        <code value="HIV.G.DE25"/>
        <display value="Machine or technician not available or machine not functioning"/>
      </concept>
      <concept>
        <code value="HIV.G.DE26"/>
        <display value="Client declined / refused test"/>
      </concept>
      <concept>
        <code value="HIV.G.DE27"/>
        <display value="Other"/>
      </concept>
    </include>
  </compose>
</ValueSet>