<?xml version="1.0" encoding="UTF-8"?>

<ValueSet xmlns="http://hl7.org/fhir">
  <id value="HIV.E.DE230"/>
  <meta>
    <profile value="http://hl7.org/fhir/uv/crmi/StructureDefinition/crmi-shareablevalueset"/>
    <profile value="http://hl7.org/fhir/uv/crmi/StructureDefinition/crmi-publishablevalueset"/>
    <profile value="http://hl7.org/fhir/uv/crmi/StructureDefinition/crmi-computablevalueset"/>
  </meta>
  <text>
    <status value="extensions"/><div xmlns="http://www.w3.org/1999/xhtml"><p class="res-header-id"><b>Generated Narrative: ValueSet HIV.E.DE230</b></p><a name="HIV.E.DE230"> </a><a name="hcHIV.E.DE230"> </a><a name="HIV.E.DE230-en-US"> </a><ul><li>Include these codes as defined in <a href="CodeSystem-HIVConcepts.html"><code>http://smart.who.int/hiv/CodeSystem/HIVConcepts</code></a><table class="none"><tr><td style="white-space:nowrap"><b>Code</b></td><td><b>Display</b></td><td><b>Definition</b></td></tr><tr><td><a href="CodeSystem-HIVConcepts.html#HIVConcepts-HIV.46E.46DE231">HIV.E.DE231</a></td><td>HIV-positive</td><td>The infant is HIV-positive</td></tr><tr><td><a href="CodeSystem-HIVConcepts.html#HIVConcepts-HIV.46E.46DE232">HIV.E.DE232</a></td><td>HIV-negative and no longer breastfeeding</td><td>The infant is HIV-negative and the mother has quit breastfeeding</td></tr><tr><td><a href="CodeSystem-HIVConcepts.html#HIVConcepts-HIV.46E.46DE233">HIV.E.DE233</a></td><td>HIV status unknown</td><td>The final HIV status of the child is unknown because the infant died, was lost to follow-up or transferred out without ever having an HIV-positive diagnosis or is active in care but was not tested at 18 months</td></tr></table></li></ul></div>
  </text>
  <url value="http://smart.who.int/hiv/ValueSet/HIV.E.DE230"/>
  <version value="0.2.0"/>
  <name value="HIVEDE230"/>
  <title value="Final diagnosis of HIV-exposed infant ValueSet"/>
  <status value="active"/>
  <experimental value="true"/>
  <date value="2024-08-06T17:04:54+00:00"/>
  <publisher value="WHO"/>
  <contact>
    <name value="WHO"/>
    <telecom>
      <system value="url"/>
      <value value="http://who.int"/>
    </telecom>
  </contact>
  <description value="Value set of HIV-exposed infant final status at 18 months or 3 months after cessation of breastfeeding (whichever is later)."/>
  <compose>
    <include>
      <system value="http://smart.who.int/hiv/CodeSystem/HIVConcepts"/>
      <concept>
        <code value="HIV.E.DE231"/>
        <display value="HIV-positive"/>
      </concept>
      <concept>
        <code value="HIV.E.DE232"/>
        <display value="HIV-negative and no longer breastfeeding"/>
      </concept>
      <concept>
        <code value="HIV.E.DE233"/>
        <display value="HIV status unknown"/>
      </concept>
    </include>
  </compose>
</ValueSet>