<?xml version="1.0" encoding="UTF-8"?>

<ValueSet xmlns="http://hl7.org/fhir">
  <id value="HIV.B.DE226"/>
  <meta>
    <profile value="http://hl7.org/fhir/uv/crmi/StructureDefinition/crmi-shareablevalueset"/>
    <profile value="http://hl7.org/fhir/uv/crmi/StructureDefinition/crmi-publishablevalueset"/>
    <profile value="http://hl7.org/fhir/uv/crmi/StructureDefinition/crmi-computablevalueset"/>
  </meta>
  <text>
    <status value="extensions"/><div xmlns="http://www.w3.org/1999/xhtml"><p class="res-header-id"><b>Generated Narrative: ValueSet HIV.B.DE226</b></p><a name="HIV.B.DE226"> </a><a name="hcHIV.B.DE226"> </a><a name="HIV.B.DE226-en-US"> </a><ul><li>Include these codes as defined in <a href="CodeSystem-HIVConcepts.html"><code>http://smart.who.int/hiv/CodeSystem/HIVConcepts</code></a><table class="none"><tr><td style="white-space:nowrap"><b>Code</b></td><td><b>Display</b></td><td><b>Definition</b></td></tr><tr><td><a href="CodeSystem-HIVConcepts.html#HIVConcepts-HIV.46B.46DE227">HIV.B.DE227</a></td><td>Urethral discharge syndrome</td><td>Client diagnosed with urethral discharge syndrome</td></tr><tr><td><a href="CodeSystem-HIVConcepts.html#HIVConcepts-HIV.46B.46DE228">HIV.B.DE228</a></td><td>Vaginal discharge syndrome</td><td>Client diagnosed with vaginal discharge syndrome</td></tr><tr><td><a href="CodeSystem-HIVConcepts.html#HIVConcepts-HIV.46B.46DE229">HIV.B.DE229</a></td><td>Lower Abdominal pain</td><td>Client diagnosed with lower abdominal pain</td></tr><tr><td><a href="CodeSystem-HIVConcepts.html#HIVConcepts-HIV.46B.46DE230">HIV.B.DE230</a></td><td>Genital ulcer disease syndrome</td><td>Client diagnosed with genital ulcer disease syndrome</td></tr><tr><td><a href="CodeSystem-HIVConcepts.html#HIVConcepts-HIV.46B.46DE231">HIV.B.DE231</a></td><td>Anorectal discharge</td><td>Client diagnosed with anorectal discharge</td></tr><tr><td><a href="CodeSystem-HIVConcepts.html#HIVConcepts-HIV.46B.46DE232">HIV.B.DE232</a></td><td>Sent for testing</td><td>Specimen sent for testing</td></tr><tr><td><a href="CodeSystem-HIVConcepts.html#HIVConcepts-HIV.46B.46DE233">HIV.B.DE233</a></td><td>Other</td><td>Other syndrome/STI diagnosed</td></tr></table></li></ul></div>
  </text>
  <url value="http://smart.who.int/hiv/ValueSet/HIV.B.DE226"/>
  <version value="0.2.0"/>
  <name value="HIVBDE226"/>
  <title value="Syndrome/STI diagnosed ValueSet"/>
  <status value="active"/>
  <experimental value="true"/>
  <date value="2024-08-05T14:13:53+00:00"/>
  <publisher value="WHO"/>
  <contact>
    <name value="WHO"/>
    <telecom>
      <system value="url"/>
      <value value="http://who.int"/>
    </telecom>
  </contact>
  <description value="Value set of syndrome or STI for which client is diagnosed"/>
  <compose>
    <include>
      <system value="http://smart.who.int/hiv/CodeSystem/HIVConcepts"/>
      <concept>
        <code value="HIV.B.DE227"/>
        <display value="Urethral discharge syndrome"/>
      </concept>
      <concept>
        <code value="HIV.B.DE228"/>
        <display value="Vaginal discharge syndrome"/>
      </concept>
      <concept>
        <code value="HIV.B.DE229"/>
        <display value="Lower Abdominal pain"/>
      </concept>
      <concept>
        <code value="HIV.B.DE230"/>
        <display value="Genital ulcer disease syndrome"/>
      </concept>
      <concept>
        <code value="HIV.B.DE231"/>
        <display value="Anorectal discharge"/>
      </concept>
      <concept>
        <code value="HIV.B.DE232"/>
        <display value="Sent for testing"/>
      </concept>
      <concept>
        <code value="HIV.B.DE233"/>
        <display value="Other"/>
      </concept>
    </include>
  </compose>
</ValueSet>