<?xml version="1.0" encoding="UTF-8"?>

<ValueSet xmlns="http://hl7.org/fhir">
  <id value="hiv-g-de14"/>
  <text>
    <status value="extensions"/><div xmlns="http://www.w3.org/1999/xhtml"><ul><li>Include these codes as defined in <a href="CodeSystem-concept-codes.html"><code>http://fhir.org/guides/who/hiv-dak/CodeSystem/HIV-DAKConcepts</code></a><table class="none"><tr><td style="white-space:nowrap"><b>Code</b></td><td><b>Display</b></td><td><b>Definition</b></td></tr><tr><td><a href="CodeSystem-concept-codes.html#concept-codes-HIV.46G.46DE14">HIV.G.DE14</a></td><td>Liquid plasma specimen for viral load testing</td><td>HIV viral load specimen type - Liquid plasma specimen for viral load testing</td></tr><tr><td><a href="CodeSystem-concept-codes.html#concept-codes-HIV.46G.46DE15">HIV.G.DE15</a></td><td>Dried blood spot specimen</td><td>HIV viral load specimen type - Dried blood spot specimen</td></tr><tr><td><a href="CodeSystem-concept-codes.html#concept-codes-HIV.46G.46DE16">HIV.G.DE16</a></td><td>Dried plasma spot from a plasma separation card</td><td>HIV viral load specimen type - Dried plasma spot from a plasma separation card</td></tr></table></li></ul></div>
  </text>
  <url value="http://fhir.org/guides/who/hiv-dak/ValueSet/hiv-g-de14"/>
  <version value="0.3.0"/>
  <name value="HIVviralloadspecimentypeCodes"/>
  <title value="HIV viral load specimen type Codes"/>
  <status value="draft"/>
  <experimental value="false"/>
  <date value="2024-05-31T12:58:44+00:00"/>
  <publisher value="World Health Organization (WHO) "/>
  <contact>
    <telecom>
      <system value="url"/>
      <value value="https://www.who.int"/>
    </telecom>
  </contact>
  <description value="Codes representing possible values for the HIV viral load specimen type element"/>
  <jurisdiction>
    <coding>
      <system value="http://unstats.un.org/unsd/methods/m49/m49.htm"/>
      <code value="001"/>
    </coding>
  </jurisdiction>
  <immutable value="true"/>
  <compose>
    <include>
      <system value="http://fhir.org/guides/who/hiv-dak/CodeSystem/HIV-DAKConcepts"/>
      <concept>
        <code value="HIV.G.DE14"/>
        <display value="Liquid plasma specimen for viral load testing"/>
      </concept>
      <concept>
        <code value="HIV.G.DE15"/>
        <display value="Dried blood spot specimen"/>
      </concept>
      <concept>
        <code value="HIV.G.DE16"/>
        <display value="Dried plasma spot from a plasma separation card"/>
      </concept>
    </include>
  </compose>
</ValueSet>