<?xml version="1.0" encoding="UTF-8"?>

<ValueSet xmlns="http://hl7.org/fhir">
  <id value="HIV.A.DE46"/>
  <meta>
    <profile value="http://hl7.org/fhir/uv/crmi/StructureDefinition/crmi-shareablevalueset"/>
    <profile value="http://hl7.org/fhir/uv/crmi/StructureDefinition/crmi-publishablevalueset"/>
    <profile value="http://hl7.org/fhir/uv/crmi/StructureDefinition/crmi-computablevalueset"/>
  </meta>
  <text>
    <status value="extensions"/><div xmlns="http://www.w3.org/1999/xhtml"><p class="res-header-id"><b>Generated Narrative: ValueSet HIV.A.DE46</b></p><a name="HIV.A.DE46"> </a><a name="hcHIV.A.DE46"> </a><a name="HIV.A.DE46-en-US"> </a><ul><li>Include these codes as defined in <a href="CodeSystem-HIVConcepts.html"><code>http://smart.who.int/hiv/CodeSystem/HIVConcepts</code></a><table class="none"><tr><td style="white-space:nowrap"><b>Code</b></td><td><b>Display</b></td><td><b>Definition</b></td></tr><tr><td><a href="CodeSystem-HIVConcepts.html#HIVConcepts-HIV.46A.46DE47">HIV.A.DE47</a></td><td>Text message/SMS</td><td>The client would like to receive communications via Text message/SMS</td></tr><tr><td><a href="CodeSystem-HIVConcepts.html#HIVConcepts-HIV.46A.46DE48">HIV.A.DE48</a></td><td>Voice call</td><td>Client would like to receive communications via voice call</td></tr></table></li></ul></div>
  </text>
  <url value="http://smart.who.int/hiv/ValueSet/HIV.A.DE46"/>
  <version value="0.2.0"/>
  <name value="HIVADE46"/>
  <title value="Communication preference(s) ValueSet"/>
  <status value="active"/>
  <experimental value="true"/>
  <date value="2024-08-05T14:13:53+00:00"/>
  <publisher value="WHO"/>
  <contact>
    <name value="WHO"/>
    <telecom>
      <system value="url"/>
      <value value="http://who.int"/>
    </telecom>
  </contact>
  <description value="Value set of how the client would like to receive family planning communications"/>
  <compose>
    <include>
      <system value="http://smart.who.int/hiv/CodeSystem/HIVConcepts"/>
      <concept>
        <code value="HIV.A.DE47"/>
        <display value="Text message/SMS"/>
      </concept>
      <concept>
        <code value="HIV.A.DE48"/>
        <display value="Voice call"/>
      </concept>
    </include>
  </compose>
</ValueSet>