<?xml version="1.0" encoding="UTF-8"?>

<ValueSet xmlns="http://hl7.org/fhir">
  <id value="HIV.C.DE149"/>
  <meta>
    <profile value="http://hl7.org/fhir/uv/crmi/StructureDefinition/crmi-shareablevalueset"/>
    <profile value="http://hl7.org/fhir/uv/crmi/StructureDefinition/crmi-publishablevalueset"/>
    <profile value="http://hl7.org/fhir/uv/crmi/StructureDefinition/crmi-computablevalueset"/>
  </meta>
  <text>
    <status value="extensions"/><div xmlns="http://www.w3.org/1999/xhtml"><p class="res-header-id"><b>Generated Narrative: ValueSet HIV.C.DE149</b></p><a name="HIV.C.DE149"> </a><a name="hcHIV.C.DE149"> </a><a name="hcHIV.C.DE149-en-US"> </a><ul><li>Include these codes as defined in <a href="CodeSystem-HIVConcepts.html"><code>http://smart.who.int/hiv/CodeSystem/HIVConcepts</code></a><table class="none"><tr><td style="white-space:nowrap"><b>Code</b></td><td><b>Display</b></td><td><b>Definition</b></td></tr><tr><td><a href="CodeSystem-HIVConcepts.html#HIVConcepts-HIV.46C.46DE150">HIV.C.DE150</a></td><td>Contraception and family planning</td><td>Offer contraception and family planning services</td></tr><tr><td><a href="CodeSystem-HIVConcepts.html#HIVConcepts-HIV.46C.46DE151">HIV.C.DE151</a></td><td>Check pregnancy status</td><td>Check woman's pregnancy status</td></tr><tr><td><a href="CodeSystem-HIVConcepts.html#HIVConcepts-HIV.46C.46DE152">HIV.C.DE152</a></td><td>Prevent mother-to-child transmission</td><td>Offer services (counselling) to help prevent of mother-to-child transmission</td></tr><tr><td><a href="CodeSystem-HIVConcepts.html#HIVConcepts-HIV.46C.46DE153">HIV.C.DE153</a></td><td>Cervical cancer screening and treatment</td><td>Offer cervical cancer screening and treatment services</td></tr><tr><td><a href="CodeSystem-HIVConcepts.html#HIVConcepts-HIV.46C.46DE154">HIV.C.DE154</a></td><td>Anal cancer screening (for men who have sex with men)</td><td>Offer anal cancer screening (for men who have sex with men) services</td></tr><tr><td><a href="CodeSystem-HIVConcepts.html#HIVConcepts-HIV.46C.46DE155">HIV.C.DE155</a></td><td>STI testing and treatment</td><td>Offer STI testing and treatment services</td></tr></table></li></ul></div>
  </text>
  <url value="http://smart.who.int/hiv/ValueSet/HIV.C.DE149"/>
  <version value="0.1.0"/>
  <name value="HIVCDE149"/>
  <title value="Sexual and reproductive health integrated services ValueSet"/>
  <status value="active"/>
  <experimental value="true"/>
  <date value="2024-07-01T19:19:54+00:00"/>
  <publisher value="WHO"/>
  <contact>
    <name value="WHO"/>
    <telecom>
      <system value="url"/>
      <value value="http://who.int"/>
    </telecom>
  </contact>
  <description value="Value set of offer or refer to sexual and reproductive health services"/>
  <compose>
    <include>
      <system value="http://smart.who.int/hiv/CodeSystem/HIVConcepts"/>
      <concept>
        <code value="HIV.C.DE150"/>
        <display value="Contraception and family planning"/>
      </concept>
      <concept>
        <code value="HIV.C.DE151"/>
        <display value="Check pregnancy status"/>
      </concept>
      <concept>
        <code value="HIV.C.DE152"/>
        <display value="Prevent mother-to-child transmission"/>
      </concept>
      <concept>
        <code value="HIV.C.DE153"/>
        <display value="Cervical cancer screening and treatment"/>
      </concept>
      <concept>
        <code value="HIV.C.DE154"/>
        <display value="Anal cancer screening (for men who have sex with men)"/>
      </concept>
      <concept>
        <code value="HIV.C.DE155"/>
        <display value="STI testing and treatment"/>
      </concept>
    </include>
  </compose>
</ValueSet>