<?xml version="1.0" encoding="UTF-8"?>

<ValueSet xmlns="http://hl7.org/fhir">
  <id value="HIV.E.DE259"/>
  <meta>
    <profile value="http://hl7.org/fhir/uv/crmi/StructureDefinition/crmi-shareablevalueset"/>
    <profile value="http://hl7.org/fhir/uv/crmi/StructureDefinition/crmi-publishablevalueset"/>
    <profile value="http://hl7.org/fhir/uv/crmi/StructureDefinition/crmi-computablevalueset"/>
  </meta>
  <text>
    <status value="extensions"/><div xmlns="http://www.w3.org/1999/xhtml"><p class="res-header-id"><b>Generated Narrative: ValueSet HIV.E.DE259</b></p><a name="HIV.E.DE259"> </a><a name="hcHIV.E.DE259"> </a><a name="HIV.E.DE259-en-US"> </a><ul><li>Include these codes as defined in <a href="CodeSystem-HIVConcepts.html"><code>http://smart.who.int/hiv/CodeSystem/HIVConcepts</code></a><table class="none"><tr><td style="white-space:nowrap"><b>Code</b></td><td><b>Display</b></td><td><b>Definition</b></td></tr><tr><td><a href="CodeSystem-HIVConcepts.html#HIVConcepts-HIV.46E.46DE260">HIV.E.DE260</a></td><td>0</td><td>Result of urine protein test of mother during ANC visit is '0'</td></tr><tr><td><a href="CodeSystem-HIVConcepts.html#HIVConcepts-HIV.46E.46DE261">HIV.E.DE261</a></td><td>+</td><td>Result of urine protein test of mother during ANC visit is '+'</td></tr><tr><td><a href="CodeSystem-HIVConcepts.html#HIVConcepts-HIV.46E.46DE262">HIV.E.DE262</a></td><td>++</td><td>Result of urine protein test of mother during ANC visit is '++'</td></tr><tr><td><a href="CodeSystem-HIVConcepts.html#HIVConcepts-HIV.46E.46DE263">HIV.E.DE263</a></td><td>+++</td><td>Result of urine protein test of mother during ANC visit is '+++'</td></tr></table></li></ul></div>
  </text>
  <url value="http://smart.who.int/hiv/ValueSet/HIV.E.DE259"/>
  <version value="0.2.0"/>
  <name value="HIVEDE259"/>
  <title value="Urine protein test result ValueSet"/>
  <status value="active"/>
  <experimental value="true"/>
  <date value="2024-08-06T17:04:54+00:00"/>
  <publisher value="WHO"/>
  <contact>
    <name value="WHO"/>
    <telecom>
      <system value="url"/>
      <value value="http://who.int"/>
    </telecom>
  </contact>
  <description value="Value set of results of urine protein test of mother during ANC visit"/>
  <compose>
    <include>
      <system value="http://smart.who.int/hiv/CodeSystem/HIVConcepts"/>
      <concept>
        <code value="HIV.E.DE260"/>
        <display value="0"/>
      </concept>
      <concept>
        <code value="HIV.E.DE261"/>
        <display value="+"/>
      </concept>
      <concept>
        <code value="HIV.E.DE262"/>
        <display value="++"/>
      </concept>
      <concept>
        <code value="HIV.E.DE263"/>
        <display value="+++"/>
      </concept>
    </include>
  </compose>
</ValueSet>