<?xml version="1.0" encoding="UTF-8"?>

<ValueSet xmlns="http://hl7.org/fhir">
  <id value="hiv-d-de400"/>
  <text>
    <status value="extensions"/><div xmlns="http://www.w3.org/1999/xhtml"><ul><li>Include these codes as defined in <a href="CodeSystem-concept-codes.html"><code>http://fhir.org/guides/who/hiv-dak/CodeSystem/HIV-DAKConcepts</code></a><table class="none"><tr><td style="white-space:nowrap"><b>Code</b></td><td><b>Display</b></td><td><b>Definition</b></td></tr><tr><td><a href="CodeSystem-concept-codes.html#concept-codes-HIV.46D.46DE400">HIV.D.DE400</a></td><td>Haemoglobin (Hb)</td><td>Monitoring examinations - Haemoglobin (Hb)</td></tr><tr><td><a href="CodeSystem-concept-codes.html#concept-codes-HIV.46D.46DE401">HIV.D.DE401</a></td><td>Pregnancy test</td><td>Monitoring examinations - Pregnancy test</td></tr><tr><td><a href="CodeSystem-concept-codes.html#concept-codes-HIV.46D.46DE402">HIV.D.DE402</a></td><td>Syphilis test</td><td>Monitoring examinations - Syphilis test</td></tr><tr><td><a href="CodeSystem-concept-codes.html#concept-codes-HIV.46D.46DE403">HIV.D.DE403</a></td><td>Chest X-ray (CXR)</td><td>Monitoring examinations - Chest X-ray (CXR)</td></tr><tr><td><a href="CodeSystem-concept-codes.html#concept-codes-HIV.46D.46DE404">HIV.D.DE404</a></td><td>Sputum or culture for TB</td><td>Monitoring examinations - Sputum or culture for TB</td></tr><tr><td><a href="CodeSystem-concept-codes.html#concept-codes-HIV.46D.46DE405">HIV.D.DE405</a></td><td>HBsAg test (HBV)</td><td>Monitoring examinations - HBsAg test (HBV)</td></tr><tr><td><a href="CodeSystem-concept-codes.html#concept-codes-HIV.46D.46DE406">HIV.D.DE406</a></td><td>HIV viral load test ordered</td><td>Monitoring examinations - HIV viral load test ordered</td></tr><tr><td><a href="CodeSystem-concept-codes.html#concept-codes-HIV.46D.46DE407">HIV.D.DE407</a></td><td>HIV viral load test scheduled</td><td>Monitoring examinations - HIV viral load test scheduled</td></tr><tr><td><a href="CodeSystem-concept-codes.html#concept-codes-HIV.46D.46DE408">HIV.D.DE408</a></td><td>CD4 count ordered</td><td>Monitoring examinations - CD4 count ordered</td></tr><tr><td><a href="CodeSystem-concept-codes.html#concept-codes-HIV.46D.46DE409">HIV.D.DE409</a></td><td>CD4 count test scheduled</td><td>Monitoring examinations - CD4 count test scheduled</td></tr><tr><td><a href="CodeSystem-concept-codes.html#concept-codes-HIV.46D.46DE410">HIV.D.DE410</a></td><td>Cryptococcal antigen test</td><td>Monitoring examinations - Cryptococcal antigen test</td></tr><tr><td><a href="CodeSystem-concept-codes.html#concept-codes-HIV.46D.46DE411">HIV.D.DE411</a></td><td>Histoplasmosis antigen test</td><td>Monitoring examinations - Histoplasmosis antigen test</td></tr><tr><td><a href="CodeSystem-concept-codes.html#concept-codes-HIV.46D.46DE412">HIV.D.DE412</a></td><td>Cervical cancer screening scheduled</td><td>Monitoring examinations - Cervical cancer screening scheduled</td></tr></table></li></ul></div>
  </text>
  <url value="http://fhir.org/guides/who/hiv-dak/ValueSet/hiv-d-de400"/>
  <version value="0.3.0"/>
  <name value="MonitoringexaminationsCodes"/>
  <title value="Monitoring examinations Codes"/>
  <status value="draft"/>
  <experimental value="false"/>
  <date value="2024-06-04T14:36:24+00:00"/>
  <publisher value="World Health Organization (WHO) "/>
  <contact>
    <telecom>
      <system value="url"/>
      <value value="https://www.who.int"/>
    </telecom>
  </contact>
  <description value="Codes representing possible values for the Monitoring examinations element"/>
  <jurisdiction>
    <coding>
      <system value="http://unstats.un.org/unsd/methods/m49/m49.htm"/>
      <code value="001"/>
    </coding>
  </jurisdiction>
  <immutable value="true"/>
  <compose>
    <include>
      <system value="http://fhir.org/guides/who/hiv-dak/CodeSystem/HIV-DAKConcepts"/>
      <concept>
        <code value="HIV.D.DE400"/>
        <display value="Haemoglobin (Hb)"/>
      </concept>
      <concept>
        <code value="HIV.D.DE401"/>
        <display value="Pregnancy test"/>
      </concept>
      <concept>
        <code value="HIV.D.DE402"/>
        <display value="Syphilis test"/>
      </concept>
      <concept>
        <code value="HIV.D.DE403"/>
        <display value="Chest X-ray (CXR)"/>
      </concept>
      <concept>
        <code value="HIV.D.DE404"/>
        <display value="Sputum or culture for TB"/>
      </concept>
      <concept>
        <code value="HIV.D.DE405"/>
        <display value="HBsAg test (HBV)"/>
      </concept>
      <concept>
        <code value="HIV.D.DE406"/>
        <display value="HIV viral load test ordered"/>
      </concept>
      <concept>
        <code value="HIV.D.DE407"/>
        <display value="HIV viral load test scheduled"/>
      </concept>
      <concept>
        <code value="HIV.D.DE408"/>
        <display value="CD4 count ordered"/>
      </concept>
      <concept>
        <code value="HIV.D.DE409"/>
        <display value="CD4 count test scheduled"/>
      </concept>
      <concept>
        <code value="HIV.D.DE410"/>
        <display value="Cryptococcal antigen test"/>
      </concept>
      <concept>
        <code value="HIV.D.DE411"/>
        <display value="Histoplasmosis antigen test"/>
      </concept>
      <concept>
        <code value="HIV.D.DE412"/>
        <display value="Cervical cancer screening scheduled"/>
      </concept>
    </include>
  </compose>
</ValueSet>