<?xml version="1.0" encoding="UTF-8"?>

<ValueSet xmlns="http://hl7.org/fhir">
  <id value="HIV.D.DE646"/>
  <meta>
    <profile value="http://hl7.org/fhir/uv/crmi/StructureDefinition/crmi-shareablevalueset"/>
    <profile value="http://hl7.org/fhir/uv/crmi/StructureDefinition/crmi-publishablevalueset"/>
    <profile value="http://hl7.org/fhir/uv/crmi/StructureDefinition/crmi-computablevalueset"/>
  </meta>
  <text>
    <status value="extensions"/><div xmlns="http://www.w3.org/1999/xhtml"><p class="res-header-id"><b>Generated Narrative: ValueSet HIV.D.DE646</b></p><a name="HIV.D.DE646"> </a><a name="hcHIV.D.DE646"> </a><a name="hcHIV.D.DE646-en-US"> </a><ul><li>Include these codes as defined in <a href="CodeSystem-HIVConcepts.html"><code>http://smart.who.int/hiv/CodeSystem/HIVConcepts</code></a><table class="none"><tr><td style="white-space:nowrap"><b>Code</b></td><td><b>Display</b></td><td><b>Definition</b></td></tr><tr><td><a href="CodeSystem-HIVConcepts.html#HIVConcepts-HIV.46D.46DE647">HIV.D.DE647</a></td><td>Client was referred</td><td>Client was referred to another provider/facility</td></tr><tr><td><a href="CodeSystem-HIVConcepts.html#HIVConcepts-HIV.46D.46DE648">HIV.D.DE648</a></td><td>Stock out</td><td>There was a stock out of malaria prophylaxis</td></tr><tr><td><a href="CodeSystem-HIVConcepts.html#HIVConcepts-HIV.46D.46DE649">HIV.D.DE649</a></td><td>Expired</td><td>Malaria prophylaxis in stock was expired</td></tr><tr><td><a href="CodeSystem-HIVConcepts.html#HIVConcepts-HIV.46D.46DE650">HIV.D.DE650</a></td><td>Other reason not provided</td><td>Other reason why the prophylaxis was not provided</td></tr></table></li></ul></div>
  </text>
  <url value="http://smart.who.int/hiv/ValueSet/HIV.D.DE646"/>
  <version value="0.1.0"/>
  <name value="HIVDDE646"/>
  <title value="Reason malaria prophylaxis not provided ValueSet"/>
  <status value="active"/>
  <experimental value="true"/>
  <date value="2024-07-01T14:01:13+00:00"/>
  <publisher value="WHO"/>
  <contact>
    <name value="WHO"/>
    <telecom>
      <system value="url"/>
      <value value="http://who.int"/>
    </telecom>
  </contact>
  <description value="Value set of reason why the treatment was not given"/>
  <compose>
    <include>
      <system value="http://smart.who.int/hiv/CodeSystem/HIVConcepts"/>
      <concept>
        <code value="HIV.D.DE647"/>
        <display value="Client was referred"/>
      </concept>
      <concept>
        <code value="HIV.D.DE648"/>
        <display value="Stock out"/>
      </concept>
      <concept>
        <code value="HIV.D.DE649"/>
        <display value="Expired"/>
      </concept>
      <concept>
        <code value="HIV.D.DE650"/>
        <display value="Other reason not provided"/>
      </concept>
    </include>
  </compose>
</ValueSet>