<?xml version="1.0" encoding="UTF-8"?>

<ValueSet xmlns="http://hl7.org/fhir">
  <id value="hiv-d-de359"/>
  <text>
    <status value="extensions"/><div xmlns="http://www.w3.org/1999/xhtml"><ul><li>Include these codes as defined in <a href="CodeSystem-concept-codes.html"><code>http://fhir.org/guides/who/hiv-dak/CodeSystem/HIV-DAKConcepts</code></a><table class="none"><tr><td style="white-space:nowrap"><b>Code</b></td><td><b>Display</b></td><td><b>Definition</b></td></tr><tr><td><a href="CodeSystem-concept-codes.html#concept-codes-HIV.46D.46DE359">HIV.D.DE359</a></td><td>WHO clinical stage 1</td><td>Clinical stage at start of ART - WHO clinical stage 1</td></tr><tr><td><a href="CodeSystem-concept-codes.html#concept-codes-HIV.46D.46DE360">HIV.D.DE360</a></td><td>WHO clinical stage 2</td><td>Clinical stage at start of ART - WHO clinical stage 2</td></tr><tr><td><a href="CodeSystem-concept-codes.html#concept-codes-HIV.46D.46DE361">HIV.D.DE361</a></td><td>WHO clinical stage 3</td><td>Clinical stage at start of ART - WHO clinical stage 3</td></tr><tr><td><a href="CodeSystem-concept-codes.html#concept-codes-HIV.46D.46DE362">HIV.D.DE362</a></td><td>WHO clinical stage 4</td><td>Clinical stage at start of ART - WHO clinical stage 4</td></tr></table></li></ul></div>
  </text>
  <url value="http://fhir.org/guides/who/hiv-dak/ValueSet/hiv-d-de359"/>
  <version value="0.3.0"/>
  <name value="ClinicalstageatstartofARTCodes"/>
  <title value="Clinical stage at start of ART Codes"/>
  <status value="draft"/>
  <experimental value="false"/>
  <date value="2024-06-04T14:36:24+00:00"/>
  <publisher value="World Health Organization (WHO) "/>
  <contact>
    <telecom>
      <system value="url"/>
      <value value="https://www.who.int"/>
    </telecom>
  </contact>
  <description value="Codes representing possible values for the Clinical stage at start of ART element"/>
  <jurisdiction>
    <coding>
      <system value="http://unstats.un.org/unsd/methods/m49/m49.htm"/>
      <code value="001"/>
    </coding>
  </jurisdiction>
  <immutable value="true"/>
  <compose>
    <include>
      <system value="http://fhir.org/guides/who/hiv-dak/CodeSystem/HIV-DAKConcepts"/>
      <concept>
        <code value="HIV.D.DE359"/>
        <display value="WHO clinical stage 1"/>
      </concept>
      <concept>
        <code value="HIV.D.DE360"/>
        <display value="WHO clinical stage 2"/>
      </concept>
      <concept>
        <code value="HIV.D.DE361"/>
        <display value="WHO clinical stage 3"/>
      </concept>
      <concept>
        <code value="HIV.D.DE362"/>
        <display value="WHO clinical stage 4"/>
      </concept>
    </include>
  </compose>
</ValueSet>