<?xml version="1.0" encoding="UTF-8"?>

<ValueSet xmlns="http://hl7.org/fhir">
  <id value="HIV.D.DE525"/>
  <meta>
    <profile value="http://hl7.org/fhir/uv/crmi/StructureDefinition/crmi-shareablevalueset"/>
    <profile value="http://hl7.org/fhir/uv/crmi/StructureDefinition/crmi-publishablevalueset"/>
    <profile value="http://hl7.org/fhir/uv/crmi/StructureDefinition/crmi-computablevalueset"/>
  </meta>
  <text>
    <status value="extensions"/><div xmlns="http://www.w3.org/1999/xhtml"><p class="res-header-id"><b>Generated Narrative: ValueSet HIV.D.DE525</b></p><a name="HIV.D.DE525"> </a><a name="hcHIV.D.DE525"> </a><a name="hcHIV.D.DE525-en-US"> </a><ul><li>Include these codes as defined in <a href="CodeSystem-HIVConcepts.html"><code>http://smart.who.int/hiv/CodeSystem/HIVConcepts</code></a><table class="none"><tr><td style="white-space:nowrap"><b>Code</b></td><td><b>Display</b></td><td><b>Definition</b></td></tr><tr><td><a href="CodeSystem-HIVConcepts.html#HIVConcepts-HIV.46D.46DE526">HIV.D.DE526</a></td><td>Clinical visit</td><td>Appointment for clinical care by a provider</td></tr><tr><td><a href="CodeSystem-HIVConcepts.html#HIVConcepts-HIV.46D.46DE527">HIV.D.DE527</a></td><td>Antiretroviral drug pick up</td><td>Appointment for a drug pick up</td></tr><tr><td><a href="CodeSystem-HIVConcepts.html#HIVConcepts-HIV.46D.46DE528">HIV.D.DE528</a></td><td>Post-treatment follow-up visit for cervical precancer lesions or invasive cervical cancer</td><td>Appointment for a post-treatment follow-up visit for cervical precancer lesions or invasive cervical cancer</td></tr><tr><td><a href="CodeSystem-HIVConcepts.html#HIVConcepts-HIV.46D.46DE529">HIV.D.DE529</a></td><td>Other</td><td>Other reason for the follow-up appointment</td></tr></table></li></ul></div>
  </text>
  <url value="http://smart.who.int/hiv/ValueSet/HIV.D.DE525"/>
  <version value="0.1.0"/>
  <name value="HIVDDE525"/>
  <title value="Type of follow-up appointment ValueSet"/>
  <status value="active"/>
  <experimental value="true"/>
  <date value="2024-07-01T05:12:03+00:00"/>
  <publisher value="WHO"/>
  <contact>
    <name value="WHO"/>
    <telecom>
      <system value="url"/>
      <value value="http://who.int"/>
    </telecom>
  </contact>
  <description value="Value set of whether the visit will be clinical only, ARV drug pick-up or other. Client may have multiple follow-ups scheduled."/>
  <compose>
    <include>
      <system value="http://smart.who.int/hiv/CodeSystem/HIVConcepts"/>
      <concept>
        <code value="HIV.D.DE526"/>
        <display value="Clinical visit"/>
      </concept>
      <concept>
        <code value="HIV.D.DE527"/>
        <display value="Antiretroviral drug pick up"/>
      </concept>
      <concept>
        <code value="HIV.D.DE528"/>
        <display value="Post-treatment follow-up visit for cervical precancer lesions or invasive cervical cancer"/>
      </concept>
      <concept>
        <code value="HIV.D.DE529"/>
        <display value="Other"/>
      </concept>
    </include>
  </compose>
</ValueSet>