<?xml version="1.0" encoding="UTF-8"?>

<ValueSet xmlns="http://hl7.org/fhir">
  <id value="HIV.G.DE13"/>
  <meta>
    <profile value="http://hl7.org/fhir/uv/crmi/StructureDefinition/crmi-shareablevalueset"/>
    <profile value="http://hl7.org/fhir/uv/crmi/StructureDefinition/crmi-publishablevalueset"/>
    <profile value="http://hl7.org/fhir/uv/crmi/StructureDefinition/crmi-computablevalueset"/>
  </meta>
  <text>
    <status value="extensions"/><div xmlns="http://www.w3.org/1999/xhtml"><p class="res-header-id"><b>Generated Narrative: ValueSet HIV.G.DE13</b></p><a name="HIV.G.DE13"> </a><a name="hcHIV.G.DE13"> </a><a name="hcHIV.G.DE13-en-US"> </a><ul><li>Include these codes as defined in <a href="CodeSystem-HIVConcepts.html"><code>http://smart.who.int/hiv/CodeSystem/HIVConcepts</code></a><table class="none"><tr><td style="white-space:nowrap"><b>Code</b></td><td><b>Display</b></td><td><b>Definition</b></td></tr><tr><td><a href="CodeSystem-HIVConcepts.html#HIVConcepts-HIV.46G.46DE14">HIV.G.DE14</a></td><td>Liquid plasma specimen for viral load testing</td><td>Liquid plasma and using ethylenediaminetetraacetic acid (EDTA) or plasma preparation tubes for viral load test</td></tr><tr><td><a href="CodeSystem-HIVConcepts.html#HIVConcepts-HIV.46G.46DE15">HIV.G.DE15</a></td><td>Dried blood spot specimen</td><td>Dried blood spot specimen (DBS) for viral load test</td></tr><tr><td><a href="CodeSystem-HIVConcepts.html#HIVConcepts-HIV.46G.46DE16">HIV.G.DE16</a></td><td>Dried plasma spot from a plasma separation card</td><td>Dried plasma spot from a plasma separation card for viral load test</td></tr></table></li></ul></div>
  </text>
  <url value="http://smart.who.int/hiv/ValueSet/HIV.G.DE13"/>
  <version value="0.1.0"/>
  <name value="HIVGDE13"/>
  <title value="HIV viral load specimen type ValueSet"/>
  <status value="active"/>
  <experimental value="true"/>
  <date value="2024-07-01T19:19:54+00:00"/>
  <publisher value="WHO"/>
  <contact>
    <name value="WHO"/>
    <telecom>
      <system value="url"/>
      <value value="http://who.int"/>
    </telecom>
  </contact>
  <description value="Value set of the type of specimen to be used to test viral load"/>
  <compose>
    <include>
      <system value="http://smart.who.int/hiv/CodeSystem/HIVConcepts"/>
      <concept>
        <code value="HIV.G.DE14"/>
        <display value="Liquid plasma specimen for viral load testing"/>
      </concept>
      <concept>
        <code value="HIV.G.DE15"/>
        <display value="Dried blood spot specimen"/>
      </concept>
      <concept>
        <code value="HIV.G.DE16"/>
        <display value="Dried plasma spot from a plasma separation card"/>
      </concept>
    </include>
  </compose>
</ValueSet>