<?xml version="1.0" encoding="UTF-8"?>

<ValueSet xmlns="http://hl7.org/fhir">
  <id value="hiv-a-de19"/>
  <text>
    <status value="extensions"/><div xmlns="http://www.w3.org/1999/xhtml"><ul><li>Include these codes as defined in <a href="CodeSystem-concept-codes.html"><code>http://fhir.org/guides/who/hiv-dak/CodeSystem/HIV-DAKConcepts</code></a><table class="none"><tr><td style="white-space:nowrap"><b>Code</b></td><td><b>Display</b></td><td><b>Definition</b></td></tr><tr><td><a href="CodeSystem-concept-codes.html#concept-codes-HIV.46A.46DE19">HIV.A.DE19</a></td><td>Female</td><td>Gender* - Female</td></tr><tr><td><a href="CodeSystem-concept-codes.html#concept-codes-HIV.46A.46DE20">HIV.A.DE20</a></td><td>Male</td><td>Gender* - Male</td></tr><tr><td><a href="CodeSystem-concept-codes.html#concept-codes-HIV.46A.46DE21">HIV.A.DE21</a></td><td>Transgender male</td><td>Gender* - Transgender male</td></tr><tr><td><a href="CodeSystem-concept-codes.html#concept-codes-HIV.46A.46DE22">HIV.A.DE22</a></td><td>Transgender female</td><td>Gender* - Transgender female</td></tr><tr><td><a href="CodeSystem-concept-codes.html#concept-codes-HIV.46A.46DE23">HIV.A.DE23</a></td><td>Other</td><td>Gender* - Other</td></tr></table></li></ul></div>
  </text>
  <url value="http://fhir.org/guides/who/hiv-dak/ValueSet/hiv-a-de19"/>
  <version value="0.3.0"/>
  <name value="Gender*Codes"/>
  <title value="Gender* Codes"/>
  <status value="draft"/>
  <experimental value="false"/>
  <date value="2024-06-04T14:36:24+00:00"/>
  <publisher value="World Health Organization (WHO) "/>
  <contact>
    <telecom>
      <system value="url"/>
      <value value="https://www.who.int"/>
    </telecom>
  </contact>
  <description value="Codes representing possible values for the Gender* element"/>
  <jurisdiction>
    <coding>
      <system value="http://unstats.un.org/unsd/methods/m49/m49.htm"/>
      <code value="001"/>
    </coding>
  </jurisdiction>
  <immutable value="true"/>
  <compose>
    <include>
      <system value="http://fhir.org/guides/who/hiv-dak/CodeSystem/HIV-DAKConcepts"/>
      <concept>
        <code value="HIV.A.DE19"/>
        <display value="Female"/>
      </concept>
      <concept>
        <code value="HIV.A.DE20"/>
        <display value="Male"/>
      </concept>
      <concept>
        <code value="HIV.A.DE21"/>
        <display value="Transgender male"/>
      </concept>
      <concept>
        <code value="HIV.A.DE22"/>
        <display value="Transgender female"/>
      </concept>
      <concept>
        <code value="HIV.A.DE23"/>
        <display value="Other"/>
      </concept>
    </include>
  </compose>
</ValueSet>