<?xml version="1.0" encoding="UTF-8"?>

<ValueSet xmlns="http://hl7.org/fhir">
  <id value="HIV.E.DE225"/>
  <meta>
    <profile value="http://hl7.org/fhir/uv/crmi/StructureDefinition/crmi-shareablevalueset"/>
    <profile value="http://hl7.org/fhir/uv/crmi/StructureDefinition/crmi-publishablevalueset"/>
    <profile value="http://hl7.org/fhir/uv/crmi/StructureDefinition/crmi-computablevalueset"/>
  </meta>
  <text>
    <status value="extensions"/><div xmlns="http://www.w3.org/1999/xhtml"><p class="res-header-id"><b>Generated Narrative: ValueSet HIV.E.DE225</b></p><a name="HIV.E.DE225"> </a><a name="hcHIV.E.DE225"> </a><a name="hcHIV.E.DE225-en-US"> </a><ul><li>Include these codes as defined in <a href="CodeSystem-HIVConcepts.html"><code>http://smart.who.int/hiv/CodeSystem/HIVConcepts</code></a><table class="none"><tr><td style="white-space:nowrap"><b>Code</b></td><td><b>Display</b></td><td><b>Definition</b></td></tr><tr><td><a href="CodeSystem-HIVConcepts.html#HIVConcepts-HIV.46E.46DE226">HIV.E.DE226</a></td><td>HIV-positive</td><td>Infant is HIV-positive</td></tr><tr><td><a href="CodeSystem-HIVConcepts.html#HIVConcepts-HIV.46E.46DE227">HIV.E.DE227</a></td><td>HIV-negative</td><td>Infant is HIV-negative</td></tr><tr><td><a href="CodeSystem-HIVConcepts.html#HIVConcepts-HIV.46E.46DE228">HIV.E.DE228</a></td><td>Unknown</td><td>Infant has unknown HIV status</td></tr></table></li></ul></div>
  </text>
  <url value="http://smart.who.int/hiv/ValueSet/HIV.E.DE225"/>
  <version value="0.1.0"/>
  <name value="HIVEDE225"/>
  <title value="Infant HIV status ValueSet"/>
  <status value="active"/>
  <experimental value="true"/>
  <date value="2024-07-01T19:48:05+00:00"/>
  <publisher value="WHO"/>
  <contact>
    <name value="WHO"/>
    <telecom>
      <system value="url"/>
      <value value="http://who.int"/>
    </telecom>
  </contact>
  <description value="Value set of HIV status reported after applying the HIV testing algorithm. No single HIV test can provide an HIV-positive diagnosis."/>
  <compose>
    <include>
      <system value="http://smart.who.int/hiv/CodeSystem/HIVConcepts"/>
      <concept>
        <code value="HIV.E.DE226"/>
        <display value="HIV-positive"/>
      </concept>
      <concept>
        <code value="HIV.E.DE227"/>
        <display value="HIV-negative"/>
      </concept>
      <concept>
        <code value="HIV.E.DE228"/>
        <display value="Unknown"/>
      </concept>
    </include>
  </compose>
</ValueSet>