<?xml version="1.0" encoding="UTF-8"?>

<ValueSet xmlns="http://hl7.org/fhir">
  <id value="HIV.H.DE17"/>
  <meta>
    <profile value="http://hl7.org/fhir/uv/crmi/StructureDefinition/crmi-shareablevalueset"/>
    <profile value="http://hl7.org/fhir/uv/crmi/StructureDefinition/crmi-publishablevalueset"/>
    <profile value="http://hl7.org/fhir/uv/crmi/StructureDefinition/crmi-computablevalueset"/>
  </meta>
  <text>
    <status value="extensions"/><div xmlns="http://www.w3.org/1999/xhtml"><p class="res-header-id"><b>Generated Narrative: ValueSet HIV.H.DE17</b></p><a name="HIV.H.DE17"> </a><a name="hcHIV.H.DE17"> </a><a name="hcHIV.H.DE17-en-US"> </a><ul><li>Include these codes as defined in <a href="CodeSystem-HIVConcepts.html"><code>http://smart.who.int/hiv/CodeSystem/HIVConcepts</code></a><table class="none"><tr><td style="white-space:nowrap"><b>Code</b></td><td><b>Display</b></td><td><b>Definition</b></td></tr><tr><td><a href="CodeSystem-HIVConcepts.html#HIVConcepts-HIV.46H.46DE18">HIV.H.DE18</a></td><td>Client</td><td>The client was the source of information</td></tr><tr><td><a href="CodeSystem-HIVConcepts.html#HIVConcepts-HIV.46H.46DE19">HIV.H.DE19</a></td><td>Informed by treatment provider</td><td>Source of information was a treatment provider of the client</td></tr><tr><td><a href="CodeSystem-HIVConcepts.html#HIVConcepts-HIV.46H.46DE20">HIV.H.DE20</a></td><td>Informed by family or partner</td><td>Source of information was a family member of partner</td></tr><tr><td><a href="CodeSystem-HIVConcepts.html#HIVConcepts-HIV.46H.46DE21">HIV.H.DE21</a></td><td>Other source of information</td><td>Information about the client's status was provided by someone else</td></tr></table></li></ul></div>
  </text>
  <url value="http://smart.who.int/hiv/ValueSet/HIV.H.DE17"/>
  <version value="0.1.0"/>
  <name value="HIVHDE17"/>
  <title value="Source of information ValueSet"/>
  <status value="active"/>
  <experimental value="true"/>
  <date value="2024-07-01T19:48:05+00:00"/>
  <publisher value="WHO"/>
  <contact>
    <name value="WHO"/>
    <telecom>
      <system value="url"/>
      <value value="http://who.int"/>
    </telecom>
  </contact>
  <description value="Value set of source of information about the client"/>
  <compose>
    <include>
      <system value="http://smart.who.int/hiv/CodeSystem/HIVConcepts"/>
      <concept>
        <code value="HIV.H.DE18"/>
        <display value="Client"/>
      </concept>
      <concept>
        <code value="HIV.H.DE19"/>
        <display value="Informed by treatment provider"/>
      </concept>
      <concept>
        <code value="HIV.H.DE20"/>
        <display value="Informed by family or partner"/>
      </concept>
      <concept>
        <code value="HIV.H.DE21"/>
        <display value="Other source of information"/>
      </concept>
    </include>
  </compose>
</ValueSet>