<?xml version="1.0" encoding="UTF-8"?><PlanDefinition xmlns="http://hl7.org/fhir"><id value="HIVB9DT"/><meta><profile value="http://hl7.org/fhir/uv/cpg/StructureDefinition/cpg-recommendationdefinition"/><profile value="http://hl7.org/fhir/uv/crmi/StructureDefinition/crmi-shareableplandefinition"/><profile value="http://hl7.org/fhir/uv/crmi/StructureDefinition/crmi-publishableplandefinition"/></meta><extension url="http://hl7.org/fhir/StructureDefinition/cqf-knowledgeCapability"><valueCode value="computable"/></extension><url value="http://smart.who.int/hiv/PlanDefinition/HIVB9DT"/><version value="0.2.0"/><name value="HIVB9DT"/><title value="HIV.B9.DT Determine retest recommendation"/><type><coding><system value="http://terminology.hl7.org/CodeSystem/plan-definition-type"/><code value="eca-rule"/></coding></type><status value="draft"/><experimental value="true"/><date value="2024-08-06T17:04:54+00:00"/><publisher value="WHO"/><contact><name value="WHO"/><telecom><system value="url"/><value value="http://who.int"/></telecom></contact><description value="HIV restesting recommendations"/><relatedArtifact><type value="citation"/><citation value="Consolidated Guidelines on HIV Testing Services (2019)"/></relatedArtifact><library value="http://smart.who.int/HIV/Library/HIVB2DTLogic"/><action><textEquivalent value="Schedule an annual follow-up test"/><condition><kind value="applicability"/><expression><language value="text/cql-identifier"/><expression value="Schedule an annual follow-up test"/></expression></condition><type><coding><code value="create"/></coding></type><definitionCanonical value="http://smart.who.int/hiv/ActivityDefinition/HIVB9DTScheduleFollowUp"/><dynamicValue><path value="intent"/><expression><description value="Intent = 'plan'"/><language value="text/cql"/><expression value="'plan' from &quot;http://hl7.org/fhir/request-intent&quot;"/></expression></dynamicValue><dynamicValue><path value="code.coding"/><expression><description value="HIV Screening"/><language value="text/cql"/><expression value="'171121004' from &quot;SNOMED-CT&quot; display 'HIV screening'"/></expression></dynamicValue><dynamicValue><path value="occurrenceDateTime"/><expression><description value="At the recommended interval"/><language value="text/cql-identifier"/><expression value="Schedule Date"/></expression></dynamicValue></action><action><textEquivalent value="Schedule quarterly retesting for PrEP users"/><condition><kind value="applicability"/><expression><language value="text/cql-identifier"/><expression value="Schedule quarterly retesting for PrEP users"/></expression></condition><type><coding><code value="create"/></coding></type><definitionCanonical value="http://smart.who.int/hiv/ActivityDefinition/HIVB9DTScheduleFollowUp"/><dynamicValue><path value="intent"/><expression><description value="Intent = 'plan'"/><language value="text/cql"/><expression value="'plan' from &quot;http://hl7.org/fhir/request-intent&quot;"/></expression></dynamicValue><dynamicValue><path value="code.coding"/><expression><description value="HIV Screening"/><language value="text/cql"/><expression value="'171121004' from &quot;SNOMED-CT&quot; display 'HIV screening'"/></expression></dynamicValue><dynamicValue><path value="occurrenceDateTime"/><expression><description value="At the recommended interval"/><language value="text/cql-identifier"/><expression value="Schedule Date"/></expression></dynamicValue></action><action><textEquivalent value="Follow-up test recommended"/><condition><kind value="applicability"/><expression><language value="text/cql-identifier"/><expression value="Follow-up test recommended"/></expression></condition><type><coding><code value="create"/></coding></type><definitionCanonical value="http://smart.who.int/hiv/ActivityDefinition/HIVB9DTScheduleFollowUp"/><dynamicValue><path value="intent"/><expression><description value="Intent = 'proposal'"/><language value="text/cql"/><expression value="'proposal' from &quot;http://hl7.org/fhir/request-intent&quot;"/></expression></dynamicValue><dynamicValue><path value="code.coding"/><expression><description value="HIV Screening"/><language value="text/cql"/><expression value="'171121004' from &quot;SNOMED-CT&quot; display 'HIV screening'"/></expression></dynamicValue></action><action><textEquivalent value="Schedule an HIV test, syphilis test, hepatitis B test as early as possible during this pregnancy"/><condition><kind value="applicability"/><expression><language value="text/cql-identifier"/><expression value="Schedule an HIV test, syphilis test, hepatitis B test as early as possible during this pregnancy"/></expression></condition><type><coding><code value="create"/></coding></type><action><textEquivalent value="Schedule an HIV test as early as possible"/><type><coding><code value="create"/></coding></type><definitionCanonical value="http://smart.who.int/hiv/ActivityDefinition/HIVB9DTScheduleFollowUp"/><dynamicValue><path value="intent"/><expression><description value="Intent = 'proposal'"/><language value="text/cql"/><expression value="'proposal' from &quot;http://hl7.org/fhir/request-intent&quot;"/></expression></dynamicValue><dynamicValue><path value="code.coding"/><expression><description value="HIV test"/><language value="text/cql"/><expression value="'171121004' from &quot;SNOMED-CT&quot; display 'HIV test'"/></expression></dynamicValue></action><action><textEquivalent value="Schedule a Syphilis test as early as possible"/><type><coding><code value="create"/></coding></type><definitionCanonical value="http://smart.who.int/hiv/ActivityDefinition/HIVB9DTScheduleFollowUp"/><dynamicValue><path value="intent"/><expression><description value="Intent = 'proposal'"/><language value="text/cql"/><expression value="'proposal' from &quot;http://hl7.org/fhir/request-intent&quot;"/></expression></dynamicValue><dynamicValue><path value="code.coding"/><expression><description value="Syphilis test"/><language value="text/cql"/><expression value="'40675008' from &quot;SNOMED-CT&quot; display 'Syphilis test'"/></expression></dynamicValue></action><action><textEquivalent value="Schedule a Heptatitis test as early as possible"/><type><coding><code value="create"/></coding></type><definitionCanonical value="http://smart.who.int/hiv/ActivityDefinition/HIVB9DTScheduleFollowUp"/><dynamicValue><path value="intent"/><expression><description value="Intent = 'proposal'"/><language value="text/cql"/><expression value="'proposal' from &quot;http://hl7.org/fhir/request-intent&quot;"/></expression></dynamicValue><dynamicValue><path value="code.coding"/><expression><description value="Heptatitis B test"/><language value="text/cql"/><expression value="'313476009' from &quot;SNOMED-CT&quot; display 'Heptatitis B test'"/></expression></dynamicValue></action></action><action><textEquivalent value="Schedule a follow-up tests for pregnant persons"/><condition><kind value="applicability"/><expression><language value="text/cql-identifier"/><expression value="Schedule a 'Follow-up test recommended date' at first ANC contact date"/></expression></condition><type><coding><code value="create"/></coding></type><action><textEquivalent value="Schedule a follow-up test recommended date at first ANC contact date"/><type><coding><code value="create"/></coding></type><definitionCanonical value="http://smart.who.int/hiv/ActivityDefinition/HIVB9DTScheduleFollowUp"/><dynamicValue><path value="intent"/><expression><description value="Intent = 'proposal'"/><language value="text/cql"/><expression value="'proposal' from &quot;http://hl7.org/fhir/request-intent&quot;"/></expression></dynamicValue><dynamicValue><path value="code.coding"/><expression><description value="HIV Screening"/><language value="text/cql"/><expression value="'171121004' from &quot;SNOMED-CT&quot; display 'HIV screening'"/></expression></dynamicValue></action><action><textEquivalent value="Schedule a follow-up test recommended date during a third trimester visit"/><type><coding><code value="create"/></coding></type><definitionCanonical value="http://smart.who.int/hiv/ActivityDefinition/HIVB9DTScheduleFollowUp"/><dynamicValue><path value="intent"/><expression><description value="Intent = 'proposal'"/><language value="text/cql"/><expression value="'proposal' from &quot;http://hl7.org/fhir/request-intent&quot;"/></expression></dynamicValue><dynamicValue><path value="code.coding"/><expression><description value="HIV Screening"/><language value="text/cql"/><expression value="'171121004' from &quot;SNOMED-CT&quot; display 'HIV screening'"/></expression></dynamicValue></action><action><textEquivalent value="Schedule a follow-up test recommended date either two-weeks, 6 months or 9 months post delivery"/><type><coding><code value="create"/></coding></type><definitionCanonical value="http://smart.who.int/hiv/ActivityDefinition/HIVB9DTScheduleFollowUp"/><dynamicValue><path value="intent"/><expression><description value="Intent = 'proposal'"/><language value="text/cql"/><expression value="'proposal' from &quot;http://hl7.org/fhir/request-intent&quot;"/></expression></dynamicValue><dynamicValue><path value="code.coding"/><expression><description value="HIV Screening"/><language value="text/cql"/><expression value="'171121004' from &quot;SNOMED-CT&quot; display 'HIV screening'"/></expression></dynamicValue></action></action></PlanDefinition>