<?xml version="1.0" encoding="UTF-8"?><Basic xmlns="http://hl7.org/fhir"><id value="HIV.C.PrEPvisit"/><text><status value="generated"/><div xmlns="http://www.w3.org/1999/xhtml"><p class="res-header-id"><b>Generated Narrative: Requirements HIV.C.PrEPvisit</b></p><a name="HIV.C.PrEPvisit"> </a><a name="hcHIV.C.PrEPvisit"> </a><a name="HIV.C.PrEPvisit-en-US"> </a><table class="grid"><tr><td><b><a name="HIV.FXNREQ.035"> </a></b>HIV.FXNREQ.035</td><td/><td><div><p>As a Health worker
I want to be prompted to ask about conditions which would exclude a client from certain services
So that clients are not provided with services that may not be safe for them</p>
</div></td></tr><tr><td><b><a name="HIV.FXNREQ.036"> </a></b>HIV.FXNREQ.036</td><td/><td><div><p>As a Health worker
I want to log the reason a client is not medically eligible for a method
So that the next provider has this information, client safety is better protected, and on a future visit it is easier to check whether a client is now eligible</p>
</div></td></tr><tr><td><b><a name="HIV.FXNREQ.037"> </a></b>HIV.FXNREQ.037</td><td/><td><div><p>As a Health worker
I want to be alerted if a client was previously not eligible for a method
So that I do not have to search through records, given I have limited time</p>
</div></td></tr><tr><td><b><a name="HIV.FXNREQ.038"> </a></b>HIV.FXNREQ.038</td><td/><td><div><p>As a Health worker
I want to have flexibility to perform screenings and clinical activities based on my clinical judgment
So that I can screen clients for recommended, desirable or other tests in an efficient way</p>
</div></td></tr><tr><td><b><a name="HIV.FXNREQ.039"> </a></b>HIV.FXNREQ.039</td><td/><td><div><p>As a Health worker
I want to be able to input  custom schedules to allow for contacts on specific days and times, account for holidays, etc
So that I can inform the client of their next contact</p>
</div></td></tr></table></div></text><extension url="http://hl7.org/fhir/5.0/StructureDefinition/extension-Requirements.url"><valueUri value="http://smart.who.int/hiv/Requirements/HIV.C.PrEPvisit"/></extension><extension url="http://hl7.org/fhir/5.0/StructureDefinition/extension-Requirements.version"><valueString value="0.2.0"/></extension><extension url="http://hl7.org/fhir/5.0/StructureDefinition/extension-Requirements.status"><valueCode value="active"/></extension><extension url="http://hl7.org/fhir/5.0/StructureDefinition/extension-Requirements.date"><valueDateTime value="2024-08-05T14:13:53+00:00"/></extension><extension url="http://hl7.org/fhir/5.0/StructureDefinition/extension-Requirements.publisher"><valueString value="WHO"/></extension><extension url="http://hl7.org/fhir/5.0/StructureDefinition/extension-Requirements.contact"><valueContactDetail><name value="WHO"/><telecom><system value="url"/><value value="http://who.int"/></telecom></valueContactDetail></extension><extension url="http://hl7.org/fhir/5.0/StructureDefinition/extension-Requirements.jurisdiction"/><extension url="http://hl7.org/fhir/5.0/StructureDefinition/extension-Requirements.statement"><extension url="http://hl7.org/fhir/5.0/StructureDefinition/extension-Requirements.statement.key"><valueId value="HIV.FXNREQ.035"/></extension><extension url="http://hl7.org/fhir/5.0/StructureDefinition/extension-Requirements.statement.requirement"><valueMarkdown value="As a Health worker&#xA;I want to be prompted to ask about conditions which would exclude a client from certain services&#xA;So that clients are not provided with services that may not be safe for them"/></extension></extension><extension url="http://hl7.org/fhir/5.0/StructureDefinition/extension-Requirements.statement"><extension url="http://hl7.org/fhir/5.0/StructureDefinition/extension-Requirements.statement.key"><valueId value="HIV.FXNREQ.036"/></extension><extension url="http://hl7.org/fhir/5.0/StructureDefinition/extension-Requirements.statement.requirement"><valueMarkdown value="As a Health worker&#xA;I want to log the reason a client is not medically eligible for a method&#xA;So that the next provider has this information, client safety is better protected, and on a future visit it is easier to check whether a client is now eligible"/></extension></extension><extension url="http://hl7.org/fhir/5.0/StructureDefinition/extension-Requirements.statement"><extension url="http://hl7.org/fhir/5.0/StructureDefinition/extension-Requirements.statement.key"><valueId value="HIV.FXNREQ.037"/></extension><extension url="http://hl7.org/fhir/5.0/StructureDefinition/extension-Requirements.statement.requirement"><valueMarkdown value="As a Health worker&#xA;I want to be alerted if a client was previously not eligible for a method&#xA;So that I do not have to search through records, given I have limited time"/></extension></extension><extension url="http://hl7.org/fhir/5.0/StructureDefinition/extension-Requirements.statement"><extension url="http://hl7.org/fhir/5.0/StructureDefinition/extension-Requirements.statement.key"><valueId value="HIV.FXNREQ.038"/></extension><extension url="http://hl7.org/fhir/5.0/StructureDefinition/extension-Requirements.statement.requirement"><valueMarkdown value="As a Health worker&#xA;I want to have flexibility to perform screenings and clinical activities based on my clinical judgment&#xA;So that I can screen clients for recommended, desirable or other tests in an efficient way"/></extension></extension><extension url="http://hl7.org/fhir/5.0/StructureDefinition/extension-Requirements.statement"><extension url="http://hl7.org/fhir/5.0/StructureDefinition/extension-Requirements.statement.key"><valueId value="HIV.FXNREQ.039"/></extension><extension url="http://hl7.org/fhir/5.0/StructureDefinition/extension-Requirements.statement.requirement"><valueMarkdown value="As a Health worker&#xA;I want to be able to input  custom schedules to allow for contacts on specific days and times, account for holidays, etc&#xA;So that I can inform the client of their next contact"/></extension></extension><code><coding><system value="http://hl7.org/fhir/fhir-types"/><code value="Requirements"/></coding></code></Basic>