<?xml version="1.0" encoding="UTF-8"?><ValueSet xmlns="http://hl7.org/fhir"><id value="HIV.B.DE132"/><meta><profile value="http://hl7.org/fhir/uv/crmi/StructureDefinition/crmi-shareablevalueset"/><profile value="http://hl7.org/fhir/uv/crmi/StructureDefinition/crmi-publishablevalueset"/><profile value="http://hl7.org/fhir/uv/crmi/StructureDefinition/crmi-computablevalueset"/></meta><text><status value="extensions"/><div xmlns="http://www.w3.org/1999/xhtml"><p class="res-header-id"><b>Generated Narrative: ValueSet HIV.B.DE132</b></p><a name="HIV.B.DE132"> </a><a name="hcHIV.B.DE132"> </a><a name="hcHIV.B.DE132-en-US"> </a><ul><li>Include these codes as defined in <a href="CodeSystem-HIVConcepts.html"><code>http://smart.who.int/hiv/CodeSystem/HIVConcepts</code></a><table class="none"><tr><td style="white-space:nowrap"><b>Code</b></td><td><b>Display</b></td><td><b>Definition</b></td></tr><tr><td><a href="CodeSystem-HIVConcepts.html#HIVConcepts-HIV.46B.46DE133">HIV.B.DE133</a></td><td>HIV-positive</td><td>Test result is HIV-positive</td></tr><tr><td><a href="CodeSystem-HIVConcepts.html#HIVConcepts-HIV.46B.46DE134">HIV.B.DE134</a></td><td>HIV-negative</td><td>Test result is HIV-negative</td></tr><tr><td><a href="CodeSystem-HIVConcepts.html#HIVConcepts-HIV.46B.46DE135">HIV.B.DE135</a></td><td>HIV-inconclusive</td><td>Test result is HIV-inconclusive</td></tr></table></li></ul></div></text><url value="http://smart.who.int/hiv/ValueSet/HIV.B.DE132"/><version value="0.1.0"/><name value="HIVBDE132"/><title value="Partner HIV test result ValueSet"/><status value="active"/><experimental value="true"/><date value="2024-07-01T19:15:43+00:00"/><publisher value="WHO"/><contact><name value="WHO"/><telecom><system value="url"/><value value="http://who.int"/></telecom></contact><description value="Value set of the HIV test result of the client's partner"/><compose><include><system value="http://smart.who.int/hiv/CodeSystem/HIVConcepts"/><concept><code value="HIV.B.DE133"/><display value="HIV-positive"/></concept><concept><code value="HIV.B.DE134"/><display value="HIV-negative"/></concept><concept><code value="HIV.B.DE135"/><display value="HIV-inconclusive"/></concept></include></compose></ValueSet>