<?xml version="1.0" encoding="UTF-8"?><ValueSet xmlns="http://hl7.org/fhir"><id value="HIV.B.DE5"/><meta><profile value="http://hl7.org/fhir/uv/crmi/StructureDefinition/crmi-shareablevalueset"/><profile value="http://hl7.org/fhir/uv/crmi/StructureDefinition/crmi-publishablevalueset"/><profile value="http://hl7.org/fhir/uv/crmi/StructureDefinition/crmi-computablevalueset"/></meta><text><status value="extensions"/><div xmlns="http://www.w3.org/1999/xhtml"><p class="res-header-id"><b>Generated Narrative: ValueSet HIV.B.DE5</b></p><a name="HIV.B.DE5"> </a><a name="hcHIV.B.DE5"> </a><a name="HIV.B.DE5-en-US"> </a><ul><li>Include these codes as defined in <a href="CodeSystem-HIVConcepts.html"><code>http://smart.who.int/hiv/CodeSystem/HIVConcepts</code></a><table class="none"><tr><td style="white-space:nowrap"><b>Code</b></td><td><b>Display</b></td><td><b>Definition</b></td></tr><tr><td><a href="CodeSystem-HIVConcepts.html#HIVConcepts-HIV.46B.46DE6">HIV.B.DE6</a></td><td>Partner or contact of an index case</td><td>The client is a contact or partner of a person diagnosed with HIV (an index case)</td></tr><tr><td><a href="CodeSystem-HIVConcepts.html#HIVConcepts-HIV.46B.46DE7">HIV.B.DE7</a></td><td>Partner or contact of an HIV testing client (non-index case)</td><td>The client is a contact or partner identified through partner or social network services, but is not known to be a partner of an index-case</td></tr></table></li></ul></div></text><url value="http://smart.who.int/hiv/ValueSet/HIV.B.DE5"/><version value="0.2.0"/><name value="HIVBDE5"/><title value="Referred through partner services ValueSet"/><status value="active"/><experimental value="true"/><date value="2024-08-05T14:13:53+00:00"/><publisher value="WHO"/><contact><name value="WHO"/><telecom><system value="url"/><value value="http://who.int"/></telecom></contact><description value="Value set of client reported coming to the facility after receiving a provider-assisted referral or patient referral from a contact or partner"/><compose><include><system value="http://smart.who.int/hiv/CodeSystem/HIVConcepts"/><concept><code value="HIV.B.DE6"/><display value="Partner or contact of an index case"/></concept><concept><code value="HIV.B.DE7"/><display value="Partner or contact of an HIV testing client (non-index case)"/></concept></include></compose></ValueSet>