<?xml version="1.0" encoding="UTF-8"?><ValueSet xmlns="http://hl7.org/fhir"><id value="HIV.D.DE177"/><meta><profile value="http://hl7.org/fhir/uv/crmi/StructureDefinition/crmi-shareablevalueset"/><profile value="http://hl7.org/fhir/uv/crmi/StructureDefinition/crmi-publishablevalueset"/><profile value="http://hl7.org/fhir/uv/crmi/StructureDefinition/crmi-computablevalueset"/></meta><text><status value="generated"/><div xmlns="http://www.w3.org/1999/xhtml"><p class="res-header-id"><b>Generated Narrative: ValueSet HIV.D.DE177</b></p><a name="HIV.D.DE177"> </a><a name="hcHIV.D.DE177"> </a><a name="hcHIV.D.DE177-en-US"> </a><p>This value set includes codes based on the following rules:</p><ul/></div></text><url value="http://smart.who.int/hiv/ValueSet/HIV.D.DE177"/><version value="0.1.0"/><name value="HIVDDE177"/><title value="HCV treatment regimen prescribed ValueSet"/><status value="active"/><experimental value="true"/><date value="2024-07-01T12:40:16+00:00"/><publisher value="WHO"/><contact><name value="WHO"/><telecom><system value="url"/><value value="http://who.int"/></telecom></contact><description value="Value set of hepatitis C virus treatment regimen prescribed"/></ValueSet>