<?xml version="1.0" encoding="UTF-8"?><ValueSet xmlns="http://hl7.org/fhir"><id value="HIV.B.DE50"/><meta><profile value="http://hl7.org/fhir/uv/crmi/StructureDefinition/crmi-shareablevalueset"/><profile value="http://hl7.org/fhir/uv/crmi/StructureDefinition/crmi-publishablevalueset"/><profile value="http://hl7.org/fhir/uv/crmi/StructureDefinition/crmi-computablevalueset"/></meta><text><status value="extensions"/><div xmlns="http://www.w3.org/1999/xhtml"><p class="res-header-id"><b>Generated Narrative: ValueSet HIV.B.DE50</b></p><a name="HIV.B.DE50"> </a><a name="hcHIV.B.DE50"> </a><a name="hcHIV.B.DE50-en-US"> </a><ul><li>Include these codes as defined in <a href="CodeSystem-HIVConcepts.html"><code>http://smart.who.int/hiv/CodeSystem/HIVConcepts</code></a><table class="none"><tr><td style="white-space:nowrap"><b>Code</b></td><td><b>Display</b></td><td><b>Definition</b></td></tr><tr><td><a href="CodeSystem-HIVConcepts.html#HIVConcepts-HIV.46B.46DE51">HIV.B.DE51</a></td><td>Sex worker</td><td>Client is a sex worker</td></tr><tr><td><a href="CodeSystem-HIVConcepts.html#HIVConcepts-HIV.46B.46DE52">HIV.B.DE52</a></td><td>Men who have sex with men</td><td>Client is a man who has sex with men</td></tr><tr><td><a href="CodeSystem-HIVConcepts.html#HIVConcepts-HIV.46B.46DE53">HIV.B.DE53</a></td><td>Trans and gender-diverse people</td><td>Client identifies as trans and gender-diverse</td></tr><tr><td><a href="CodeSystem-HIVConcepts.html#HIVConcepts-HIV.46B.46DE54">HIV.B.DE54</a></td><td>People who inject drugs</td><td>Client is a person who injects drugs</td></tr><tr><td><a href="CodeSystem-HIVConcepts.html#HIVConcepts-HIV.46B.46DE55">HIV.B.DE55</a></td><td>People living in prisons and other closed settings</td><td>Client lives in a prison or another closed setting</td></tr></table></li></ul></div></text><url value="http://smart.who.int/hiv/ValueSet/HIV.B.DE50"/><version value="0.1.0"/><name value="HIVBDE50"/><title value="Key population member type ValueSet"/><status value="active"/><experimental value="true"/><date value="2024-07-01T14:01:13+00:00"/><publisher value="WHO"/><contact><name value="WHO"/><telecom><system value="url"/><value value="http://who.int"/></telecom></contact><description value="Value set of the type of key population that the client is included in"/><compose><include><system value="http://smart.who.int/hiv/CodeSystem/HIVConcepts"/><concept><code value="HIV.B.DE51"/><display value="Sex worker"/></concept><concept><code value="HIV.B.DE52"/><display value="Men who have sex with men"/></concept><concept><code value="HIV.B.DE53"/><display value="Trans and gender-diverse people"/></concept><concept><code value="HIV.B.DE54"/><display value="People who inject drugs"/></concept><concept><code value="HIV.B.DE55"/><display value="People living in prisons and other closed settings"/></concept></include></compose></ValueSet>