<?xml version="1.0" encoding="UTF-8"?><ValueSet xmlns="http://hl7.org/fhir"><id value="HIV.E.DE190"/><meta><profile value="http://hl7.org/fhir/uv/crmi/StructureDefinition/crmi-shareablevalueset"/><profile value="http://hl7.org/fhir/uv/crmi/StructureDefinition/crmi-publishablevalueset"/><profile value="http://hl7.org/fhir/uv/crmi/StructureDefinition/crmi-computablevalueset"/></meta><text><status value="extensions"/><div xmlns="http://www.w3.org/1999/xhtml"><p class="res-header-id"><b>Generated Narrative: ValueSet HIV.E.DE190</b></p><a name="HIV.E.DE190"> </a><a name="hcHIV.E.DE190"> </a><a name="HIV.E.DE190-en-US"> </a><ul><li>Include these codes as defined in <a href="CodeSystem-HIVConcepts.html"><code>http://smart.who.int/hiv/CodeSystem/HIVConcepts</code></a><table class="none"><tr><td style="white-space:nowrap"><b>Code</b></td><td><b>Display</b></td><td><b>Definition</b></td></tr><tr><td><a href="CodeSystem-HIVConcepts.html#HIVConcepts-HIV.46E.46DE191">HIV.E.DE191</a></td><td>Positive</td><td>Positive HIV test result from the nucleic acid test</td></tr><tr><td><a href="CodeSystem-HIVConcepts.html#HIVConcepts-HIV.46E.46DE192">HIV.E.DE192</a></td><td>Negative</td><td>Negative HIV test result from the nucleic acid test</td></tr><tr><td><a href="CodeSystem-HIVConcepts.html#HIVConcepts-HIV.46E.46DE193">HIV.E.DE193</a></td><td>Indeterminate</td><td>Indeterminate HIV test result from the nucleic acid test</td></tr></table></li></ul></div></text><url value="http://smart.who.int/hiv/ValueSet/HIV.E.DE190"/><version value="0.2.0"/><name value="HIVEDE190"/><title value="EID test number 2 test result ValueSet"/><status value="active"/><experimental value="true"/><date value="2024-08-05T14:13:53+00:00"/><publisher value="WHO"/><contact><name value="WHO"/><telecom><system value="url"/><value value="http://who.int"/></telecom></contact><description value="Value set of early infant diagnosis test number 2 test result"/><compose><include><system value="http://smart.who.int/hiv/CodeSystem/HIVConcepts"/><concept><code value="HIV.E.DE191"/><display value="Positive"/></concept><concept><code value="HIV.E.DE192"/><display value="Negative"/></concept><concept><code value="HIV.E.DE193"/><display value="Indeterminate"/></concept></include></compose></ValueSet>