<?xml version="1.0" encoding="UTF-8"?><ValueSet xmlns="http://hl7.org/fhir"><id value="hiv-c-de56"/><text><status value="extensions"/><div xmlns="http://www.w3.org/1999/xhtml"><ul><li>Include these codes as defined in <a href="CodeSystem-concept-codes.html"><code>http://fhir.org/guides/who/hiv-dak/CodeSystem/HIV-DAKConcepts</code></a><table class="none"><tr><td style="white-space:nowrap"><b>Code</b></td><td><b>Display</b></td><td><b>Definition</b></td></tr><tr><td><a href="CodeSystem-concept-codes.html#concept-codes-HIV.46C.46DE56">HIV.C.DE56</a></td><td>Not on ART</td><td>Sex partner's HIV treatment status - Not on ART</td></tr><tr><td><a href="CodeSystem-concept-codes.html#concept-codes-HIV.46C.46DE57">HIV.C.DE57</a></td><td>On ART less than 6 months</td><td>Sex partner's HIV treatment status - On ART less than 6 months</td></tr><tr><td><a href="CodeSystem-concept-codes.html#concept-codes-HIV.46C.46DE58">HIV.C.DE58</a></td><td>Partner has suspected low adherence to ART</td><td>Sex partner's HIV treatment status - Partner has suspected low adherence to ART</td></tr><tr><td><a href="CodeSystem-concept-codes.html#concept-codes-HIV.46C.46DE59">HIV.C.DE59</a></td><td>Partner is not virally suppressed</td><td>Sex partner's HIV treatment status - Partner is not virally suppressed</td></tr><tr><td><a href="CodeSystem-concept-codes.html#concept-codes-HIV.46C.46DE60">HIV.C.DE60</a></td><td>Partner is virally suppressed and has been on ART for 6 months or more</td><td>Sex partner's HIV treatment status - Partner is virally suppressed and has been on ART for 6 months or more</td></tr></table></li></ul></div></text><url value="http://fhir.org/guides/who/hiv-dak/ValueSet/hiv-c-de56"/><version value="0.3.0"/><name value="Sexpartner'sHIVtreatmentstatusCodes"/><title value="Sex partner's HIV treatment status Codes"/><status value="draft"/><experimental value="false"/><date value="2024-05-31T12:28:50+00:00"/><publisher value="World Health Organization (WHO) "/><contact><telecom><system value="url"/><value value="https://www.who.int"/></telecom></contact><description value="Codes representing possible values for the Sex partner's HIV treatment status element"/><jurisdiction><coding><system value="http://unstats.un.org/unsd/methods/m49/m49.htm"/><code value="001"/></coding></jurisdiction><immutable value="true"/><compose><include><system value="http://fhir.org/guides/who/hiv-dak/CodeSystem/HIV-DAKConcepts"/><concept><code value="HIV.C.DE56"/><display value="Not on ART"/></concept><concept><code value="HIV.C.DE57"/><display value="On ART less than 6 months"/></concept><concept><code value="HIV.C.DE58"/><display value="Partner has suspected low adherence to ART"/></concept><concept><code value="HIV.C.DE59"/><display value="Partner is not virally suppressed"/></concept><concept><code value="HIV.C.DE60"/><display value="Partner is virally suppressed and has been on ART for 6 months or more"/></concept></include></compose></ValueSet>