<?xml version="1.0" encoding="UTF-8"?><ValueSet xmlns="http://hl7.org/fhir"><id value="HIV.B.DE115"/><meta><profile value="http://hl7.org/fhir/uv/crmi/StructureDefinition/crmi-shareablevalueset"/><profile value="http://hl7.org/fhir/uv/crmi/StructureDefinition/crmi-publishablevalueset"/><profile value="http://hl7.org/fhir/uv/crmi/StructureDefinition/crmi-computablevalueset"/></meta><text><status value="extensions"/><div xmlns="http://www.w3.org/1999/xhtml"><p class="res-header-id"><b>Generated Narrative: ValueSet HIV.B.DE115</b></p><a name="HIV.B.DE115"> </a><a name="hcHIV.B.DE115"> </a><a name="hcHIV.B.DE115-en-US"> </a><ul><li>Include these codes as defined in <a href="CodeSystem-HIVConcepts.html"><code>http://smart.who.int/hiv/CodeSystem/HIVConcepts</code></a><table class="none"><tr><td style="white-space:nowrap"><b>Code</b></td><td><b>Display</b></td><td><b>Definition</b></td></tr><tr><td><a href="CodeSystem-HIVConcepts.html#HIVConcepts-HIV.46B.46DE116">HIV.B.DE116</a></td><td>HIV-positive</td><td>Client is HIV-positive</td></tr><tr><td><a href="CodeSystem-HIVConcepts.html#HIVConcepts-HIV.46B.46DE117">HIV.B.DE117</a></td><td>HIV-negative</td><td>Client is HIV-negative</td></tr><tr><td><a href="CodeSystem-HIVConcepts.html#HIVConcepts-HIV.46B.46DE118">HIV.B.DE118</a></td><td>Unknown</td><td>Client has unknown HIV status</td></tr></table></li></ul></div></text><url value="http://smart.who.int/hiv/ValueSet/HIV.B.DE115"/><version value="0.1.0"/><name value="HIVBDE115"/><title value="HIV status ValueSet"/><status value="active"/><experimental value="true"/><date value="2024-07-01T19:37:36+00:00"/><publisher value="WHO"/><contact><name value="WHO"/><telecom><system value="url"/><value value="http://who.int"/></telecom></contact><description value="Value set of HIV status reported after applying the national HIV testing algorithm. No single HIV test can provide an HIV-positive diagnosis."/><compose><include><system value="http://smart.who.int/hiv/CodeSystem/HIVConcepts"/><concept><code value="HIV.B.DE116"/><display value="HIV-positive"/></concept><concept><code value="HIV.B.DE117"/><display value="HIV-negative"/></concept><concept><code value="HIV.B.DE118"/><display value="Unknown"/></concept></include></compose></ValueSet>