<?xml version="1.0" encoding="UTF-8"?><ValueSet xmlns="http://hl7.org/fhir"><id value="HIV.D.DE893"/><meta><profile value="http://hl7.org/fhir/uv/crmi/StructureDefinition/crmi-shareablevalueset"/><profile value="http://hl7.org/fhir/uv/crmi/StructureDefinition/crmi-publishablevalueset"/><profile value="http://hl7.org/fhir/uv/crmi/StructureDefinition/crmi-computablevalueset"/></meta><text><status value="extensions"/><div xmlns="http://www.w3.org/1999/xhtml"><p class="res-header-id"><b>Generated Narrative: ValueSet HIV.D.DE893</b></p><a name="HIV.D.DE893"> </a><a name="hcHIV.D.DE893"> </a><a name="HIV.D.DE893-en-US"> </a><ul><li>Include these codes as defined in <a href="CodeSystem-HIVConcepts.html"><code>http://smart.who.int/hiv/CodeSystem/HIVConcepts</code></a><table class="none"><tr><td style="white-space:nowrap"><b>Code</b></td><td><b>Display</b></td><td><b>Definition</b></td></tr><tr><td><a href="CodeSystem-HIVConcepts.html#HIVConcepts-HIV.46D.46DE894">HIV.D.DE894</a></td><td>F0-4, fibrosis staging</td><td>Fibrosis staging of liver disease</td></tr><tr><td><a href="CodeSystem-HIVConcepts.html#HIVConcepts-HIV.46D.46DE895">HIV.D.DE895</a></td><td>F4 or cirrhosis, presence of cirrhosis</td><td>Presence of cirrhosis</td></tr></table></li></ul></div></text><url value="http://smart.who.int/hiv/ValueSet/HIV.D.DE893"/><version value="0.2.0"/><name value="HIVDDE893"/><title value="Staging of liver disease ValueSet"/><status value="active"/><experimental value="true"/><date value="2024-08-05T14:13:53+00:00"/><publisher value="WHO"/><contact><name value="WHO"/><telecom><system value="url"/><value value="http://who.int"/></telecom></contact><description value="Value set of staging of liver disease in client"/><compose><include><system value="http://smart.who.int/hiv/CodeSystem/HIVConcepts"/><concept><code value="HIV.D.DE894"/><display value="F0-4, fibrosis staging"/></concept><concept><code value="HIV.D.DE895"/><display value="F4 or cirrhosis, presence of cirrhosis"/></concept></include></compose></ValueSet>