<?xml version="1.0" encoding="UTF-8"?><ValueSet xmlns="http://hl7.org/fhir"><id value="HIV.B.DE301"/><meta><profile value="http://hl7.org/fhir/uv/crmi/StructureDefinition/crmi-shareablevalueset"/><profile value="http://hl7.org/fhir/uv/crmi/StructureDefinition/crmi-publishablevalueset"/><profile value="http://hl7.org/fhir/uv/crmi/StructureDefinition/crmi-computablevalueset"/></meta><text><status value="extensions"/><div xmlns="http://www.w3.org/1999/xhtml"><p class="res-header-id"><b>Generated Narrative: ValueSet HIV.B.DE301</b></p><a name="HIV.B.DE301"> </a><a name="hcHIV.B.DE301"> </a><a name="hcHIV.B.DE301-en-US"> </a><ul><li>Include these codes as defined in <a href="CodeSystem-HIVConcepts.html"><code>http://smart.who.int/hiv/CodeSystem/HIVConcepts</code></a><table class="none"><tr><td style="white-space:nowrap"><b>Code</b></td><td><b>Display</b></td><td><b>Definition</b></td></tr><tr><td><a href="CodeSystem-HIVConcepts.html#HIVConcepts-HIV.46B.46DE302">HIV.B.DE302</a></td><td>NAAT</td><td>Nucleic Acid Amplification Test (NAAT) used</td></tr><tr><td><a href="CodeSystem-HIVConcepts.html#HIVConcepts-HIV.46B.46DE303">HIV.B.DE303</a></td><td>Antibody test</td><td>Antibody test used</td></tr><tr><td><a href="CodeSystem-HIVConcepts.html#HIVConcepts-HIV.46B.46DE304">HIV.B.DE304</a></td><td>Other</td><td>Other type of test used</td></tr></table></li></ul></div></text><url value="http://smart.who.int/hiv/ValueSet/HIV.B.DE301"/><version value="0.1.0"/><name value="HIVBDE301"/><title value="Herpes simplex virus (HSV) test type ValueSet"/><status value="active"/><experimental value="true"/><date value="2024-07-01T12:40:16+00:00"/><publisher value="WHO"/><contact><name value="WHO"/><telecom><system value="url"/><value value="http://who.int"/></telecom></contact><description value="Value set of type of diagnostic test used for herpes simplex virus (HSV)"/><compose><include><system value="http://smart.who.int/hiv/CodeSystem/HIVConcepts"/><concept><code value="HIV.B.DE302"/><display value="NAAT"/></concept><concept><code value="HIV.B.DE303"/><display value="Antibody test"/></concept><concept><code value="HIV.B.DE304"/><display value="Other"/></concept></include></compose></ValueSet>