<?xml version="1.0" encoding="UTF-8"?><ValueSet xmlns="http://hl7.org/fhir"><id value="hiv-d-de710"/><text><status value="extensions"/><div xmlns="http://www.w3.org/1999/xhtml"><ul><li>Include these codes as defined in <a href="CodeSystem-concept-codes.html"><code>http://fhir.org/guides/who/hiv-dak/CodeSystem/HIV-DAKConcepts</code></a><table class="none"><tr><td style="white-space:nowrap"><b>Code</b></td><td><b>Display</b></td><td><b>Definition</b></td></tr><tr><td><a href="CodeSystem-concept-codes.html#concept-codes-HIV.46D.46DE710">HIV.D.DE710</a></td><td>Cervical precancer lesions</td><td>Cervical cancer diagnosis - Cervical precancer lesions</td></tr><tr><td><a href="CodeSystem-concept-codes.html#concept-codes-HIV.46D.46DE711">HIV.D.DE711</a></td><td>Invasive cervical cancer</td><td>Cervical cancer diagnosis - Invasive cervical cancer</td></tr></table></li></ul></div></text><url value="http://fhir.org/guides/who/hiv-dak/ValueSet/hiv-d-de710"/><version value="0.3.0"/><name value="CervicalcancerdiagnosisCodes"/><title value="Cervical cancer diagnosis Codes"/><status value="draft"/><experimental value="false"/><date value="2024-05-31T12:58:44+00:00"/><publisher value="World Health Organization (WHO) "/><contact><telecom><system value="url"/><value value="https://www.who.int"/></telecom></contact><description value="Codes representing possible values for the Cervical cancer diagnosis element"/><jurisdiction><coding><system value="http://unstats.un.org/unsd/methods/m49/m49.htm"/><code value="001"/></coding></jurisdiction><immutable value="true"/><compose><include><system value="http://fhir.org/guides/who/hiv-dak/CodeSystem/HIV-DAKConcepts"/><concept><code value="HIV.D.DE710"/><display value="Cervical precancer lesions"/></concept><concept><code value="HIV.D.DE711"/><display value="Invasive cervical cancer"/></concept></include></compose></ValueSet>