<?xml version="1.0" encoding="UTF-8"?><ValueSet xmlns="http://hl7.org/fhir"><id value="hiv-b-de143"/><text><status value="extensions"/><div xmlns="http://www.w3.org/1999/xhtml"><ul><li>Include these codes as defined in <a href="CodeSystem-concept-codes.html"><code>http://fhir.org/guides/who/hiv-dak/CodeSystem/HIV-DAKConcepts</code></a><table class="none"><tr><td style="white-space:nowrap"><b>Code</b></td><td><b>Display</b></td><td><b>Definition</b></td></tr><tr><td><a href="CodeSystem-concept-codes.html#concept-codes-HIV.46B.46DE143">HIV.B.DE143</a></td><td>HIV-positive counselling conducted</td><td>Counselling provided - HIV-positive counselling conducted</td></tr><tr><td><a href="CodeSystem-concept-codes.html#concept-codes-HIV.46B.46DE144">HIV.B.DE144</a></td><td>Hepatitis B positive counselling conducted</td><td>Counselling provided - Hepatitis B positive counselling conducted</td></tr><tr><td><a href="CodeSystem-concept-codes.html#concept-codes-HIV.46B.46DE145">HIV.B.DE145</a></td><td>Hepatitis C positive counselling conducted</td><td>Counselling provided - Hepatitis C positive counselling conducted</td></tr><tr><td><a href="CodeSystem-concept-codes.html#concept-codes-HIV.46B.46DE146">HIV.B.DE146</a></td><td>Syphilis counselling, treatment and further testing</td><td>Counselling provided - Syphilis counselling, treatment and further testing</td></tr><tr><td><a href="CodeSystem-concept-codes.html#concept-codes-HIV.46B.46DE147">HIV.B.DE147</a></td><td>Linked to enrolment in care and ART initiation</td><td>Counselling provided - Linked to enrolment in care and ART initiation</td></tr><tr><td><a href="CodeSystem-concept-codes.html#concept-codes-HIV.46B.46DE148">HIV.B.DE148</a></td><td>VMMC counselling provided</td><td>Counselling provided - VMMC counselling provided</td></tr></table></li></ul></div></text><url value="http://fhir.org/guides/who/hiv-dak/ValueSet/hiv-b-de143"/><version value="0.3.0"/><name value="CounsellingprovidedCodes"/><title value="Counselling provided Codes"/><status value="draft"/><experimental value="false"/><date value="2024-05-31T12:30:05+00:00"/><publisher value="World Health Organization (WHO) "/><contact><telecom><system value="url"/><value value="https://www.who.int"/></telecom></contact><description value="Codes representing possible values for the Counselling provided element"/><jurisdiction><coding><system value="http://unstats.un.org/unsd/methods/m49/m49.htm"/><code value="001"/></coding></jurisdiction><immutable value="true"/><compose><include><system value="http://fhir.org/guides/who/hiv-dak/CodeSystem/HIV-DAKConcepts"/><concept><code value="HIV.B.DE143"/><display value="HIV-positive counselling conducted"/></concept><concept><code value="HIV.B.DE144"/><display value="Hepatitis B positive counselling conducted"/></concept><concept><code value="HIV.B.DE145"/><display value="Hepatitis C positive counselling conducted"/></concept><concept><code value="HIV.B.DE146"/><display value="Syphilis counselling, treatment and further testing"/></concept><concept><code value="HIV.B.DE147"/><display value="Linked to enrolment in care and ART initiation"/></concept><concept><code value="HIV.B.DE148"/><display value="VMMC counselling provided"/></concept></include></compose></ValueSet>