<?xml version="1.0" encoding="UTF-8"?><ValueSet xmlns="http://hl7.org/fhir"><id value="HIV.D.DE709"/><meta><profile value="http://hl7.org/fhir/uv/crmi/StructureDefinition/crmi-shareablevalueset"/><profile value="http://hl7.org/fhir/uv/crmi/StructureDefinition/crmi-publishablevalueset"/><profile value="http://hl7.org/fhir/uv/crmi/StructureDefinition/crmi-computablevalueset"/></meta><text><status value="extensions"/><div xmlns="http://www.w3.org/1999/xhtml"><p class="res-header-id"><b>Generated Narrative: ValueSet HIV.D.DE709</b></p><a name="HIV.D.DE709"> </a><a name="hcHIV.D.DE709"> </a><a name="HIV.D.DE709-en-US"> </a><ul><li>Include these codes as defined in <a href="CodeSystem-HIVConcepts.html"><code>http://smart.who.int/hiv/CodeSystem/HIVConcepts</code></a><table class="none"><tr><td style="white-space:nowrap"><b>Code</b></td><td><b>Display</b></td><td><b>Definition</b></td></tr><tr><td><a href="CodeSystem-HIVConcepts.html#HIVConcepts-HIV.46D.46DE710">HIV.D.DE710</a></td><td>Cervical precancer lesions</td><td>Client is diagnosed with cervical precancer lesions</td></tr><tr><td><a href="CodeSystem-HIVConcepts.html#HIVConcepts-HIV.46D.46DE711">HIV.D.DE711</a></td><td>Invasive cervical cancer</td><td>Client is diagnosed with invasive cervical cancer disease</td></tr></table></li></ul></div></text><url value="http://smart.who.int/hiv/ValueSet/HIV.D.DE709"/><version value="0.2.0"/><name value="HIVDDE709"/><title value="Cervical cancer diagnosis ValueSet"/><status value="active"/><experimental value="true"/><date value="2024-08-05T14:13:53+00:00"/><publisher value="WHO"/><contact><name value="WHO"/><telecom><system value="url"/><value value="http://who.int"/></telecom></contact><description value="Value set of type of cervical cancer diagnosis"/><compose><include><system value="http://smart.who.int/hiv/CodeSystem/HIVConcepts"/><concept><code value="HIV.D.DE710"/><display value="Cervical precancer lesions"/></concept><concept><code value="HIV.D.DE711"/><display value="Invasive cervical cancer"/></concept></include></compose></ValueSet>