<?xml version="1.0" encoding="UTF-8"?><ValueSet xmlns="http://hl7.org/fhir"><id value="hiv-d-de226"/><text><status value="extensions"/><div xmlns="http://www.w3.org/1999/xhtml"><ul><li>Include these codes as defined in <a href="CodeSystem-concept-codes.html"><code>http://fhir.org/guides/who/hiv-dak/CodeSystem/HIV-DAKConcepts</code></a><table class="none"><tr><td style="white-space:nowrap"><b>Code</b></td><td><b>Display</b></td><td><b>Definition</b></td></tr><tr><td><a href="CodeSystem-concept-codes.html#concept-codes-HIV.46D.46DE226">HIV.D.DE226</a></td><td>Clinical failure</td><td>Treatment failure - Clinical failure</td></tr><tr><td><a href="CodeSystem-concept-codes.html#concept-codes-HIV.46D.46DE227">HIV.D.DE227</a></td><td>Immunological failure</td><td>Treatment failure - Immunological failure</td></tr><tr><td><a href="CodeSystem-concept-codes.html#concept-codes-HIV.46D.46DE228">HIV.D.DE228</a></td><td>Virological failure</td><td>Treatment failure - Virological failure</td></tr></table></li></ul></div></text><url value="http://fhir.org/guides/who/hiv-dak/ValueSet/hiv-d-de226"/><version value="0.3.0"/><name value="TreatmentfailureCodes"/><title value="Treatment failure Codes"/><status value="draft"/><experimental value="false"/><date value="2024-06-04T14:36:24+00:00"/><publisher value="World Health Organization (WHO) "/><contact><telecom><system value="url"/><value value="https://www.who.int"/></telecom></contact><description value="Codes representing possible values for the Treatment failure element"/><jurisdiction><coding><system value="http://unstats.un.org/unsd/methods/m49/m49.htm"/><code value="001"/></coding></jurisdiction><immutable value="true"/><compose><include><system value="http://fhir.org/guides/who/hiv-dak/CodeSystem/HIV-DAKConcepts"/><concept><code value="HIV.D.DE226"/><display value="Clinical failure"/></concept><concept><code value="HIV.D.DE227"/><display value="Immunological failure"/></concept><concept><code value="HIV.D.DE228"/><display value="Virological failure"/></concept></include></compose></ValueSet>