<?xml version="1.0" encoding="UTF-8"?><ValueSet xmlns="http://hl7.org/fhir"><id value="hiv-d-de163"/><text><status value="extensions"/><div xmlns="http://www.w3.org/1999/xhtml"><ul><li>Include these codes as defined in <a href="CodeSystem-concept-codes.html"><code>http://fhir.org/guides/who/hiv-dak/CodeSystem/HIV-DAKConcepts</code></a><table class="none"><tr><td style="white-space:nowrap"><b>Code</b></td><td><b>Display</b></td><td><b>Definition</b></td></tr><tr><td><a href="CodeSystem-concept-codes.html#concept-codes-HIV.46D.46DE163">HIV.D.DE163</a></td><td>Positive</td><td>HBsAg test result - Positive</td></tr><tr><td><a href="CodeSystem-concept-codes.html#concept-codes-HIV.46D.46DE164">HIV.D.DE164</a></td><td>Negative</td><td>HBsAg test result - Negative</td></tr><tr><td><a href="CodeSystem-concept-codes.html#concept-codes-HIV.46D.46DE165">HIV.D.DE165</a></td><td>Indeterminate</td><td>HBsAg test result - Indeterminate</td></tr><tr><td><a href="CodeSystem-concept-codes.html#concept-codes-HIV.46G.46DE19">HIV.G.DE19</a></td><td>Positive</td><td>HBsAg test result - Positive</td></tr><tr><td><a href="CodeSystem-concept-codes.html#concept-codes-HIV.46G.46DE20">HIV.G.DE20</a></td><td>Negative</td><td>HBsAg test result - Negative</td></tr><tr><td><a href="CodeSystem-concept-codes.html#concept-codes-HIV.46G.46DE21">HIV.G.DE21</a></td><td>Indeterminate</td><td>HBsAg test result - Indeterminate</td></tr></table></li></ul></div></text><url value="http://fhir.org/guides/who/hiv-dak/ValueSet/hiv-d-de163"/><version value="0.3.0"/><name value="HBsAgtestresultCodes"/><title value="HBsAg test result Codes"/><status value="draft"/><experimental value="false"/><date value="2024-06-04T14:36:24+00:00"/><publisher value="World Health Organization (WHO) "/><contact><telecom><system value="url"/><value value="https://www.who.int"/></telecom></contact><description value="Codes representing possible values for the HBsAg test result element"/><jurisdiction><coding><system value="http://unstats.un.org/unsd/methods/m49/m49.htm"/><code value="001"/></coding></jurisdiction><immutable value="true"/><compose><include><system value="http://fhir.org/guides/who/hiv-dak/CodeSystem/HIV-DAKConcepts"/><concept><code value="HIV.D.DE163"/><display value="Positive"/></concept><concept><code value="HIV.D.DE164"/><display value="Negative"/></concept><concept><code value="HIV.D.DE165"/><display value="Indeterminate"/></concept><concept><code value="HIV.G.DE19"/><display value="Positive"/></concept><concept><code value="HIV.G.DE20"/><display value="Negative"/></concept><concept><code value="HIV.G.DE21"/><display value="Indeterminate"/></concept></include></compose></ValueSet>