<?xml version="1.0" encoding="UTF-8"?><ValueSet xmlns="http://hl7.org/fhir"><id value="HIV.D.DE532"/><meta><profile value="http://hl7.org/fhir/uv/crmi/StructureDefinition/crmi-shareablevalueset"/><profile value="http://hl7.org/fhir/uv/crmi/StructureDefinition/crmi-publishablevalueset"/><profile value="http://hl7.org/fhir/uv/crmi/StructureDefinition/crmi-computablevalueset"/></meta><text><status value="extensions"/><div xmlns="http://www.w3.org/1999/xhtml"><p class="res-header-id"><b>Generated Narrative: ValueSet HIV.D.DE532</b></p><a name="HIV.D.DE532"> </a><a name="hcHIV.D.DE532"> </a><a name="HIV.D.DE532-en-US"> </a><ul><li>Include these codes as defined in <a href="CodeSystem-HIVConcepts.html"><code>http://smart.who.int/hiv/CodeSystem/HIVConcepts</code></a><table class="none"><tr><td style="white-space:nowrap"><b>Code</b></td><td><b>Display</b></td><td><b>Definition</b></td></tr><tr><td><a href="CodeSystem-HIVConcepts.html#HIVConcepts-HIV.46D.46DE533">HIV.D.DE533</a></td><td>BP cuff (sphygmomanometer) not available</td><td>Blood pressure cuff is not available</td></tr><tr><td><a href="CodeSystem-HIVConcepts.html#HIVConcepts-HIV.46D.46DE534">HIV.D.DE534</a></td><td>BP cuff (sphygmomanometer) is broken</td><td>Blood pressure cuff is broken</td></tr></table></li></ul></div></text><url value="http://smart.who.int/hiv/ValueSet/HIV.D.DE532"/><version value="0.2.0"/><name value="HIVDDE532"/><title value="Reason blood pressure reading not done ValueSet"/><status value="active"/><experimental value="true"/><date value="2024-08-05T14:13:53+00:00"/><publisher value="WHO"/><contact><name value="WHO"/><telecom><system value="url"/><value value="http://who.int"/></telecom></contact><description value="Value set of reason why test was not performed"/><compose><include><system value="http://smart.who.int/hiv/CodeSystem/HIVConcepts"/><concept><code value="HIV.D.DE533"/><display value="BP cuff (sphygmomanometer) not available"/></concept><concept><code value="HIV.D.DE534"/><display value="BP cuff (sphygmomanometer) is broken"/></concept></include></compose></ValueSet>