<?xml version="1.0" encoding="UTF-8"?><ValueSet xmlns="http://hl7.org/fhir"><id value="HIV.D.DE489"/><meta><profile value="http://hl7.org/fhir/uv/crmi/StructureDefinition/crmi-shareablevalueset"/><profile value="http://hl7.org/fhir/uv/crmi/StructureDefinition/crmi-publishablevalueset"/><profile value="http://hl7.org/fhir/uv/crmi/StructureDefinition/crmi-computablevalueset"/></meta><text><status value="generated"/><div xmlns="http://www.w3.org/1999/xhtml"><p class="res-header-id"><b>Generated Narrative: ValueSet HIV.D.DE489</b></p><a name="HIV.D.DE489"> </a><a name="hcHIV.D.DE489"> </a><a name="hcHIV.D.DE489-en-US"> </a><p>This value set includes codes based on the following rules:</p><ul/></div></text><url value="http://smart.who.int/hiv/ValueSet/HIV.D.DE489"/><version value="0.1.0"/><name value="HIVDDE489"/><title value="New regimen(s) after substitution within second-line regimen ValueSet"/><status value="active"/><experimental value="true"/><date value="2024-07-01T19:19:54+00:00"/><publisher value="WHO"/><contact><name value="WHO"/><telecom><system value="url"/><value value="http://who.int"/></telecom></contact><description value="Value set of new ARV drugs after client changed regimen within the second- line regimen"/></ValueSet>