<?xml version="1.0" encoding="UTF-8"?><ValueSet xmlns="http://hl7.org/fhir"><id value="HIV.D.DE182"/><meta><profile value="http://hl7.org/fhir/uv/crmi/StructureDefinition/crmi-shareablevalueset"/><profile value="http://hl7.org/fhir/uv/crmi/StructureDefinition/crmi-publishablevalueset"/><profile value="http://hl7.org/fhir/uv/crmi/StructureDefinition/crmi-computablevalueset"/></meta><text><status value="extensions"/><div xmlns="http://www.w3.org/1999/xhtml"><p class="res-header-id"><b>Generated Narrative: ValueSet HIV.D.DE182</b></p><a name="HIV.D.DE182"> </a><a name="hcHIV.D.DE182"> </a><a name="hcHIV.D.DE182-en-US"> </a><ul><li>Include these codes as defined in <a href="CodeSystem-HIVConcepts.html"><code>http://smart.who.int/hiv/CodeSystem/HIVConcepts</code></a><table class="none"><tr><td style="white-space:nowrap"><b>Code</b></td><td><b>Display</b></td><td><b>Definition</b></td></tr><tr><td><a href="CodeSystem-HIVConcepts.html#HIVConcepts-HIV.46D.46DE183">HIV.D.DE183</a></td><td>Interferon</td><td>Client is prescribed interferon</td></tr><tr><td><a href="CodeSystem-HIVConcepts.html#HIVConcepts-HIV.46D.46DE184">HIV.D.DE184</a></td><td>Direct acting antivirals</td><td>Client is prescribed direct acting antivirals</td></tr></table></li></ul></div></text><url value="http://smart.who.int/hiv/ValueSet/HIV.D.DE182"/><version value="0.1.0"/><name value="HIVDDE182"/><title value="HCV medicine type ValueSet"/><status value="active"/><experimental value="true"/><date value="2024-07-01T19:19:54+00:00"/><publisher value="WHO"/><contact><name value="WHO"/><telecom><system value="url"/><value value="http://who.int"/></telecom></contact><description value="Value set of type of medicine client is prescribed"/><compose><include><system value="http://smart.who.int/hiv/CodeSystem/HIVConcepts"/><concept><code value="HIV.D.DE183"/><display value="Interferon"/></concept><concept><code value="HIV.D.DE184"/><display value="Direct acting antivirals"/></concept></include></compose></ValueSet>