<?xml version="1.0" encoding="UTF-8"?><ValueSet xmlns="http://hl7.org/fhir"><id value="HIV.E.DE62"/><meta><profile value="http://hl7.org/fhir/uv/crmi/StructureDefinition/crmi-shareablevalueset"/><profile value="http://hl7.org/fhir/uv/crmi/StructureDefinition/crmi-publishablevalueset"/><profile value="http://hl7.org/fhir/uv/crmi/StructureDefinition/crmi-computablevalueset"/></meta><text><status value="extensions"/><div xmlns="http://www.w3.org/1999/xhtml"><p class="res-header-id"><b>Generated Narrative: ValueSet HIV.E.DE62</b></p><a name="HIV.E.DE62"> </a><a name="hcHIV.E.DE62"> </a><a name="hcHIV.E.DE62-en-US"> </a><ul><li>Include these codes as defined in <a href="CodeSystem-HIVConcepts.html"><code>http://smart.who.int/hiv/CodeSystem/HIVConcepts</code></a><table class="none"><tr><td style="white-space:nowrap"><b>Code</b></td><td><b>Display</b></td><td><b>Definition</b></td></tr><tr><td><a href="CodeSystem-HIVConcepts.html#HIVConcepts-HIV.46E.46DE63">HIV.E.DE63</a></td><td>Not preterm</td><td>The birth was not preterm</td></tr><tr><td><a href="CodeSystem-HIVConcepts.html#HIVConcepts-HIV.46E.46DE64">HIV.E.DE64</a></td><td>Preterm (&lt;37 weeks gestation)</td><td>Gestational age at birth was &lt;37 weeks</td></tr><tr><td><a href="CodeSystem-HIVConcepts.html#HIVConcepts-HIV.46E.46DE65">HIV.E.DE65</a></td><td>Very preterm (&lt;32 weeks gestation)</td><td>Gestational age at birth was &lt;32 weeks</td></tr></table></li></ul></div></text><url value="http://smart.who.int/hiv/ValueSet/HIV.E.DE62"/><version value="0.1.0"/><name value="HIVEDE62"/><title value="Preterm birth status ValueSet"/><status value="active"/><experimental value="true"/><date value="2024-07-01T12:40:16+00:00"/><publisher value="WHO"/><contact><name value="WHO"/><telecom><system value="url"/><value value="http://who.int"/></telecom></contact><description value="Value set of the woman gave birth when the gestational age is less than 37 weeks"/><compose><include><system value="http://smart.who.int/hiv/CodeSystem/HIVConcepts"/><concept><code value="HIV.E.DE63"/><display value="Not preterm"/></concept><concept><code value="HIV.E.DE64"/><display value="Preterm (&lt;37 weeks gestation)"/></concept><concept><code value="HIV.E.DE65"/><display value="Very preterm (&lt;32 weeks gestation)"/></concept></include></compose></ValueSet>