{
  "resourceType" : "Basic",
  "id" : "Nurse",
  "meta" : {
    "profile" : ["http://smart.who.int/smart-base/StructureDefinition/SGPersona"]
  },
  "text" : {
    "status" : "generated",
    "div" : "<div xmlns=\"http://www.w3.org/1999/xhtml\"><p class=\"res-header-id\"><b>Generated Narrative: ActorDefinition Nurse</b></p><a name=\"Nurse\"> </a><a name=\"hcNurse\"> </a><a name=\"hcNurse-en-US\"> </a><table class=\"grid\"><tr><td><b>Actor: Nurse </b></td><td>Nurse</td><td>Type: person </td></tr><tr><td colspan=\"3\"/></tr></table></div>"
  },
  "extension" : [{
    "url" : "http://hl7.org/fhir/5.0/StructureDefinition/extension-ActorDefinition.url",
    "valueUri" : "http://smart.who.int/hiv/ActorDefinition/Nurse"
  },
  {
    "url" : "http://hl7.org/fhir/5.0/StructureDefinition/extension-ActorDefinition.version",
    "valueString" : "0.1.0"
  },
  {
    "url" : "http://hl7.org/fhir/5.0/StructureDefinition/extension-ActorDefinition.name",
    "valueString" : "Nurse"
  },
  {
    "url" : "http://hl7.org/fhir/5.0/StructureDefinition/extension-ActorDefinition.title",
    "valueString" : "Nurse"
  },
  {
    "url" : "http://hl7.org/fhir/5.0/StructureDefinition/extension-ActorDefinition.status",
    "valueCode" : "draft"
  },
  {
    "url" : "http://hl7.org/fhir/5.0/StructureDefinition/extension-ActorDefinition.experimental",
    "valueBoolean" : false
  },
  {
    "url" : "http://hl7.org/fhir/5.0/StructureDefinition/extension-ActorDefinition.date",
    "valueDateTime" : "2024-07-01T19:37:36+00:00"
  },
  {
    "url" : "http://hl7.org/fhir/5.0/StructureDefinition/extension-ActorDefinition.publisher",
    "valueString" : "WHO"
  },
  {
    "url" : "http://hl7.org/fhir/5.0/StructureDefinition/extension-ActorDefinition.contact",
    "valueContactDetail" : {
      "name" : "WHO",
      "telecom" : [{
        "system" : "url",
        "value" : "http://who.int"
      }]
    }
  },
  {
    "url" : "http://hl7.org/fhir/5.0/StructureDefinition/extension-ActorDefinition.description",
    "valueMarkdown" : "A graduate who has been legally authorized (registered) to practice after examination by a state board of nurse examiners or similar regulatory authority. Education includes three, four or more years in nursing school, and it leads to a university or postgraduate university degree or the equivalent. A registered nurse has the full range of nursing skills."
  },
  {
    "url" : "http://hl7.org/fhir/5.0/StructureDefinition/extension-ActorDefinition.jurisdiction"
  },
  {
    "url" : "http://hl7.org/fhir/5.0/StructureDefinition/extension-ActorDefinition.type",
    "valueCode" : "person"
  }],
  "identifier" : [{
    "value" : "Nurse"
  }],
  "code" : {
    "coding" : [{
      "system" : "http://hl7.org/fhir/fhir-types",
      "code" : "ActorDefinition"
    }]
  }
}