{
  "resourceType" : "Library",
  "id" : "FHIRHelpersLogic",
  "meta" : {
    "profile" : ["http://hl7.org/fhir/uv/crmi/StructureDefinition/crmi-shareablelibrary",
    "http://hl7.org/fhir/uv/crmi/StructureDefinition/crmi-publishablelibrary",
    "http://hl7.org/fhir/uv/cql/StructureDefinition/cql-library",
    "http://hl7.org/fhir/uv/cql/StructureDefinition/cql-module"]
  },
  "text" : {
    "status" : "generated",
    "div" : "<div xmlns=\"http://www.w3.org/1999/xhtml\"><p class=\"res-header-id\"><b>Generated Narrative: Library FHIRHelpersLogic</b></p><a name=\"FHIRHelpersLogic\"> </a><a name=\"hcFHIRHelpersLogic\"> </a><a name=\"hcFHIRHelpersLogic-en-US\"> </a></div>"
  },
  "extension" : [{
    "url" : "http://hl7.org/fhir/StructureDefinition/cqf-knowledgeCapability",
    "valueCode" : "computable"
  }],
  "url" : "http://smart.who.int/FHIRHelpers/Library/FHIRHelpersLogic",
  "version" : "0.1.0",
  "name" : "FHIRHelpersLogic",
  "title" : "FHIRHelpers Logic",
  "status" : "draft",
  "experimental" : true,
  "type" : {
    "coding" : [{
      "system" : "http://terminology.hl7.org/CodeSystem/library-type",
      "code" : "logic-library"
    }]
  },
  "date" : "2024-07-01T13:58:30+00:00",
  "publisher" : "WHO",
  "contact" : [{
    "name" : "WHO",
    "telecom" : [{
      "system" : "url",
      "value" : "http://who.int"
    }]
  }],
  "description" : "Description not yet available for FHIRHelpersLogic."
}