<?xml version="1.0" encoding="UTF-8"?>

<Basic xmlns="http://hl7.org/fhir">
  <id value="HIV.G.Diagnostics"/>
  <text>
    <status value="generated"/><div xmlns="http://www.w3.org/1999/xhtml"><p class="res-header-id"><b>Generated Narrative: Requirements HIV.G.Diagnostics</b></p><a name="HIV.G.Diagnostics"> </a><a name="hcHIV.G.Diagnostics"> </a><a name="hcHIV.G.Diagnostics-en-US"> </a><table class="grid"><tr><td><b><a name="HIV.FXNREQ.046"> </a></b>HIV.FXNREQ.046</td><td/><td><div><p>As a Health worker
I want the system to be capable to receive diagnosis test results from laboratories or other test centers
So that I can have a faster patient follow-up</p>
</div></td></tr></table></div>
  </text>
  <extension url="http://hl7.org/fhir/5.0/StructureDefinition/extension-Requirements.url">
    <valueUri value="http://smart.who.int/hiv/Requirements/HIV.G.Diagnostics"/>
  </extension>
  <extension url="http://hl7.org/fhir/5.0/StructureDefinition/extension-Requirements.version">
    <valueString value="0.1.0"/>
  </extension>
  <extension url="http://hl7.org/fhir/5.0/StructureDefinition/extension-Requirements.status">
    <valueCode value="active"/>
  </extension>
  <extension url="http://hl7.org/fhir/5.0/StructureDefinition/extension-Requirements.date">
    <valueDateTime value="2024-07-01T13:58:30+00:00"/>
  </extension>
  <extension url="http://hl7.org/fhir/5.0/StructureDefinition/extension-Requirements.publisher">
    <valueString value="WHO"/>
  </extension>
  <extension url="http://hl7.org/fhir/5.0/StructureDefinition/extension-Requirements.contact">
    <valueContactDetail>
      <name value="WHO"/>
      <telecom>
        <system value="url"/>
        <value value="http://who.int"/>
      </telecom>
    </valueContactDetail>
  </extension>
  <extension url="http://hl7.org/fhir/5.0/StructureDefinition/extension-Requirements.jurisdiction"/>
  <extension url="http://hl7.org/fhir/5.0/StructureDefinition/extension-Requirements.statement">
    <extension url="http://hl7.org/fhir/5.0/StructureDefinition/extension-Requirements.statement.key">
      <valueId value="HIV.FXNREQ.046"/>
    </extension>
    <extension url="http://hl7.org/fhir/5.0/StructureDefinition/extension-Requirements.statement.requirement">
      <valueMarkdown value="As a Health worker&#xA;I want the system to be capable to receive diagnosis test results from laboratories or other test centers &#xA;So that I can have a faster patient follow-up  "/>
    </extension>
  </extension>
  <code>
    <coding>
      <system value="http://hl7.org/fhir/fhir-types"/>
      <code value="Requirements"/>
    </coding>
  </code>
</Basic>