<?xml version="1.0" encoding="UTF-8"?>

<ValueSet xmlns="http://hl7.org/fhir">
  <id value="hiv-d-de570"/>
  <text>
    <status value="extensions"/><div xmlns="http://www.w3.org/1999/xhtml"><ul><li>Include these codes as defined in <a href="CodeSystem-concept-codes.html"><code>http://fhir.org/guides/who/hiv-dak/CodeSystem/HIV-DAKConcepts</code></a><table class="none"><tr><td style="white-space:nowrap"><b>Code</b></td><td><b>Display</b></td><td><b>Definition</b></td></tr><tr><td><a href="CodeSystem-concept-codes.html#concept-codes-HIV.46D.46DE570">HIV.D.DE570</a></td><td>Copper-bearing intrauterine device (Cu-IUD)</td><td>Family planning method used - Copper-bearing intrauterine device (Cu-IUD)</td></tr><tr><td><a href="CodeSystem-concept-codes.html#concept-codes-HIV.46D.46DE571">HIV.D.DE571</a></td><td>Levonorgestrel intrauterine device (LNG-IUD)</td><td>Family planning method used - Levonorgestrel intrauterine device (LNG-IUD)</td></tr><tr><td><a href="CodeSystem-concept-codes.html#concept-codes-HIV.46D.46DE572">HIV.D.DE572</a></td><td>Etonogestrel (ETG) one-rod implant</td><td>Family planning method used - Etonogestrel (ETG) one-rod implant</td></tr><tr><td><a href="CodeSystem-concept-codes.html#concept-codes-HIV.46D.46DE573">HIV.D.DE573</a></td><td>Levonorgestrel (LNG) two-rod implant</td><td>Family planning method used - Levonorgestrel (LNG) two-rod implant</td></tr><tr><td><a href="CodeSystem-concept-codes.html#concept-codes-HIV.46D.46DE574">HIV.D.DE574</a></td><td>DMPA-IM</td><td>Family planning method used - DMPA-IM</td></tr><tr><td><a href="CodeSystem-concept-codes.html#concept-codes-HIV.46D.46DE575">HIV.D.DE575</a></td><td>DMPA-SC</td><td>Family planning method used - DMPA-SC</td></tr><tr><td><a href="CodeSystem-concept-codes.html#concept-codes-HIV.46D.46DE576">HIV.D.DE576</a></td><td>NET-EN norethisterone enanthate</td><td>Family planning method used - NET-EN norethisterone enanthate</td></tr><tr><td><a href="CodeSystem-concept-codes.html#concept-codes-HIV.46D.46DE577">HIV.D.DE577</a></td><td>Progestogen-only pills (POP)</td><td>Family planning method used - Progestogen-only pills (POP)</td></tr><tr><td><a href="CodeSystem-concept-codes.html#concept-codes-HIV.46D.46DE578">HIV.D.DE578</a></td><td>Combined oral contraceptives (COCs)</td><td>Family planning method used - Combined oral contraceptives (COCs)</td></tr><tr><td><a href="CodeSystem-concept-codes.html#concept-codes-HIV.46D.46DE579">HIV.D.DE579</a></td><td>Combined contraceptive patch</td><td>Family planning method used - Combined contraceptive patch</td></tr><tr><td><a href="CodeSystem-concept-codes.html#concept-codes-HIV.46D.46DE580">HIV.D.DE580</a></td><td>Combined contraceptive vaginal ring (CVR)</td><td>Family planning method used - Combined contraceptive vaginal ring (CVR)</td></tr><tr><td><a href="CodeSystem-concept-codes.html#concept-codes-HIV.46D.46DE581">HIV.D.DE581</a></td><td>Progesterone-releasing vaginal ring (PVR)</td><td>Family planning method used - Progesterone-releasing vaginal ring (PVR)</td></tr><tr><td><a href="CodeSystem-concept-codes.html#concept-codes-HIV.46D.46DE582">HIV.D.DE582</a></td><td>Lactational amenorrhea method (LAM)</td><td>Family planning method used - Lactational amenorrhea method (LAM)</td></tr><tr><td><a href="CodeSystem-concept-codes.html#concept-codes-HIV.46D.46DE583">HIV.D.DE583</a></td><td>Emergency contraceptive pills (ECPs)</td><td>Family planning method used - Emergency contraceptive pills (ECPs)</td></tr><tr><td><a href="CodeSystem-concept-codes.html#concept-codes-HIV.46D.46DE584">HIV.D.DE584</a></td><td>Fertility awareness-based methods (FAB)</td><td>Family planning method used - Fertility awareness-based methods (FAB)</td></tr><tr><td><a href="CodeSystem-concept-codes.html#concept-codes-HIV.46D.46DE585">HIV.D.DE585</a></td><td>Male condoms</td><td>Family planning method used - Male condoms</td></tr><tr><td><a href="CodeSystem-concept-codes.html#concept-codes-HIV.46D.46DE586">HIV.D.DE586</a></td><td>Female condoms</td><td>Family planning method used - Female condoms</td></tr><tr><td><a href="CodeSystem-concept-codes.html#concept-codes-HIV.46D.46DE587">HIV.D.DE587</a></td><td>Withdrawal</td><td>Family planning method used - Withdrawal</td></tr><tr><td><a href="CodeSystem-concept-codes.html#concept-codes-HIV.46D.46DE588">HIV.D.DE588</a></td><td>Female relying on male method</td><td>Family planning method used - Female relying on male method</td></tr><tr><td><a href="CodeSystem-concept-codes.html#concept-codes-HIV.46D.46DE589">HIV.D.DE589</a></td><td>Male relying on female method</td><td>Family planning method used - Male relying on female method</td></tr><tr><td><a href="CodeSystem-concept-codes.html#concept-codes-HIV.46D.46DE590">HIV.D.DE590</a></td><td>Male sterilization</td><td>Family planning method used - Male sterilization</td></tr><tr><td><a href="CodeSystem-concept-codes.html#concept-codes-HIV.46D.46DE591">HIV.D.DE591</a></td><td>Female sterilization</td><td>Family planning method used - Female sterilization</td></tr><tr><td><a href="CodeSystem-concept-codes.html#concept-codes-HIV.46D.46DE592">HIV.D.DE592</a></td><td>No method</td><td>Family planning method used - No method</td></tr></table></li></ul></div>
  </text>
  <url value="http://fhir.org/guides/who/hiv-dak/ValueSet/hiv-d-de570"/>
  <version value="0.3.0"/>
  <name value="FamilyplanningmethodusedCodes"/>
  <title value="Family planning method used Codes"/>
  <status value="draft"/>
  <experimental value="false"/>
  <date value="2024-05-31T12:30:05+00:00"/>
  <publisher value="World Health Organization (WHO) "/>
  <contact>
    <telecom>
      <system value="url"/>
      <value value="https://www.who.int"/>
    </telecom>
  </contact>
  <description value="Codes representing possible values for the Family planning method used element"/>
  <jurisdiction>
    <coding>
      <system value="http://unstats.un.org/unsd/methods/m49/m49.htm"/>
      <code value="001"/>
    </coding>
  </jurisdiction>
  <immutable value="true"/>
  <compose>
    <include>
      <system value="http://fhir.org/guides/who/hiv-dak/CodeSystem/HIV-DAKConcepts"/>
      <concept>
        <code value="HIV.D.DE570"/>
        <display value="Copper-bearing intrauterine device (Cu-IUD)"/>
      </concept>
      <concept>
        <code value="HIV.D.DE571"/>
        <display value="Levonorgestrel intrauterine device (LNG-IUD)"/>
      </concept>
      <concept>
        <code value="HIV.D.DE572"/>
        <display value="Etonogestrel (ETG) one-rod implant"/>
      </concept>
      <concept>
        <code value="HIV.D.DE573"/>
        <display value="Levonorgestrel (LNG) two-rod implant"/>
      </concept>
      <concept>
        <code value="HIV.D.DE574"/>
        <display value="DMPA-IM"/>
      </concept>
      <concept>
        <code value="HIV.D.DE575"/>
        <display value="DMPA-SC"/>
      </concept>
      <concept>
        <code value="HIV.D.DE576"/>
        <display value="NET-EN norethisterone enanthate"/>
      </concept>
      <concept>
        <code value="HIV.D.DE577"/>
        <display value="Progestogen-only pills (POP)"/>
      </concept>
      <concept>
        <code value="HIV.D.DE578"/>
        <display value="Combined oral contraceptives (COCs)"/>
      </concept>
      <concept>
        <code value="HIV.D.DE579"/>
        <display value="Combined contraceptive patch"/>
      </concept>
      <concept>
        <code value="HIV.D.DE580"/>
        <display value="Combined contraceptive vaginal ring (CVR)"/>
      </concept>
      <concept>
        <code value="HIV.D.DE581"/>
        <display value="Progesterone-releasing vaginal ring (PVR)"/>
      </concept>
      <concept>
        <code value="HIV.D.DE582"/>
        <display value="Lactational amenorrhea method (LAM)"/>
      </concept>
      <concept>
        <code value="HIV.D.DE583"/>
        <display value="Emergency contraceptive pills (ECPs)"/>
      </concept>
      <concept>
        <code value="HIV.D.DE584"/>
        <display value="Fertility awareness-based methods (FAB)"/>
      </concept>
      <concept>
        <code value="HIV.D.DE585"/>
        <display value="Male condoms"/>
      </concept>
      <concept>
        <code value="HIV.D.DE586"/>
        <display value="Female condoms"/>
      </concept>
      <concept>
        <code value="HIV.D.DE587"/>
        <display value="Withdrawal"/>
      </concept>
      <concept>
        <code value="HIV.D.DE588"/>
        <display value="Female relying on male method"/>
      </concept>
      <concept>
        <code value="HIV.D.DE589"/>
        <display value="Male relying on female method"/>
      </concept>
      <concept>
        <code value="HIV.D.DE590"/>
        <display value="Male sterilization"/>
      </concept>
      <concept>
        <code value="HIV.D.DE591"/>
        <display value="Female sterilization"/>
      </concept>
      <concept>
        <code value="HIV.D.DE592"/>
        <display value="No method"/>
      </concept>
    </include>
  </compose>
</ValueSet>