{
  "resourceType" : "ValueSet",
  "id" : "hiv-e-de137",
  "text" : {
    "status" : "extensions",
    "div" : "<div xmlns=\"http://www.w3.org/1999/xhtml\"><ul><li>Include these codes as defined in <a href=\"CodeSystem-concept-codes.html\"><code>http://fhir.org/guides/who/hiv-dak/CodeSystem/HIV-DAKConcepts</code></a><table class=\"none\"><tr><td style=\"white-space:nowrap\"><b>Code</b></td><td><b>Display</b></td><td><b>Definition</b></td></tr><tr><td><a href=\"CodeSystem-concept-codes.html#concept-codes-HIV.46E.46DE137\">HIV.E.DE137</a></td><td>Daily</td><td>Type of iron supplement dosage provided - Daily</td></tr><tr><td><a href=\"CodeSystem-concept-codes.html#concept-codes-HIV.46E.46DE138\">HIV.E.DE138</a></td><td>Weekly</td><td>Type of iron supplement dosage provided - Weekly</td></tr></table></li></ul></div>"
  },
  "url" : "http://fhir.org/guides/who/hiv-dak/ValueSet/hiv-e-de137",
  "version" : "0.3.0",
  "name" : "TypeofironsupplementdosageprovidedCodes",
  "title" : "Type of iron supplement dosage provided Codes",
  "status" : "draft",
  "experimental" : false,
  "date" : "2024-05-31T12:30:05+00:00",
  "publisher" : "World Health Organization (WHO) ",
  "contact" : [{
    "telecom" : [{
      "system" : "url",
      "value" : "https://www.who.int"
    }]
  }],
  "description" : "Codes representing possible values for the Type of iron supplement dosage provided element",
  "jurisdiction" : [{
    "coding" : [{
      "system" : "http://unstats.un.org/unsd/methods/m49/m49.htm",
      "code" : "001"
    }]
  }],
  "immutable" : true,
  "compose" : {
    "include" : [{
      "system" : "http://fhir.org/guides/who/hiv-dak/CodeSystem/HIV-DAKConcepts",
      "concept" : [{
        "code" : "HIV.E.DE137",
        "display" : "Daily"
      },
      {
        "code" : "HIV.E.DE138",
        "display" : "Weekly"
      }]
    }]
  }
}