<?xml version="1.0" encoding="UTF-8"?>

<ValueSet xmlns="http://hl7.org/fhir">
  <id value="HIV.G.DE18"/>
  <meta>
    <profile value="http://hl7.org/fhir/uv/crmi/StructureDefinition/crmi-shareablevalueset"/>
    <profile value="http://hl7.org/fhir/uv/crmi/StructureDefinition/crmi-publishablevalueset"/>
    <profile value="http://hl7.org/fhir/uv/crmi/StructureDefinition/crmi-computablevalueset"/>
  </meta>
  <text>
    <status value="extensions"/><div xmlns="http://www.w3.org/1999/xhtml"><p class="res-header-id"><b>Generated Narrative: ValueSet HIV.G.DE18</b></p><a name="HIV.G.DE18"> </a><a name="hcHIV.G.DE18"> </a><a name="hcHIV.G.DE18-en-US"> </a><ul><li>Include these codes as defined in <a href="CodeSystem-HIVConcepts.html"><code>http://smart.who.int/hiv/CodeSystem/HIVConcepts</code></a><table class="none"><tr><td style="white-space:nowrap"><b>Code</b></td><td><b>Display</b></td><td><b>Definition</b></td></tr><tr><td><a href="CodeSystem-HIVConcepts.html#HIVConcepts-HIV.46G.46DE19">HIV.G.DE19</a></td><td>Positive</td><td>HBsAg test result was positive</td></tr><tr><td><a href="CodeSystem-HIVConcepts.html#HIVConcepts-HIV.46G.46DE20">HIV.G.DE20</a></td><td>Negative</td><td>HBsAg test result was negative</td></tr><tr><td><a href="CodeSystem-HIVConcepts.html#HIVConcepts-HIV.46G.46DE21">HIV.G.DE21</a></td><td>Indeterminate</td><td>HBsAg test result was indeterminate</td></tr></table></li></ul></div>
  </text>
  <url value="http://smart.who.int/hiv/ValueSet/HIV.G.DE18"/>
  <version value="0.1.0"/>
  <name value="HIVGDE18"/>
  <title value="HBsAg test result ValueSet"/>
  <status value="active"/>
  <experimental value="true"/>
  <date value="2024-07-01T12:40:16+00:00"/>
  <publisher value="WHO"/>
  <contact>
    <name value="WHO"/>
    <telecom>
      <system value="url"/>
      <value value="http://who.int"/>
    </telecom>
  </contact>
  <description value="Value set of hepatitis B virus test result (HBsAg)"/>
  <compose>
    <include>
      <system value="http://smart.who.int/hiv/CodeSystem/HIVConcepts"/>
      <concept>
        <code value="HIV.G.DE19"/>
        <display value="Positive"/>
      </concept>
      <concept>
        <code value="HIV.G.DE20"/>
        <display value="Negative"/>
      </concept>
      <concept>
        <code value="HIV.G.DE21"/>
        <display value="Indeterminate"/>
      </concept>
    </include>
  </compose>
</ValueSet>