<?xml version="1.0" encoding="UTF-8"?>

<ValueSet xmlns="http://hl7.org/fhir">
  <id value="hiv-b-de103"/>
  <text>
    <status value="extensions"/><div xmlns="http://www.w3.org/1999/xhtml"><ul><li>Include these codes as defined in <a href="CodeSystem-concept-codes.html"><code>http://fhir.org/guides/who/hiv-dak/CodeSystem/HIV-DAKConcepts</code></a><table class="none"><tr><td style="white-space:nowrap"><b>Code</b></td><td><b>Display</b></td><td><b>Definition</b></td></tr><tr><td><a href="CodeSystem-concept-codes.html#concept-codes-HIV.46B.46DE103">HIV.B.DE103</a></td><td>Reactive</td><td>Test result of HIV assay 3 - Reactive</td></tr><tr><td><a href="CodeSystem-concept-codes.html#concept-codes-HIV.46B.46DE104">HIV.B.DE104</a></td><td>Non-reactive</td><td>Test result of HIV assay 3 - Non-reactive</td></tr><tr><td><a href="CodeSystem-concept-codes.html#concept-codes-HIV.46B.46DE105">HIV.B.DE105</a></td><td>Invalid</td><td>Test result of HIV assay 3 - Invalid</td></tr><tr><td><a href="CodeSystem-concept-codes.html#concept-codes-HIV.46E.46DE209">HIV.E.DE209</a></td><td>Reactive</td><td>Test result of HIV assay 3 - Reactive</td></tr><tr><td><a href="CodeSystem-concept-codes.html#concept-codes-HIV.46E.46DE210">HIV.E.DE210</a></td><td>Non-reactive</td><td>Test result of HIV assay 3 - Non-reactive</td></tr><tr><td><a href="CodeSystem-concept-codes.html#concept-codes-HIV.46E.46DE211">HIV.E.DE211</a></td><td>Invalid</td><td>Test result of HIV assay 3 - Invalid</td></tr></table></li></ul></div>
  </text>
  <url value="http://fhir.org/guides/who/hiv-dak/ValueSet/hiv-b-de103"/>
  <version value="0.3.0"/>
  <name value="TestresultofHIVassay3Codes"/>
  <title value="Test result of HIV assay 3 Codes"/>
  <status value="draft"/>
  <experimental value="false"/>
  <date value="2024-05-31T12:30:05+00:00"/>
  <publisher value="World Health Organization (WHO) "/>
  <contact>
    <telecom>
      <system value="url"/>
      <value value="https://www.who.int"/>
    </telecom>
  </contact>
  <description value="Codes representing possible values for the Test result of HIV assay 3 element"/>
  <jurisdiction>
    <coding>
      <system value="http://unstats.un.org/unsd/methods/m49/m49.htm"/>
      <code value="001"/>
    </coding>
  </jurisdiction>
  <immutable value="true"/>
  <compose>
    <include>
      <system value="http://fhir.org/guides/who/hiv-dak/CodeSystem/HIV-DAKConcepts"/>
      <concept>
        <code value="HIV.B.DE103"/>
        <display value="Reactive"/>
      </concept>
      <concept>
        <code value="HIV.B.DE104"/>
        <display value="Non-reactive"/>
      </concept>
      <concept>
        <code value="HIV.B.DE105"/>
        <display value="Invalid"/>
      </concept>
      <concept>
        <code value="HIV.E.DE209"/>
        <display value="Reactive"/>
      </concept>
      <concept>
        <code value="HIV.E.DE210"/>
        <display value="Non-reactive"/>
      </concept>
      <concept>
        <code value="HIV.E.DE211"/>
        <display value="Invalid"/>
      </concept>
    </include>
  </compose>
</ValueSet>