{
  "resourceType" : "ValueSet",
  "id" : "hiv-d-de987",
  "text" : {
    "status" : "extensions",
    "div" : "<div xmlns=\"http://www.w3.org/1999/xhtml\"><ul><li>Include these codes as defined in <a href=\"CodeSystem-concept-codes.html\"><code>http://fhir.org/guides/who/hiv-dak/CodeSystem/HIV-DAKConcepts</code></a><table class=\"none\"><tr><td style=\"white-space:nowrap\"><b>Code</b></td><td><b>Display</b></td><td><b>Definition</b></td></tr><tr><td><a href=\"CodeSystem-concept-codes.html#concept-codes-HIV.46D.46DE987\">HIV.D.DE987</a></td><td>Screen positive for TB</td><td>TB screening result - Screen positive for TB</td></tr><tr><td><a href=\"CodeSystem-concept-codes.html#concept-codes-HIV.46D.46DE988\">HIV.D.DE988</a></td><td>Screen negative for TB</td><td>TB screening result - Screen negative for TB</td></tr><tr><td><a href=\"CodeSystem-concept-codes.html#concept-codes-HIV.46D.46DE989\">HIV.D.DE989</a></td><td>Inconclusive</td><td>TB screening result - Inconclusive</td></tr></table></li></ul></div>"
  },
  "url" : "http://fhir.org/guides/who/hiv-dak/ValueSet/hiv-d-de987",
  "version" : "0.3.0",
  "name" : "TBscreeningresultCodes",
  "title" : "TB screening result Codes",
  "status" : "draft",
  "experimental" : false,
  "date" : "2024-05-31T12:30:05+00:00",
  "publisher" : "World Health Organization (WHO) ",
  "contact" : [{
    "telecom" : [{
      "system" : "url",
      "value" : "https://www.who.int"
    }]
  }],
  "description" : "Codes representing possible values for the TB screening result element",
  "jurisdiction" : [{
    "coding" : [{
      "system" : "http://unstats.un.org/unsd/methods/m49/m49.htm",
      "code" : "001"
    }]
  }],
  "immutable" : true,
  "compose" : {
    "include" : [{
      "system" : "http://fhir.org/guides/who/hiv-dak/CodeSystem/HIV-DAKConcepts",
      "concept" : [{
        "code" : "HIV.D.DE987",
        "display" : "Screen positive for TB"
      },
      {
        "code" : "HIV.D.DE988",
        "display" : "Screen negative for TB"
      },
      {
        "code" : "HIV.D.DE989",
        "display" : "Inconclusive"
      }]
    }]
  }
}