{
  "resourceType" : "ValueSet",
  "id" : "HIV.B.DE74",
  "meta" : {
    "profile" : ["http://hl7.org/fhir/uv/crmi/StructureDefinition/crmi-shareablevalueset",
    "http://hl7.org/fhir/uv/crmi/StructureDefinition/crmi-publishablevalueset",
    "http://hl7.org/fhir/uv/crmi/StructureDefinition/crmi-computablevalueset"]
  },
  "text" : {
    "status" : "extensions",
    "div" : "<div xmlns=\"http://www.w3.org/1999/xhtml\"><p class=\"res-header-id\"><b>Generated Narrative: ValueSet HIV.B.DE74</b></p><a name=\"HIV.B.DE74\"> </a><a name=\"hcHIV.B.DE74\"> </a><a name=\"HIV.B.DE74-en-US\"> </a><ul><li>Include these codes as defined in <a href=\"CodeSystem-HIVConcepts.html\"><code>http://smart.who.int/hiv/CodeSystem/HIVConcepts</code></a><table class=\"none\"><tr><td style=\"white-space:nowrap\"><b>Code</b></td><td><b>Display</b></td><td><b>Definition</b></td></tr><tr><td><a href=\"CodeSystem-HIVConcepts.html#HIVConcepts-HIV.46B.46DE75\">HIV.B.DE75</a></td><td>Biological child</td><td>Contact identified for family services is the biological child of the client</td></tr><tr><td><a href=\"CodeSystem-HIVConcepts.html#HIVConcepts-HIV.46B.46DE76\">HIV.B.DE76</a></td><td>Drug-injecting partner</td><td>Contact identified for partner services is a drug-injecting partner of the client</td></tr><tr><td><a href=\"CodeSystem-HIVConcepts.html#HIVConcepts-HIV.46B.46DE77\">HIV.B.DE77</a></td><td>Sexual partner</td><td>Contact identified for partner services is a sexual partner of the client</td></tr><tr><td><a href=\"CodeSystem-HIVConcepts.html#HIVConcepts-HIV.46B.46DE78\">HIV.B.DE78</a></td><td>Social contact</td><td>Contact identified for social-network services is a social contact of the client</td></tr></table></li></ul></div>"
  },
  "url" : "http://smart.who.int/hiv/ValueSet/HIV.B.DE74",
  "version" : "0.2.0",
  "name" : "HIVBDE74",
  "title" : "Type of contact elicited ValueSet",
  "status" : "active",
  "experimental" : true,
  "date" : "2024-08-05T14:13:53+00:00",
  "publisher" : "WHO",
  "contact" : [{
    "name" : "WHO",
    "telecom" : [{
      "system" : "url",
      "value" : "http://who.int"
    }]
  }],
  "description" : "Value set of client's relationship to the contact identified for voluntary partner services or family services",
  "compose" : {
    "include" : [{
      "system" : "http://smart.who.int/hiv/CodeSystem/HIVConcepts",
      "concept" : [{
        "code" : "HIV.B.DE75",
        "display" : "Biological child"
      },
      {
        "code" : "HIV.B.DE76",
        "display" : "Drug-injecting partner"
      },
      {
        "code" : "HIV.B.DE77",
        "display" : "Sexual partner"
      },
      {
        "code" : "HIV.B.DE78",
        "display" : "Social contact"
      }]
    }]
  }
}