{
  "resourceType" : "ValueSet",
  "id" : "hiv-d-de538",
  "text" : {
    "status" : "extensions",
    "div" : "<div xmlns=\"http://www.w3.org/1999/xhtml\"><ul><li>Include these codes as defined in <a href=\"CodeSystem-concept-codes.html\"><code>http://fhir.org/guides/who/hiv-dak/CodeSystem/HIV-DAKConcepts</code></a><table class=\"none\"><tr><td style=\"white-space:nowrap\"><b>Code</b></td><td><b>Display</b></td><td><b>Definition</b></td></tr><tr><td><a href=\"CodeSystem-concept-codes.html#concept-codes-HIV.46D.46DE538\">HIV.D.DE538</a></td><td>No medications</td><td>Current medications - No medications</td></tr><tr><td><a href=\"CodeSystem-concept-codes.html#concept-codes-HIV.46D.46DE539\">HIV.D.DE539</a></td><td>Don't know of any current medications</td><td>Current medications - Don't know of any current medications</td></tr><tr><td><a href=\"CodeSystem-concept-codes.html#concept-codes-HIV.46D.46DE540\">HIV.D.DE540</a></td><td>Analgesic</td><td>Current medications - Analgesic</td></tr><tr><td><a href=\"CodeSystem-concept-codes.html#concept-codes-HIV.46D.46DE541\">HIV.D.DE541</a></td><td>Antacids</td><td>Current medications - Antacids</td></tr><tr><td><a href=\"CodeSystem-concept-codes.html#concept-codes-HIV.46D.46DE542\">HIV.D.DE542</a></td><td>Antibiotics (broad-spectrum)</td><td>Current medications - Antibiotics (broad-spectrum)</td></tr><tr><td><a href=\"CodeSystem-concept-codes.html#concept-codes-HIV.46D.46DE543\">HIV.D.DE543</a></td><td>Anticonvulsive</td><td>Current medications - Anticonvulsive</td></tr><tr><td><a href=\"CodeSystem-concept-codes.html#concept-codes-HIV.46D.46DE544\">HIV.D.DE544</a></td><td>Antidiabetic</td><td>Current medications - Antidiabetic</td></tr><tr><td><a href=\"CodeSystem-concept-codes.html#concept-codes-HIV.46D.46DE545\">HIV.D.DE545</a></td><td>Antifungals</td><td>Current medications - Antifungals</td></tr><tr><td><a href=\"CodeSystem-concept-codes.html#concept-codes-HIV.46D.46DE546\">HIV.D.DE546</a></td><td>Antihelmintic</td><td>Current medications - Antihelmintic</td></tr><tr><td><a href=\"CodeSystem-concept-codes.html#concept-codes-HIV.46D.46DE547\">HIV.D.DE547</a></td><td>Antihypertensive</td><td>Current medications - Antihypertensive</td></tr><tr><td><a href=\"CodeSystem-concept-codes.html#concept-codes-HIV.46D.46DE548\">HIV.D.DE548</a></td><td>Antimalarials</td><td>Current medications - Antimalarials</td></tr><tr><td><a href=\"CodeSystem-concept-codes.html#concept-codes-HIV.46D.46DE549\">HIV.D.DE549</a></td><td>Antiretrovirals (ARVs)</td><td>Current medications - Antiretrovirals (ARVs)</td></tr><tr><td><a href=\"CodeSystem-concept-codes.html#concept-codes-HIV.46D.46DE550\">HIV.D.DE550</a></td><td>Antiparasitics</td><td>Current medications - Antiparasitics</td></tr><tr><td><a href=\"CodeSystem-concept-codes.html#concept-codes-HIV.46D.46DE551\">HIV.D.DE551</a></td><td>Antivirals</td><td>Current medications - Antivirals</td></tr><tr><td><a href=\"CodeSystem-concept-codes.html#concept-codes-HIV.46D.46DE552\">HIV.D.DE552</a></td><td>Buprenorphine</td><td>Current medications - Buprenorphine</td></tr><tr><td><a href=\"CodeSystem-concept-codes.html#concept-codes-HIV.46D.46DE553\">HIV.D.DE553</a></td><td>Co-trimoxazole preventive therapy (CPT)</td><td>Current medications - Co-trimoxazole preventive therapy (CPT)</td></tr><tr><td><a href=\"CodeSystem-concept-codes.html#concept-codes-HIV.46D.46DE554\">HIV.D.DE554</a></td><td>Hormonal family planning method</td><td>Current medications - Hormonal family planning method</td></tr><tr><td><a href=\"CodeSystem-concept-codes.html#concept-codes-HIV.46D.46DE555\">HIV.D.DE555</a></td><td>Methadone</td><td>Current medications - Methadone</td></tr><tr><td><a href=\"CodeSystem-concept-codes.html#concept-codes-HIV.46D.46DE556\">HIV.D.DE556</a></td><td>PrEP to prevent HIV</td><td>Current medications - PrEP to prevent HIV</td></tr><tr><td><a href=\"CodeSystem-concept-codes.html#concept-codes-HIV.46D.46DE557\">HIV.D.DE557</a></td><td>Other antibiotics</td><td>Current medications - Other antibiotics</td></tr><tr><td><a href=\"CodeSystem-concept-codes.html#concept-codes-HIV.46D.46DE558\">HIV.D.DE558</a></td><td>Other medications</td><td>Current medications - Other medications</td></tr></table></li></ul></div>"
  },
  "url" : "http://fhir.org/guides/who/hiv-dak/ValueSet/hiv-d-de538",
  "version" : "0.3.0",
  "name" : "CurrentmedicationsCodes",
  "title" : "Current medications Codes",
  "status" : "draft",
  "experimental" : false,
  "date" : "2024-05-31T12:28:50+00:00",
  "publisher" : "World Health Organization (WHO) ",
  "contact" : [{
    "telecom" : [{
      "system" : "url",
      "value" : "https://www.who.int"
    }]
  }],
  "description" : "Codes representing possible values for the Current medications element",
  "jurisdiction" : [{
    "coding" : [{
      "system" : "http://unstats.un.org/unsd/methods/m49/m49.htm",
      "code" : "001"
    }]
  }],
  "immutable" : true,
  "compose" : {
    "include" : [{
      "system" : "http://fhir.org/guides/who/hiv-dak/CodeSystem/HIV-DAKConcepts",
      "concept" : [{
        "code" : "HIV.D.DE538",
        "display" : "No medications"
      },
      {
        "code" : "HIV.D.DE539",
        "display" : "Don't know of any current medications"
      },
      {
        "code" : "HIV.D.DE540",
        "display" : "Analgesic"
      },
      {
        "code" : "HIV.D.DE541",
        "display" : "Antacids"
      },
      {
        "code" : "HIV.D.DE542",
        "display" : "Antibiotics (broad-spectrum)"
      },
      {
        "code" : "HIV.D.DE543",
        "display" : "Anticonvulsive"
      },
      {
        "code" : "HIV.D.DE544",
        "display" : "Antidiabetic"
      },
      {
        "code" : "HIV.D.DE545",
        "display" : "Antifungals"
      },
      {
        "code" : "HIV.D.DE546",
        "display" : "Antihelmintic"
      },
      {
        "code" : "HIV.D.DE547",
        "display" : "Antihypertensive"
      },
      {
        "code" : "HIV.D.DE548",
        "display" : "Antimalarials"
      },
      {
        "code" : "HIV.D.DE549",
        "display" : "Antiretrovirals (ARVs)"
      },
      {
        "code" : "HIV.D.DE550",
        "display" : "Antiparasitics"
      },
      {
        "code" : "HIV.D.DE551",
        "display" : "Antivirals"
      },
      {
        "code" : "HIV.D.DE552",
        "display" : "Buprenorphine"
      },
      {
        "code" : "HIV.D.DE553",
        "display" : "Co-trimoxazole preventive therapy (CPT)"
      },
      {
        "code" : "HIV.D.DE554",
        "display" : "Hormonal family planning method"
      },
      {
        "code" : "HIV.D.DE555",
        "display" : "Methadone"
      },
      {
        "code" : "HIV.D.DE556",
        "display" : "PrEP to prevent HIV"
      },
      {
        "code" : "HIV.D.DE557",
        "display" : "Other antibiotics"
      },
      {
        "code" : "HIV.D.DE558",
        "display" : "Other medications"
      }]
    }]
  }
}