{
  "resourceType" : "ValueSet",
  "id" : "hiv-b-de257",
  "text" : {
    "status" : "extensions",
    "div" : "<div xmlns=\"http://www.w3.org/1999/xhtml\"><ul><li>Include these codes as defined in <a href=\"CodeSystem-concept-codes.html\"><code>http://fhir.org/guides/who/hiv-dak/CodeSystem/HIV-DAKConcepts</code></a><table class=\"none\"><tr><td style=\"white-space:nowrap\"><b>Code</b></td><td><b>Display</b></td><td><b>Definition</b></td></tr><tr><td><a href=\"CodeSystem-concept-codes.html#concept-codes-HIV.46B.46DE257\">HIV.B.DE257</a></td><td>Positive</td><td>Gonorrhoea test result - Positive</td></tr><tr><td><a href=\"CodeSystem-concept-codes.html#concept-codes-HIV.46B.46DE258\">HIV.B.DE258</a></td><td>Negative</td><td>Gonorrhoea test result - Negative</td></tr><tr><td><a href=\"CodeSystem-concept-codes.html#concept-codes-HIV.46B.46DE259\">HIV.B.DE259</a></td><td>Inconclusive</td><td>Gonorrhoea test result - Inconclusive</td></tr><tr><td><a href=\"CodeSystem-concept-codes.html#concept-codes-HIV.46D.46DE809\">HIV.D.DE809</a></td><td>Positive</td><td>Gonorrhoea test result - Positive</td></tr><tr><td><a href=\"CodeSystem-concept-codes.html#concept-codes-HIV.46D.46DE810\">HIV.D.DE810</a></td><td>Negative</td><td>Gonorrhoea test result - Negative</td></tr><tr><td><a href=\"CodeSystem-concept-codes.html#concept-codes-HIV.46D.46DE811\">HIV.D.DE811</a></td><td>Inconclusive</td><td>Gonorrhoea test result - Inconclusive</td></tr></table></li></ul></div>"
  },
  "url" : "http://fhir.org/guides/who/hiv-dak/ValueSet/hiv-b-de257",
  "version" : "0.3.0",
  "name" : "GonorrhoeatestresultCodes",
  "title" : "Gonorrhoea test result Codes",
  "status" : "draft",
  "experimental" : false,
  "date" : "2024-05-31T12:58:44+00:00",
  "publisher" : "World Health Organization (WHO) ",
  "contact" : [{
    "telecom" : [{
      "system" : "url",
      "value" : "https://www.who.int"
    }]
  }],
  "description" : "Codes representing possible values for the Gonorrhoea test result element",
  "jurisdiction" : [{
    "coding" : [{
      "system" : "http://unstats.un.org/unsd/methods/m49/m49.htm",
      "code" : "001"
    }]
  }],
  "immutable" : true,
  "compose" : {
    "include" : [{
      "system" : "http://fhir.org/guides/who/hiv-dak/CodeSystem/HIV-DAKConcepts",
      "concept" : [{
        "code" : "HIV.B.DE257",
        "display" : "Positive"
      },
      {
        "code" : "HIV.B.DE258",
        "display" : "Negative"
      },
      {
        "code" : "HIV.B.DE259",
        "display" : "Inconclusive"
      },
      {
        "code" : "HIV.D.DE809",
        "display" : "Positive"
      },
      {
        "code" : "HIV.D.DE810",
        "display" : "Negative"
      },
      {
        "code" : "HIV.D.DE811",
        "display" : "Inconclusive"
      }]
    }]
  }
}