{
  "resourceType" : "ValueSet",
  "id" : "HIV.C.DE80",
  "meta" : {
    "profile" : ["http://hl7.org/fhir/uv/crmi/StructureDefinition/crmi-shareablevalueset",
    "http://hl7.org/fhir/uv/crmi/StructureDefinition/crmi-publishablevalueset",
    "http://hl7.org/fhir/uv/crmi/StructureDefinition/crmi-computablevalueset"]
  },
  "text" : {
    "status" : "extensions",
    "div" : "<div xmlns=\"http://www.w3.org/1999/xhtml\"><p class=\"res-header-id\"><b>Generated Narrative: ValueSet HIV.C.DE80</b></p><a name=\"HIV.C.DE80\"> </a><a name=\"hcHIV.C.DE80\"> </a><a name=\"hcHIV.C.DE80-en-US\"> </a><ul><li>Include these codes as defined in <a href=\"CodeSystem-HIVConcepts.html\"><code>http://smart.who.int/hiv/CodeSystem/HIVConcepts</code></a><table class=\"none\"><tr><td style=\"white-space:nowrap\"><b>Code</b></td><td><b>Display</b></td><td><b>Definition</b></td></tr><tr><td><a href=\"CodeSystem-HIVConcepts.html#HIVConcepts-HIV.46C.46DE81\">HIV.C.DE81</a></td><td>Oral PrEP</td><td>Client was prescribed oral PrEP</td></tr><tr><td><a href=\"CodeSystem-HIVConcepts.html#HIVConcepts-HIV.46C.46DE82\">HIV.C.DE82</a></td><td>Dapivirine vaginal ring (DVR)</td><td>Client was prescribed dapivirine vaginal ring (DVR)</td></tr><tr><td><a href=\"CodeSystem-HIVConcepts.html#HIVConcepts-HIV.46C.46DE83\">HIV.C.DE83</a></td><td>CAB-LA</td><td>Client was prescribed long-acting cabotegravir (CAB-LA)</td></tr><tr><td><a href=\"CodeSystem-HIVConcepts.html#HIVConcepts-HIV.46C.46DE84\">HIV.C.DE84</a></td><td>Other</td><td>Client was prescribed other PrEP product</td></tr></table></li></ul></div>"
  },
  "url" : "http://smart.who.int/hiv/ValueSet/HIV.C.DE80",
  "version" : "0.1.0",
  "name" : "HIVCDE80",
  "title" : "PrEP product prescribed ValueSet",
  "status" : "active",
  "experimental" : true,
  "date" : "2024-07-01T12:40:16+00:00",
  "publisher" : "WHO",
  "contact" : [{
    "name" : "WHO",
    "telecom" : [{
      "system" : "url",
      "value" : "http://who.int"
    }]
  }],
  "description" : "Value set of prEP product that the client was prescribed",
  "compose" : {
    "include" : [{
      "system" : "http://smart.who.int/hiv/CodeSystem/HIVConcepts",
      "concept" : [{
        "code" : "HIV.C.DE81",
        "display" : "Oral PrEP"
      },
      {
        "code" : "HIV.C.DE82",
        "display" : "Dapivirine vaginal ring (DVR)"
      },
      {
        "code" : "HIV.C.DE83",
        "display" : "CAB-LA"
      },
      {
        "code" : "HIV.C.DE84",
        "display" : "Other"
      }]
    }]
  }
}