{
  "resourceType" : "ValueSet",
  "id" : "HIV.C.DE24",
  "meta" : {
    "profile" : ["http://hl7.org/fhir/uv/crmi/StructureDefinition/crmi-shareablevalueset",
    "http://hl7.org/fhir/uv/crmi/StructureDefinition/crmi-publishablevalueset",
    "http://hl7.org/fhir/uv/crmi/StructureDefinition/crmi-computablevalueset"]
  },
  "text" : {
    "status" : "extensions",
    "div" : "<div xmlns=\"http://www.w3.org/1999/xhtml\"><p class=\"res-header-id\"><b>Generated Narrative: ValueSet HIV.C.DE24</b></p><a name=\"HIV.C.DE24\"> </a><a name=\"hcHIV.C.DE24\"> </a><a name=\"HIV.C.DE24-en-US\"> </a><ul><li>Include these codes as defined in <a href=\"CodeSystem-HIVConcepts.html\"><code>http://smart.who.int/hiv/CodeSystem/HIVConcepts</code></a><table class=\"none\"><tr><td style=\"white-space:nowrap\"><b>Code</b></td><td><b>Display</b></td><td><b>Definition</b></td></tr><tr><td><a href=\"CodeSystem-HIVConcepts.html#HIVConcepts-HIV.46C.46DE25\">HIV.C.DE25</a></td><td>First-time user</td><td>The client has never used pre-exposure prophylaxis (PrEP) before (naive)</td></tr><tr><td><a href=\"CodeSystem-HIVConcepts.html#HIVConcepts-HIV.46C.46DE26\">HIV.C.DE26</a></td><td>Continuing user</td><td>The client has used PrEP before and is continuing to use PrEP</td></tr><tr><td><a href=\"CodeSystem-HIVConcepts.html#HIVConcepts-HIV.46C.46DE27\">HIV.C.DE27</a></td><td>Restarting following a period of not taking PrEP</td><td>The client is restarting PrEP following a period of not taking PrEP</td></tr></table></li></ul></div>"
  },
  "url" : "http://smart.who.int/hiv/ValueSet/HIV.C.DE24",
  "version" : "0.2.0",
  "name" : "HIVCDE24",
  "title" : "Experience with PrEP ValueSet",
  "status" : "active",
  "experimental" : true,
  "date" : "2024-08-05T14:13:53+00:00",
  "publisher" : "WHO",
  "contact" : [{
    "name" : "WHO",
    "telecom" : [{
      "system" : "url",
      "value" : "http://who.int"
    }]
  }],
  "description" : "Value set of the client's experience in taking PrEP",
  "compose" : {
    "include" : [{
      "system" : "http://smart.who.int/hiv/CodeSystem/HIVConcepts",
      "concept" : [{
        "code" : "HIV.C.DE25",
        "display" : "First-time user"
      },
      {
        "code" : "HIV.C.DE26",
        "display" : "Continuing user"
      },
      {
        "code" : "HIV.C.DE27",
        "display" : "Restarting following a period of not taking PrEP"
      }]
    }]
  }
}