<?xml version="1.0" encoding="UTF-8"?>

<ValueSet xmlns="http://hl7.org/fhir">
  <id value="HIV.E.DE41"/>
  <meta>
    <profile value="http://hl7.org/fhir/uv/crmi/StructureDefinition/crmi-shareablevalueset"/>
    <profile value="http://hl7.org/fhir/uv/crmi/StructureDefinition/crmi-publishablevalueset"/>
    <profile value="http://hl7.org/fhir/uv/crmi/StructureDefinition/crmi-computablevalueset"/>
  </meta>
  <text>
    <status value="extensions"/><div xmlns="http://www.w3.org/1999/xhtml"><p class="res-header-id"><b>Generated Narrative: ValueSet HIV.E.DE41</b></p><a name="HIV.E.DE41"> </a><a name="hcHIV.E.DE41"> </a><a name="hcHIV.E.DE41-en-US"> </a><ul><li>Include these codes as defined in <a href="CodeSystem-HIVConcepts.html"><code>http://smart.who.int/hiv/CodeSystem/HIVConcepts</code></a><table class="none"><tr><td style="white-space:nowrap"><b>Code</b></td><td><b>Display</b></td><td><b>Definition</b></td></tr><tr><td><a href="CodeSystem-HIVConcepts.html#HIVConcepts-HIV.46E.46DE42">HIV.E.DE42</a></td><td>Already on ART at first antenatal care visit</td><td>The pregnant woman was already on antiretroviral therapy (ART) at first antenatal care visit</td></tr><tr><td><a href="CodeSystem-HIVConcepts.html#HIVConcepts-HIV.46E.46DE43">HIV.E.DE43</a></td><td>Newly on ART during pregnancy</td><td>The pregnant woman started ART during her pregnancy</td></tr><tr><td><a href="CodeSystem-HIVConcepts.html#HIVConcepts-HIV.46E.46DE44">HIV.E.DE44</a></td><td>Newly on ART during labour and delivery</td><td>The woman started ART during labour and delivery</td></tr></table></li></ul></div>
  </text>
  <url value="http://smart.who.int/hiv/ValueSet/HIV.E.DE41"/>
  <version value="0.1.0"/>
  <name value="HIVEDE41"/>
  <title value="Timing of ART initiation ValueSet"/>
  <status value="active"/>
  <experimental value="true"/>
  <date value="2024-07-01T05:12:03+00:00"/>
  <publisher value="WHO"/>
  <contact>
    <name value="WHO"/>
    <telecom>
      <system value="url"/>
      <value value="http://who.int"/>
    </telecom>
  </contact>
  <description value="Value set of when the pregnant woman or mother initiated ART, for women living with HIV."/>
  <compose>
    <include>
      <system value="http://smart.who.int/hiv/CodeSystem/HIVConcepts"/>
      <concept>
        <code value="HIV.E.DE42"/>
        <display value="Already on ART at first antenatal care visit"/>
      </concept>
      <concept>
        <code value="HIV.E.DE43"/>
        <display value="Newly on ART during pregnancy"/>
      </concept>
      <concept>
        <code value="HIV.E.DE44"/>
        <display value="Newly on ART during labour and delivery"/>
      </concept>
    </include>
  </compose>
</ValueSet>