<?xml version="1.0" encoding="UTF-8"?>

<ValueSet xmlns="http://hl7.org/fhir">
  <id value="hiv-b-de192"/>
  <text>
    <status value="extensions"/><div xmlns="http://www.w3.org/1999/xhtml"><ul><li>Include these codes as defined in <a href="CodeSystem-concept-codes.html"><code>http://fhir.org/guides/who/hiv-dak/CodeSystem/HIV-DAKConcepts</code></a><table class="none"><tr><td style="white-space:nowrap"><b>Code</b></td><td><b>Display</b></td><td><b>Definition</b></td></tr><tr><td><a href="CodeSystem-concept-codes.html#concept-codes-HIV.46B.46DE192">HIV.B.DE192</a></td><td>Retesting for HIV</td><td>Type of follow-up appointment - Retesting for HIV</td></tr><tr><td><a href="CodeSystem-concept-codes.html#concept-codes-HIV.46B.46DE193">HIV.B.DE193</a></td><td>Other</td><td>Type of follow-up appointment - Other</td></tr><tr><td><a href="CodeSystem-concept-codes.html#concept-codes-HIV.46C.46DE126">HIV.C.DE126</a></td><td>Retesting for HIV</td><td>Type of follow-up appointment - Retesting for HIV</td></tr><tr><td><a href="CodeSystem-concept-codes.html#concept-codes-HIV.46C.46DE127">HIV.C.DE127</a></td><td>Follow-up appointment for PrEP</td><td>Type of follow-up appointment - Follow-up appointment for PrEP</td></tr><tr><td><a href="CodeSystem-concept-codes.html#concept-codes-HIV.46C.46DE128">HIV.C.DE128</a></td><td>Other</td><td>Type of follow-up appointment - Other</td></tr><tr><td><a href="CodeSystem-concept-codes.html#concept-codes-HIV.46D.46DE526">HIV.D.DE526</a></td><td>Clinical visit</td><td>Type of follow-up appointment - Clinical visit</td></tr><tr><td><a href="CodeSystem-concept-codes.html#concept-codes-HIV.46D.46DE527">HIV.D.DE527</a></td><td>Antiretroviral drug pick up</td><td>Type of follow-up appointment - Antiretroviral drug pick up</td></tr><tr><td><a href="CodeSystem-concept-codes.html#concept-codes-HIV.46D.46DE528">HIV.D.DE528</a></td><td>Post-treatment follow-up visit for cervical precancer lesions or invasive cervical cancer</td><td>Type of follow-up appointment - Post-treatment follow-up visit for cervical precancer lesions or invasive cervical cancer</td></tr><tr><td><a href="CodeSystem-concept-codes.html#concept-codes-HIV.46D.46DE529">HIV.D.DE529</a></td><td>Other</td><td>Type of follow-up appointment - Other</td></tr></table></li></ul></div>
  </text>
  <url value="http://fhir.org/guides/who/hiv-dak/ValueSet/hiv-b-de192"/>
  <version value="0.3.0"/>
  <name value="TypeoffollowupappointmentCodes"/>
  <title value="Type of follow-up appointment Codes"/>
  <status value="draft"/>
  <experimental value="false"/>
  <date value="2024-05-31T12:30:05+00:00"/>
  <publisher value="World Health Organization (WHO) "/>
  <contact>
    <telecom>
      <system value="url"/>
      <value value="https://www.who.int"/>
    </telecom>
  </contact>
  <description value="Codes representing possible values for the Type of follow-up appointment element"/>
  <jurisdiction>
    <coding>
      <system value="http://unstats.un.org/unsd/methods/m49/m49.htm"/>
      <code value="001"/>
    </coding>
  </jurisdiction>
  <immutable value="true"/>
  <compose>
    <include>
      <system value="http://fhir.org/guides/who/hiv-dak/CodeSystem/HIV-DAKConcepts"/>
      <concept>
        <code value="HIV.B.DE192"/>
        <display value="Retesting for HIV"/>
      </concept>
      <concept>
        <code value="HIV.B.DE193"/>
        <display value="Other"/>
      </concept>
      <concept>
        <code value="HIV.C.DE126"/>
        <display value="Retesting for HIV"/>
      </concept>
      <concept>
        <code value="HIV.C.DE127"/>
        <display value="Follow-up appointment for PrEP"/>
      </concept>
      <concept>
        <code value="HIV.C.DE128"/>
        <display value="Other"/>
      </concept>
      <concept>
        <code value="HIV.D.DE526"/>
        <display value="Clinical visit"/>
      </concept>
      <concept>
        <code value="HIV.D.DE527"/>
        <display value="Antiretroviral drug pick up"/>
      </concept>
      <concept>
        <code value="HIV.D.DE528"/>
        <display value="Post-treatment follow-up visit for cervical precancer lesions or invasive cervical cancer"/>
      </concept>
      <concept>
        <code value="HIV.D.DE529"/>
        <display value="Other"/>
      </concept>
    </include>
  </compose>
</ValueSet>