{
  "resourceType" : "ValueSet",
  "id" : "HIV.D.DE746",
  "meta" : {
    "profile" : ["http://hl7.org/fhir/uv/crmi/StructureDefinition/crmi-shareablevalueset",
    "http://hl7.org/fhir/uv/crmi/StructureDefinition/crmi-publishablevalueset",
    "http://hl7.org/fhir/uv/crmi/StructureDefinition/crmi-computablevalueset"]
  },
  "text" : {
    "status" : "extensions",
    "div" : "<div xmlns=\"http://www.w3.org/1999/xhtml\"><p class=\"res-header-id\"><b>Generated Narrative: ValueSet HIV.D.DE746</b></p><a name=\"HIV.D.DE746\"> </a><a name=\"hcHIV.D.DE746\"> </a><a name=\"hcHIV.D.DE746-en-US\"> </a><ul><li>Include these codes as defined in <a href=\"CodeSystem-HIVConcepts.html\"><code>http://smart.who.int/hiv/CodeSystem/HIVConcepts</code></a><table class=\"none\"><tr><td style=\"white-space:nowrap\"><b>Code</b></td><td><b>Display</b></td><td><b>Definition</b></td></tr><tr><td><a href=\"CodeSystem-HIVConcepts.html#HIVConcepts-HIV.46D.46DE747\">HIV.D.DE747</a></td><td>Provider-initiated tested in a clinic or emergency facility</td><td>The client tested though provider-initiated HIV testing &amp; counselling, which could be at an emergency facility</td></tr><tr><td><a href=\"CodeSystem-HIVConcepts.html#HIVConcepts-HIV.46D.46DE748\">HIV.D.DE748</a></td><td>Antenatal care clinic</td><td>The client tested at an antenatal care clinic, including labour and delivery</td></tr><tr><td><a href=\"CodeSystem-HIVConcepts.html#HIVConcepts-HIV.46D.46DE749\">HIV.D.DE749</a></td><td>Voluntary counselling and testing (within a health facility setting)</td><td>The client tested through voluntary counselling and testing (within a health facility setting)</td></tr><tr><td><a href=\"CodeSystem-HIVConcepts.html#HIVConcepts-HIV.46D.46DE750\">HIV.D.DE750</a></td><td>Family planning clinic</td><td>The client tested at a family planning clinic</td></tr><tr><td><a href=\"CodeSystem-HIVConcepts.html#HIVConcepts-HIV.46D.46DE751\">HIV.D.DE751</a></td><td>Other facility-level testing</td><td>The client tested at another type of facility</td></tr><tr><td><a href=\"CodeSystem-HIVConcepts.html#HIVConcepts-HIV.46D.46DE752\">HIV.D.DE752</a></td><td>Tuberculosis (TB) clinic</td><td>The client tested at a TB clinic</td></tr></table></li></ul></div>"
  },
  "url" : "http://smart.who.int/hiv/ValueSet/HIV.D.DE746",
  "version" : "0.1.0",
  "name" : "HIVDDE746",
  "title" : "Entry point for facility-level testing ValueSet",
  "status" : "active",
  "experimental" : true,
  "date" : "2024-07-01T14:01:13+00:00",
  "publisher" : "WHO",
  "contact" : [{
    "name" : "WHO",
    "telecom" : [{
      "system" : "url",
      "value" : "http://who.int"
    }]
  }],
  "description" : "Value set of specific point where testing is happening at a facility",
  "compose" : {
    "include" : [{
      "system" : "http://smart.who.int/hiv/CodeSystem/HIVConcepts",
      "concept" : [{
        "code" : "HIV.D.DE747",
        "display" : "Provider-initiated tested in a clinic or emergency facility"
      },
      {
        "code" : "HIV.D.DE748",
        "display" : "Antenatal care clinic"
      },
      {
        "code" : "HIV.D.DE749",
        "display" : "Voluntary counselling and testing (within a health facility setting)"
      },
      {
        "code" : "HIV.D.DE750",
        "display" : "Family planning clinic"
      },
      {
        "code" : "HIV.D.DE751",
        "display" : "Other facility-level testing"
      },
      {
        "code" : "HIV.D.DE752",
        "display" : "Tuberculosis (TB) clinic"
      }]
    }]
  }
}