{
  "resourceType" : "ValueSet",
  "id" : "hiv-b-de34",
  "text" : {
    "status" : "extensions",
    "div" : "<div xmlns=\"http://www.w3.org/1999/xhtml\"><ul><li>Include these codes as defined in <a href=\"CodeSystem-concept-codes.html\"><code>http://fhir.org/guides/who/hiv-dak/CodeSystem/HIV-DAKConcepts</code></a><table class=\"none\"><tr><td style=\"white-space:nowrap\"><b>Code</b></td><td><b>Display</b></td><td><b>Definition</b></td></tr><tr><td><a href=\"CodeSystem-concept-codes.html#concept-codes-HIV.46B.46DE34\">HIV.B.DE34</a></td><td>HIV-positive</td><td>Partner HIV status (reported) - HIV-positive</td></tr><tr><td><a href=\"CodeSystem-concept-codes.html#concept-codes-HIV.46B.46DE35\">HIV.B.DE35</a></td><td>HIV-negative</td><td>Partner HIV status (reported) - HIV-negative</td></tr><tr><td><a href=\"CodeSystem-concept-codes.html#concept-codes-HIV.46B.46DE36\">HIV.B.DE36</a></td><td>Unknown</td><td>Partner HIV status (reported) - Unknown</td></tr></table></li></ul></div>"
  },
  "url" : "http://fhir.org/guides/who/hiv-dak/ValueSet/hiv-b-de34",
  "version" : "0.3.0",
  "name" : "PartnerHIVstatusreportedCodes",
  "title" : "Partner HIV status (reported) Codes",
  "status" : "draft",
  "experimental" : false,
  "date" : "2024-05-31T12:58:44+00:00",
  "publisher" : "World Health Organization (WHO) ",
  "contact" : [{
    "telecom" : [{
      "system" : "url",
      "value" : "https://www.who.int"
    }]
  }],
  "description" : "Codes representing possible values for the Partner HIV status (reported) element",
  "jurisdiction" : [{
    "coding" : [{
      "system" : "http://unstats.un.org/unsd/methods/m49/m49.htm",
      "code" : "001"
    }]
  }],
  "immutable" : true,
  "compose" : {
    "include" : [{
      "system" : "http://fhir.org/guides/who/hiv-dak/CodeSystem/HIV-DAKConcepts",
      "concept" : [{
        "code" : "HIV.B.DE34",
        "display" : "HIV-positive"
      },
      {
        "code" : "HIV.B.DE35",
        "display" : "HIV-negative"
      },
      {
        "code" : "HIV.B.DE36",
        "display" : "Unknown"
      }]
    }]
  }
}