<?xml version="1.0" encoding="UTF-8"?>

<ValueSet xmlns="http://hl7.org/fhir">
  <id value="hiv-b-de270"/>
  <text>
    <status value="extensions"/><div xmlns="http://www.w3.org/1999/xhtml"><ul><li>Include these codes as defined in <a href="CodeSystem-concept-codes.html"><code>http://fhir.org/guides/who/hiv-dak/CodeSystem/HIV-DAKConcepts</code></a><table class="none"><tr><td style="white-space:nowrap"><b>Code</b></td><td><b>Display</b></td><td><b>Definition</b></td></tr><tr><td><a href="CodeSystem-concept-codes.html#concept-codes-HIV.46B.46DE270">HIV.B.DE270</a></td><td>Treponemal</td><td>Syphilis test type - Treponemal</td></tr><tr><td><a href="CodeSystem-concept-codes.html#concept-codes-HIV.46B.46DE271">HIV.B.DE271</a></td><td>Non-treponemal</td><td>Syphilis test type - Non-treponemal</td></tr><tr><td><a href="CodeSystem-concept-codes.html#concept-codes-HIV.46B.46DE272">HIV.B.DE272</a></td><td>POC Test</td><td>Syphilis test type - POC Test</td></tr><tr><td><a href="CodeSystem-concept-codes.html#concept-codes-HIV.46B.46DE273">HIV.B.DE273</a></td><td>NAAT</td><td>Syphilis test type - NAAT</td></tr><tr><td><a href="CodeSystem-concept-codes.html#concept-codes-HIV.46B.46DE274">HIV.B.DE274</a></td><td>Other</td><td>Syphilis test type - Other</td></tr><tr><td><a href="CodeSystem-concept-codes.html#concept-codes-HIV.46D.46DE822">HIV.D.DE822</a></td><td>Treponemal</td><td>Syphilis test type - Treponemal</td></tr><tr><td><a href="CodeSystem-concept-codes.html#concept-codes-HIV.46D.46DE823">HIV.D.DE823</a></td><td>Non-treponemal</td><td>Syphilis test type - Non-treponemal</td></tr><tr><td><a href="CodeSystem-concept-codes.html#concept-codes-HIV.46D.46DE824">HIV.D.DE824</a></td><td>POC Test</td><td>Syphilis test type - POC Test</td></tr><tr><td><a href="CodeSystem-concept-codes.html#concept-codes-HIV.46D.46DE825">HIV.D.DE825</a></td><td>NAAT</td><td>Syphilis test type - NAAT</td></tr><tr><td><a href="CodeSystem-concept-codes.html#concept-codes-HIV.46D.46DE826">HIV.D.DE826</a></td><td>Other</td><td>Syphilis test type - Other</td></tr><tr><td><a href="CodeSystem-concept-codes.html#concept-codes-HIV.46G.46DE56">HIV.G.DE56</a></td><td>Treponemal</td><td>Syphilis test type - Treponemal</td></tr><tr><td><a href="CodeSystem-concept-codes.html#concept-codes-HIV.46G.46DE57">HIV.G.DE57</a></td><td>Non-treponemal</td><td>Syphilis test type - Non-treponemal</td></tr><tr><td><a href="CodeSystem-concept-codes.html#concept-codes-HIV.46G.46DE58">HIV.G.DE58</a></td><td>POC Test</td><td>Syphilis test type - POC Test</td></tr><tr><td><a href="CodeSystem-concept-codes.html#concept-codes-HIV.46G.46DE59">HIV.G.DE59</a></td><td>NAAT</td><td>Syphilis test type - NAAT</td></tr><tr><td><a href="CodeSystem-concept-codes.html#concept-codes-HIV.46G.46DE60">HIV.G.DE60</a></td><td>Other</td><td>Syphilis test type - Other</td></tr></table></li></ul></div>
  </text>
  <url value="http://fhir.org/guides/who/hiv-dak/ValueSet/hiv-b-de270"/>
  <version value="0.3.0"/>
  <name value="SyphilistesttypeCodes"/>
  <title value="Syphilis test type Codes"/>
  <status value="draft"/>
  <experimental value="false"/>
  <date value="2024-05-31T12:30:05+00:00"/>
  <publisher value="World Health Organization (WHO) "/>
  <contact>
    <telecom>
      <system value="url"/>
      <value value="https://www.who.int"/>
    </telecom>
  </contact>
  <description value="Codes representing possible values for the Syphilis test type element"/>
  <jurisdiction>
    <coding>
      <system value="http://unstats.un.org/unsd/methods/m49/m49.htm"/>
      <code value="001"/>
    </coding>
  </jurisdiction>
  <immutable value="true"/>
  <compose>
    <include>
      <system value="http://fhir.org/guides/who/hiv-dak/CodeSystem/HIV-DAKConcepts"/>
      <concept>
        <code value="HIV.B.DE270"/>
        <display value="Treponemal"/>
      </concept>
      <concept>
        <code value="HIV.B.DE271"/>
        <display value="Non-treponemal"/>
      </concept>
      <concept>
        <code value="HIV.B.DE272"/>
        <display value="POC Test"/>
      </concept>
      <concept>
        <code value="HIV.B.DE273"/>
        <display value="NAAT"/>
      </concept>
      <concept>
        <code value="HIV.B.DE274"/>
        <display value="Other"/>
      </concept>
      <concept>
        <code value="HIV.D.DE822"/>
        <display value="Treponemal"/>
      </concept>
      <concept>
        <code value="HIV.D.DE823"/>
        <display value="Non-treponemal"/>
      </concept>
      <concept>
        <code value="HIV.D.DE824"/>
        <display value="POC Test"/>
      </concept>
      <concept>
        <code value="HIV.D.DE825"/>
        <display value="NAAT"/>
      </concept>
      <concept>
        <code value="HIV.D.DE826"/>
        <display value="Other"/>
      </concept>
      <concept>
        <code value="HIV.G.DE56"/>
        <display value="Treponemal"/>
      </concept>
      <concept>
        <code value="HIV.G.DE57"/>
        <display value="Non-treponemal"/>
      </concept>
      <concept>
        <code value="HIV.G.DE58"/>
        <display value="POC Test"/>
      </concept>
      <concept>
        <code value="HIV.G.DE59"/>
        <display value="NAAT"/>
      </concept>
      <concept>
        <code value="HIV.G.DE60"/>
        <display value="Other"/>
      </concept>
    </include>
  </compose>
</ValueSet>