{
  "resourceType" : "ValueSet",
  "id" : "HIV.B.DE66",
  "meta" : {
    "profile" : ["http://hl7.org/fhir/uv/crmi/StructureDefinition/crmi-shareablevalueset",
    "http://hl7.org/fhir/uv/crmi/StructureDefinition/crmi-publishablevalueset",
    "http://hl7.org/fhir/uv/crmi/StructureDefinition/crmi-computablevalueset"]
  },
  "text" : {
    "status" : "generated",
    "div" : "<div xmlns=\"http://www.w3.org/1999/xhtml\"><p class=\"res-header-id\"><b>Generated Narrative: ValueSet HIV.B.DE66</b></p><a name=\"HIV.B.DE66\"> </a><a name=\"hcHIV.B.DE66\"> </a><a name=\"hcHIV.B.DE66-en-US\"> </a><p>This value set includes codes based on the following rules:</p><ul/></div>"
  },
  "url" : "http://smart.who.int/hiv/ValueSet/HIV.B.DE66",
  "version" : "0.1.0",
  "name" : "HIVBDE66",
  "title" : "HIV diagnosing facility ValueSet",
  "status" : "active",
  "experimental" : true,
  "date" : "2024-07-01T13:58:30+00:00",
  "publisher" : "WHO",
  "contact" : [{
    "name" : "WHO",
    "telecom" : [{
      "system" : "url",
      "value" : "http://who.int"
    }]
  }],
  "description" : "Value set of the facility where the client received an HIV-positive diagnosis"
}