{
  "resourceType" : "ValueSet",
  "id" : "hiv-g-de14",
  "text" : {
    "status" : "extensions",
    "div" : "<div xmlns=\"http://www.w3.org/1999/xhtml\"><ul><li>Include these codes as defined in <a href=\"CodeSystem-concept-codes.html\"><code>http://fhir.org/guides/who/hiv-dak/CodeSystem/HIV-DAKConcepts</code></a><table class=\"none\"><tr><td style=\"white-space:nowrap\"><b>Code</b></td><td><b>Display</b></td><td><b>Definition</b></td></tr><tr><td><a href=\"CodeSystem-concept-codes.html#concept-codes-HIV.46G.46DE14\">HIV.G.DE14</a></td><td>Liquid plasma specimen for viral load testing</td><td>HIV viral load specimen type - Liquid plasma specimen for viral load testing</td></tr><tr><td><a href=\"CodeSystem-concept-codes.html#concept-codes-HIV.46G.46DE15\">HIV.G.DE15</a></td><td>Dried blood spot specimen</td><td>HIV viral load specimen type - Dried blood spot specimen</td></tr><tr><td><a href=\"CodeSystem-concept-codes.html#concept-codes-HIV.46G.46DE16\">HIV.G.DE16</a></td><td>Dried plasma spot from a plasma separation card</td><td>HIV viral load specimen type - Dried plasma spot from a plasma separation card</td></tr></table></li></ul></div>"
  },
  "url" : "http://fhir.org/guides/who/hiv-dak/ValueSet/hiv-g-de14",
  "version" : "0.3.0",
  "name" : "HIVviralloadspecimentypeCodes",
  "title" : "HIV viral load specimen type Codes",
  "status" : "draft",
  "experimental" : false,
  "date" : "2024-05-31T12:58:44+00:00",
  "publisher" : "World Health Organization (WHO) ",
  "contact" : [{
    "telecom" : [{
      "system" : "url",
      "value" : "https://www.who.int"
    }]
  }],
  "description" : "Codes representing possible values for the HIV viral load specimen type element",
  "jurisdiction" : [{
    "coding" : [{
      "system" : "http://unstats.un.org/unsd/methods/m49/m49.htm",
      "code" : "001"
    }]
  }],
  "immutable" : true,
  "compose" : {
    "include" : [{
      "system" : "http://fhir.org/guides/who/hiv-dak/CodeSystem/HIV-DAKConcepts",
      "concept" : [{
        "code" : "HIV.G.DE14",
        "display" : "Liquid plasma specimen for viral load testing"
      },
      {
        "code" : "HIV.G.DE15",
        "display" : "Dried blood spot specimen"
      },
      {
        "code" : "HIV.G.DE16",
        "display" : "Dried plasma spot from a plasma separation card"
      }]
    }]
  }
}