<?xml version="1.0" encoding="UTF-8"?>

<ValueSet xmlns="http://hl7.org/fhir">
  <id value="HIV.D.DE569"/>
  <meta>
    <profile value="http://hl7.org/fhir/uv/crmi/StructureDefinition/crmi-shareablevalueset"/>
    <profile value="http://hl7.org/fhir/uv/crmi/StructureDefinition/crmi-publishablevalueset"/>
    <profile value="http://hl7.org/fhir/uv/crmi/StructureDefinition/crmi-computablevalueset"/>
  </meta>
  <text>
    <status value="extensions"/><div xmlns="http://www.w3.org/1999/xhtml"><p class="res-header-id"><b>Generated Narrative: ValueSet HIV.D.DE569</b></p><a name="HIV.D.DE569"> </a><a name="hcHIV.D.DE569"> </a><a name="HIV.D.DE569-en-US"> </a><ul><li>Include these codes as defined in <a href="CodeSystem-HIVConcepts.html"><code>http://smart.who.int/hiv/CodeSystem/HIVConcepts</code></a><table class="none"><tr><td style="white-space:nowrap"><b>Code</b></td><td><b>Display</b></td><td><b>Definition</b></td></tr><tr><td><a href="CodeSystem-HIVConcepts.html#HIVConcepts-HIV.46D.46DE570">HIV.D.DE570</a></td><td>Copper-bearing intrauterine device (Cu-IUD)</td><td>A copper-bearing intrauterine device is being used as a family planning method</td></tr><tr><td><a href="CodeSystem-HIVConcepts.html#HIVConcepts-HIV.46D.46DE571">HIV.D.DE571</a></td><td>Levonorgestrel intrauterine device (LNG-IUD)</td><td>A levonorgestrel intrauterine device (hormone-releasing intrauterine contraceptive device) is being used as a family planning method</td></tr><tr><td><a href="CodeSystem-HIVConcepts.html#HIVConcepts-HIV.46D.46DE572">HIV.D.DE572</a></td><td>Etonogestrel (ETG) one-rod implant</td><td>An etonogestrel one-rod implant is being used</td></tr><tr><td><a href="CodeSystem-HIVConcepts.html#HIVConcepts-HIV.46D.46DE573">HIV.D.DE573</a></td><td>Levonorgestrel (LNG) two-rod implant</td><td>A levonorgestrel two-rod implant is being used as a family planning method</td></tr><tr><td><a href="CodeSystem-HIVConcepts.html#HIVConcepts-HIV.46D.46DE574">HIV.D.DE574</a></td><td>DMPA-IM</td><td>Injectable depot medroxyprogesterone acetate (DMPA), administered intramuscularly, is being used as a family planning method</td></tr><tr><td><a href="CodeSystem-HIVConcepts.html#HIVConcepts-HIV.46D.46DE575">HIV.D.DE575</a></td><td>DMPA-SC</td><td>Injectable depot medroxyprogesterone acetate (DMPA), administered subcutaneously is being used</td></tr><tr><td><a href="CodeSystem-HIVConcepts.html#HIVConcepts-HIV.46D.46DE576">HIV.D.DE576</a></td><td>NET-EN norethisterone enanthate</td><td>Injectable norethisterone enanthate (NET-EN) is being used as a family planning method</td></tr><tr><td><a href="CodeSystem-HIVConcepts.html#HIVConcepts-HIV.46D.46DE577">HIV.D.DE577</a></td><td>Progestogen-only pills (POP)</td><td>Progestogen-only pills (POP) are being used as a family planning method</td></tr><tr><td><a href="CodeSystem-HIVConcepts.html#HIVConcepts-HIV.46D.46DE578">HIV.D.DE578</a></td><td>Combined oral contraceptives (COCs)</td><td>Combined oral contraceptives (COCs) pills are being used as a family planning method</td></tr><tr><td><a href="CodeSystem-HIVConcepts.html#HIVConcepts-HIV.46D.46DE579">HIV.D.DE579</a></td><td>Combined contraceptive patch</td><td>Transdermal combined contraceptive patch is being used as a family planning method</td></tr><tr><td><a href="CodeSystem-HIVConcepts.html#HIVConcepts-HIV.46D.46DE580">HIV.D.DE580</a></td><td>Combined contraceptive vaginal ring (CVR)</td><td>Combined contraceptive vaginal ring (CVR) is being used as a family planning method</td></tr><tr><td><a href="CodeSystem-HIVConcepts.html#HIVConcepts-HIV.46D.46DE581">HIV.D.DE581</a></td><td>Progesterone-releasing vaginal ring (PVR)</td><td>Progesterone-releasing vaginal ring (PVR) is being used as a family planning method</td></tr><tr><td><a href="CodeSystem-HIVConcepts.html#HIVConcepts-HIV.46D.46DE582">HIV.D.DE582</a></td><td>Lactational amenorrhea method (LAM)</td><td>Lactational amenorrhea method (LAM) is being used as a family planning method</td></tr><tr><td><a href="CodeSystem-HIVConcepts.html#HIVConcepts-HIV.46D.46DE583">HIV.D.DE583</a></td><td>Emergency contraceptive pills (ECPs)</td><td>Client uses emergency contraceptive pills (ECPs)</td></tr><tr><td><a href="CodeSystem-HIVConcepts.html#HIVConcepts-HIV.46D.46DE584">HIV.D.DE584</a></td><td>Fertility awareness-based methods (FAB)</td><td>Client uses fertility awareness-based methods (FAB)</td></tr><tr><td><a href="CodeSystem-HIVConcepts.html#HIVConcepts-HIV.46D.46DE585">HIV.D.DE585</a></td><td>Male condoms</td><td>Male condoms are being used as a family planning method</td></tr><tr><td><a href="CodeSystem-HIVConcepts.html#HIVConcepts-HIV.46D.46DE586">HIV.D.DE586</a></td><td>Female condoms</td><td>Female condoms are being used as a family planning method</td></tr><tr><td><a href="CodeSystem-HIVConcepts.html#HIVConcepts-HIV.46D.46DE587">HIV.D.DE587</a></td><td>Withdrawal</td><td>Client uses withdrawal method</td></tr><tr><td><a href="CodeSystem-HIVConcepts.html#HIVConcepts-HIV.46D.46DE588">HIV.D.DE588</a></td><td>Female relying on male method</td><td>The female client is relying on her male partner for contraceptive methods (e.g. male condoms, male sterilization, withdrawal)</td></tr><tr><td><a href="CodeSystem-HIVConcepts.html#HIVConcepts-HIV.46D.46DE589">HIV.D.DE589</a></td><td>Male relying on female method</td><td>The male client is relying on his female partner for contraceptive methods</td></tr><tr><td><a href="CodeSystem-HIVConcepts.html#HIVConcepts-HIV.46D.46DE590">HIV.D.DE590</a></td><td>Male sterilization</td><td>Male surgical sterilization (a vasectomy) is the family planning method used</td></tr><tr><td><a href="CodeSystem-HIVConcepts.html#HIVConcepts-HIV.46D.46DE591">HIV.D.DE591</a></td><td>Female sterilization</td><td>Female surgical sterilization procedure is the family planning method used</td></tr><tr><td><a href="CodeSystem-HIVConcepts.html#HIVConcepts-HIV.46D.46DE592">HIV.D.DE592</a></td><td>No method</td><td>Client is not using any family planning methods</td></tr></table></li></ul></div>
  </text>
  <url value="http://smart.who.int/hiv/ValueSet/HIV.D.DE569"/>
  <version value="0.2.0"/>
  <name value="HIVDDE569"/>
  <title value="Family planning method used ValueSet"/>
  <status value="active"/>
  <experimental value="true"/>
  <date value="2024-08-05T14:13:53+00:00"/>
  <publisher value="WHO"/>
  <contact>
    <name value="WHO"/>
    <telecom>
      <system value="url"/>
      <value value="http://who.int"/>
    </telecom>
  </contact>
  <description value="Value set of method the client reports currently using at intake"/>
  <compose>
    <include>
      <system value="http://smart.who.int/hiv/CodeSystem/HIVConcepts"/>
      <concept>
        <code value="HIV.D.DE570"/>
        <display value="Copper-bearing intrauterine device (Cu-IUD)"/>
      </concept>
      <concept>
        <code value="HIV.D.DE571"/>
        <display value="Levonorgestrel intrauterine device (LNG-IUD)"/>
      </concept>
      <concept>
        <code value="HIV.D.DE572"/>
        <display value="Etonogestrel (ETG) one-rod implant"/>
      </concept>
      <concept>
        <code value="HIV.D.DE573"/>
        <display value="Levonorgestrel (LNG) two-rod implant"/>
      </concept>
      <concept>
        <code value="HIV.D.DE574"/>
        <display value="DMPA-IM"/>
      </concept>
      <concept>
        <code value="HIV.D.DE575"/>
        <display value="DMPA-SC"/>
      </concept>
      <concept>
        <code value="HIV.D.DE576"/>
        <display value="NET-EN norethisterone enanthate"/>
      </concept>
      <concept>
        <code value="HIV.D.DE577"/>
        <display value="Progestogen-only pills (POP)"/>
      </concept>
      <concept>
        <code value="HIV.D.DE578"/>
        <display value="Combined oral contraceptives (COCs)"/>
      </concept>
      <concept>
        <code value="HIV.D.DE579"/>
        <display value="Combined contraceptive patch"/>
      </concept>
      <concept>
        <code value="HIV.D.DE580"/>
        <display value="Combined contraceptive vaginal ring (CVR)"/>
      </concept>
      <concept>
        <code value="HIV.D.DE581"/>
        <display value="Progesterone-releasing vaginal ring (PVR)"/>
      </concept>
      <concept>
        <code value="HIV.D.DE582"/>
        <display value="Lactational amenorrhea method (LAM)"/>
      </concept>
      <concept>
        <code value="HIV.D.DE583"/>
        <display value="Emergency contraceptive pills (ECPs)"/>
      </concept>
      <concept>
        <code value="HIV.D.DE584"/>
        <display value="Fertility awareness-based methods (FAB)"/>
      </concept>
      <concept>
        <code value="HIV.D.DE585"/>
        <display value="Male condoms"/>
      </concept>
      <concept>
        <code value="HIV.D.DE586"/>
        <display value="Female condoms"/>
      </concept>
      <concept>
        <code value="HIV.D.DE587"/>
        <display value="Withdrawal"/>
      </concept>
      <concept>
        <code value="HIV.D.DE588"/>
        <display value="Female relying on male method"/>
      </concept>
      <concept>
        <code value="HIV.D.DE589"/>
        <display value="Male relying on female method"/>
      </concept>
      <concept>
        <code value="HIV.D.DE590"/>
        <display value="Male sterilization"/>
      </concept>
      <concept>
        <code value="HIV.D.DE591"/>
        <display value="Female sterilization"/>
      </concept>
      <concept>
        <code value="HIV.D.DE592"/>
        <display value="No method"/>
      </concept>
    </include>
  </compose>
</ValueSet>