{
  "resourceType" : "ValueSet",
  "id" : "hiv-d-de682",
  "text" : {
    "status" : "extensions",
    "div" : "<div xmlns=\"http://www.w3.org/1999/xhtml\"><ul><li>Include these codes as defined in <a href=\"CodeSystem-concept-codes.html\"><code>http://fhir.org/guides/who/hiv-dak/CodeSystem/HIV-DAKConcepts</code></a><table class=\"none\"><tr><td style=\"white-space:nowrap\"><b>Code</b></td><td><b>Display</b></td><td><b>Definition</b></td></tr><tr><td><a href=\"CodeSystem-concept-codes.html#concept-codes-HIV.46D.46DE682\">HIV.D.DE682</a></td><td>VIA</td><td>Cervical cancer triage test type - VIA</td></tr><tr><td><a href=\"CodeSystem-concept-codes.html#concept-codes-HIV.46D.46DE683\">HIV.D.DE683</a></td><td>Colposcopy</td><td>Cervical cancer triage test type - Colposcopy</td></tr><tr><td><a href=\"CodeSystem-concept-codes.html#concept-codes-HIV.46D.46DE684\">HIV.D.DE684</a></td><td>Cervical cytology</td><td>Cervical cancer triage test type - Cervical cytology</td></tr><tr><td><a href=\"CodeSystem-concept-codes.html#concept-codes-HIV.46D.46DE685\">HIV.D.DE685</a></td><td>HPV16/18</td><td>Cervical cancer triage test type - HPV16/18</td></tr><tr><td><a href=\"CodeSystem-concept-codes.html#concept-codes-HIV.46D.46DE686\">HIV.D.DE686</a></td><td>Other</td><td>Cervical cancer triage test type - Other</td></tr></table></li></ul></div>"
  },
  "url" : "http://fhir.org/guides/who/hiv-dak/ValueSet/hiv-d-de682",
  "version" : "0.3.0",
  "name" : "CervicalcancertriagetesttypeCodes",
  "title" : "Cervical cancer triage test type Codes",
  "status" : "draft",
  "experimental" : false,
  "date" : "2024-06-04T14:36:24+00:00",
  "publisher" : "World Health Organization (WHO) ",
  "contact" : [{
    "telecom" : [{
      "system" : "url",
      "value" : "https://www.who.int"
    }]
  }],
  "description" : "Codes representing possible values for the Cervical cancer triage test type element",
  "jurisdiction" : [{
    "coding" : [{
      "system" : "http://unstats.un.org/unsd/methods/m49/m49.htm",
      "code" : "001"
    }]
  }],
  "immutable" : true,
  "compose" : {
    "include" : [{
      "system" : "http://fhir.org/guides/who/hiv-dak/CodeSystem/HIV-DAKConcepts",
      "concept" : [{
        "code" : "HIV.D.DE682",
        "display" : "VIA"
      },
      {
        "code" : "HIV.D.DE683",
        "display" : "Colposcopy"
      },
      {
        "code" : "HIV.D.DE684",
        "display" : "Cervical cytology"
      },
      {
        "code" : "HIV.D.DE685",
        "display" : "HPV16/18"
      },
      {
        "code" : "HIV.D.DE686",
        "display" : "Other"
      }]
    }]
  }
}