{
  "resourceType" : "ValueSet",
  "id" : "HIV.B.DE15",
  "meta" : {
    "profile" : ["http://hl7.org/fhir/uv/crmi/StructureDefinition/crmi-shareablevalueset",
    "http://hl7.org/fhir/uv/crmi/StructureDefinition/crmi-publishablevalueset",
    "http://hl7.org/fhir/uv/crmi/StructureDefinition/crmi-computablevalueset"]
  },
  "text" : {
    "status" : "extensions",
    "div" : "<div xmlns=\"http://www.w3.org/1999/xhtml\"><p class=\"res-header-id\"><b>Generated Narrative: ValueSet HIV.B.DE15</b></p><a name=\"HIV.B.DE15\"> </a><a name=\"hcHIV.B.DE15\"> </a><a name=\"hcHIV.B.DE15-en-US\"> </a><ul><li>Include these codes as defined in <a href=\"CodeSystem-HIVConcepts.html\"><code>http://smart.who.int/hiv/CodeSystem/HIVConcepts</code></a><table class=\"none\"><tr><td style=\"white-space:nowrap\"><b>Code</b></td><td><b>Display</b></td><td><b>Definition</b></td></tr><tr><td><a href=\"CodeSystem-HIVConcepts.html#HIVConcepts-HIV.46B.46DE16\">HIV.B.DE16</a></td><td>Community-level testing</td><td>Testing is happening in the community, which includes mobile testing</td></tr><tr><td><a href=\"CodeSystem-HIVConcepts.html#HIVConcepts-HIV.46B.46DE17\">HIV.B.DE17</a></td><td>Facility-level testing</td><td>Testing is happening at a facility</td></tr></table></li></ul></div>"
  },
  "url" : "http://smart.who.int/hiv/ValueSet/HIV.B.DE15",
  "version" : "0.1.0",
  "name" : "HIVBDE15",
  "title" : "Testing entry point ValueSet",
  "status" : "active",
  "experimental" : true,
  "date" : "2024-07-01T19:19:54+00:00",
  "publisher" : "WHO",
  "contact" : [{
    "name" : "WHO",
    "telecom" : [{
      "system" : "url",
      "value" : "http://who.int"
    }]
  }],
  "description" : "Value set of whether testing is happening in the community or at a facility",
  "compose" : {
    "include" : [{
      "system" : "http://smart.who.int/hiv/CodeSystem/HIVConcepts",
      "concept" : [{
        "code" : "HIV.B.DE16",
        "display" : "Community-level testing"
      },
      {
        "code" : "HIV.B.DE17",
        "display" : "Facility-level testing"
      }]
    }]
  }
}