<?xml version="1.0" encoding="UTF-8"?>

<ValueSet xmlns="http://hl7.org/fhir">
  <id value="HIV.A.DE5"/>
  <meta>
    <profile value="http://hl7.org/fhir/uv/crmi/StructureDefinition/crmi-shareablevalueset"/>
    <profile value="http://hl7.org/fhir/uv/crmi/StructureDefinition/crmi-publishablevalueset"/>
    <profile value="http://hl7.org/fhir/uv/crmi/StructureDefinition/crmi-computablevalueset"/>
  </meta>
  <text>
    <status value="extensions"/><div xmlns="http://www.w3.org/1999/xhtml"><p class="res-header-id"><b>Generated Narrative: ValueSet HIV.A.DE5</b></p><a name="HIV.A.DE5"> </a><a name="hcHIV.A.DE5"> </a><a name="hcHIV.A.DE5-en-US"> </a><ul><li>Include these codes as defined in <a href="CodeSystem-HIVConcepts.html"><code>http://smart.who.int/hiv/CodeSystem/HIVConcepts</code></a><table class="none"><tr><td style="white-space:nowrap"><b>Code</b></td><td><b>Display</b></td><td><b>Definition</b></td></tr><tr><td><a href="CodeSystem-HIVConcepts.html#HIVConcepts-HIV.46A.46DE6">HIV.A.DE6</a></td><td>Community</td><td>Referred by the community level services</td></tr><tr><td><a href="CodeSystem-HIVConcepts.html#HIVConcepts-HIV.46A.46DE7">HIV.A.DE7</a></td><td>Facility</td><td>Referred by the health facility</td></tr></table></li></ul></div>
  </text>
  <url value="http://smart.who.int/hiv/ValueSet/HIV.A.DE5"/>
  <version value="0.1.0"/>
  <name value="HIVADE5"/>
  <title value="Referred by ValueSet"/>
  <status value="active"/>
  <experimental value="true"/>
  <date value="2024-07-01T12:40:16+00:00"/>
  <publisher value="WHO"/>
  <contact>
    <name value="WHO"/>
    <telecom>
      <system value="url"/>
      <value value="http://who.int"/>
    </telecom>
  </contact>
  <description value="Value set of how the client was referred"/>
  <compose>
    <include>
      <system value="http://smart.who.int/hiv/CodeSystem/HIVConcepts"/>
      <concept>
        <code value="HIV.A.DE6"/>
        <display value="Community"/>
      </concept>
      <concept>
        <code value="HIV.A.DE7"/>
        <display value="Facility"/>
      </concept>
    </include>
  </compose>
</ValueSet>