{"resourceType":"Library","id":"WHOEncounterElementsLogic","meta":{"profile":["http://hl7.org/fhir/uv/crmi/StructureDefinition/crmi-shareablelibrary","http://hl7.org/fhir/uv/crmi/StructureDefinition/crmi-publishablelibrary","http://hl7.org/fhir/uv/cql/StructureDefinition/cql-library","http://hl7.org/fhir/uv/cql/StructureDefinition/cql-module"]},"extension":[{"url":"http://hl7.org/fhir/StructureDefinition/cqf-knowledgeCapability","valueCode":"computable"}],"url":"http://smart.who.int/WHOEncounterElements/Library/WHOEncounterElementsLogic","version":"0.1.0","name":"WHOEncounterElementsLogic","title":"WHOEncounterElements Logic","status":"draft","experimental":true,"type":{"coding":[{"system":"http://terminology.hl7.org/CodeSystem/library-type","code":"logic-library"}]},"date":"2024-07-01T12:40:16+00:00","publisher":"WHO","contact":[{"name":"WHO","telecom":[{"system":"url","value":"http://who.int"}]}],"description":"Description not yet available for WHOEncounterElementsLogic."}