{"resourceType":"Measure","id":"HIVIND21","meta":{"profile":["http://hl7.org/fhir/us/cqfmeasures/StructureDefinition/proportion-measure-cqfm","http://hl7.org/fhir/uv/crmi/StructureDefinition/crmi-shareablemeasure","http://hl7.org/fhir/uv/crmi/StructureDefinition/crmi-publishablemeasure"]},"extension":[{"url":"http://hl7.org/fhir/us/cqfmeasures/StructureDefinition/cqfm-populationBasis","valueCode":"boolean"}],"url":"http://smart.who.int/immunizations-measles/Measure/HIVIND21","version":"0.1.0","name":"HIVIND21","title":"HIV.IND.21 Linkage to ART","status":"draft","experimental":true,"date":"2024-06-15","publisher":"WHO","contact":[{"name":"WHO","telecom":[{"system":"url","value":"http://who.int"}]}],"description":"% of people newly diagnosed with HIV initiated on ART","library":["http://smart.who.int/immunizations-measles/Library/HIVIND21Logic"],"scoring":{"coding":[{"system":"http://terminology.hl7.org/CodeSystem/measure-scoring","code":"proportion","display":"Proportion"}]},"group":[{"population":[{"id":"HIV.IND.21.initialPopulation","code":{"coding":[{"system":"http://terminology.hl7.org/CodeSystem/measure-population","code":"initial-population","display":"Initial Population"}]},"description":"Number of people newly diagnosed with HIV during the reporting period","criteria":{"language":"text/cql-identifier","expression":"Denominator"}},{"id":"HIV.IND.21.DEN","code":{"coding":[{"system":"http://terminology.hl7.org/CodeSystem/measure-population","code":"denominator","display":"Denominator"}]},"description":"Number of people newly diagnosed with HIV during the reporting period","criteria":{"language":"text/cql-identifier","expression":"Denominator"}},{"id":"HIV.IND.21.NUM","code":{"coding":[{"system":"http://terminology.hl7.org/CodeSystem/measure-population","code":"numerator","display":"Numerator"}]},"description":"Number of people newly diagnosed with HIV and started on ART during the reporting period","criteria":{"language":"text/cql-identifier","expression":"Numerator"}}],"stratifier":[{"id":"HIV.IND.21.S.AG","criteria":{"language":"text/cql-identifier","expression":"Administrative Gender Stratifier"}},{"id":"HIV.IND.21.S.A","criteria":{"language":"text/cql-identifier","expression":"Age Stratifier"}},{"id":"HIV.IND.21.S.GR","criteria":{"language":"text/cql-identifier","expression":"Geographic Region Stratifier"}},{"id":"HIV.IND.21.S.P","criteria":{"language":"text/cql-identifier","expression":"patientGroups Stratifier"}},{"id":"HIV.IND.21.S.T","criteria":{"language":"text/cql-identifier","expression":"TB Stratifier"}}]}]}