{"resourceType":"ValueSet","id":"HIV.D.DE74","meta":{"profile":["http://hl7.org/fhir/uv/crmi/StructureDefinition/crmi-shareablevalueset","http://hl7.org/fhir/uv/crmi/StructureDefinition/crmi-publishablevalueset","http://hl7.org/fhir/uv/crmi/StructureDefinition/crmi-computablevalueset"]},"text":{"status":"generated","div":"<div xmlns=\"http://www.w3.org/1999/xhtml\"><p class=\"res-header-id\"><b>Generated Narrative: ValueSet HIV.D.DE74</b></p><a name=\"HIV.D.DE74\"> </a><a name=\"hcHIV.D.DE74\"> </a><a name=\"hcHIV.D.DE74-en-US\"> </a><p>This value set includes codes based on the following rules:</p><ul/></div>"},"url":"http://smart.who.int/hiv/ValueSet/HIV.D.DE74","version":"0.1.0","name":"HIVDDE74","title":"Original first-line ART regimen ValueSet","status":"active","experimental":true,"date":"2024-07-01T13:58:30+00:00","publisher":"WHO","contact":[{"name":"WHO","telecom":[{"system":"url","value":"http://who.int"}]}],"description":"Value set of original full, first-line ARV drug regimen patient started on at this facility"}