{"resourceType":"ValueSet","id":"HIV.D.DE903","meta":{"profile":["http://hl7.org/fhir/uv/crmi/StructureDefinition/crmi-shareablevalueset","http://hl7.org/fhir/uv/crmi/StructureDefinition/crmi-publishablevalueset","http://hl7.org/fhir/uv/crmi/StructureDefinition/crmi-computablevalueset"]},"text":{"status":"extensions","div":"<div xmlns=\"http://www.w3.org/1999/xhtml\"><p class=\"res-header-id\"><b>Generated Narrative: ValueSet HIV.D.DE903</b></p><a name=\"HIV.D.DE903\"> </a><a name=\"hcHIV.D.DE903\"> </a><a name=\"HIV.D.DE903-en-US\"> </a><ul><li>Include these codes as defined in <a href=\"CodeSystem-HIVConcepts.html\"><code>http://smart.who.int/hiv/CodeSystem/HIVConcepts</code></a><table class=\"none\"><tr><td style=\"white-space:nowrap\"><b>Code</b></td><td><b>Display</b></td><td><b>Definition</b></td></tr><tr><td><a href=\"CodeSystem-HIVConcepts.html#HIVConcepts-HIV.46D.46DE904\">HIV.D.DE904</a></td><td>Rifampicin</td><td>Rifampicin currently being taken by, or considered for, client</td></tr><tr><td><a href=\"CodeSystem-HIVConcepts.html#HIVConcepts-HIV.46D.46DE905\">HIV.D.DE905</a></td><td>Halofantrine</td><td>Halofantrine currently being taken by, or considered for, client</td></tr><tr><td><a href=\"CodeSystem-HIVConcepts.html#HIVConcepts-HIV.46D.46DE906\">HIV.D.DE906</a></td><td>Lovastatin</td><td>Lovastatin currently being taken by, or considered for, client</td></tr><tr><td><a href=\"CodeSystem-HIVConcepts.html#HIVConcepts-HIV.46D.46DE907\">HIV.D.DE907</a></td><td>Simvastatin</td><td>Simvastatin currently being taken by, or considered for, client</td></tr><tr><td><a href=\"CodeSystem-HIVConcepts.html#HIVConcepts-HIV.46D.46DE908\">HIV.D.DE908</a></td><td>Hormonal contraception</td><td>Hormonal contraception currently being taken by, or considered for, client</td></tr><tr><td><a href=\"CodeSystem-HIVConcepts.html#HIVConcepts-HIV.46D.46DE909\">HIV.D.DE909</a></td><td>Metformin</td><td>Metformin currently being taken by, or considered for, client</td></tr><tr><td><a href=\"CodeSystem-HIVConcepts.html#HIVConcepts-HIV.46D.46DE910\">HIV.D.DE910</a></td><td>Astemizole</td><td>Astemizole currently being taken by, or considered for, client</td></tr><tr><td><a href=\"CodeSystem-HIVConcepts.html#HIVConcepts-HIV.46D.46DE911\">HIV.D.DE911</a></td><td>Terfenadine</td><td>Terfenadine currently being taken by, or considered for, client</td></tr><tr><td><a href=\"CodeSystem-HIVConcepts.html#HIVConcepts-HIV.46D.46DE912\">HIV.D.DE912</a></td><td>TDF</td><td>TDF currently being taken by, or considered for, client</td></tr><tr><td><a href=\"CodeSystem-HIVConcepts.html#HIVConcepts-HIV.46D.46DE913\">HIV.D.DE913</a></td><td>Simeprevir</td><td>Simeprevir currently being taken by, or considered for, client</td></tr><tr><td><a href=\"CodeSystem-HIVConcepts.html#HIVConcepts-HIV.46D.46DE914\">HIV.D.DE914</a></td><td>Ombitasvir + paritaprevir/ritonavir + dasabuvir</td><td>Ombitasvir + paritaprevir/ritonavir + dasabuvir currently being taken by, or considered for, client</td></tr><tr><td><a href=\"CodeSystem-HIVConcepts.html#HIVConcepts-HIV.46D.46DE915\">HIV.D.DE915</a></td><td>Methadone</td><td>Methadone currently being taken by, or considered for, client</td></tr><tr><td><a href=\"CodeSystem-HIVConcepts.html#HIVConcepts-HIV.46D.46DE916\">HIV.D.DE916</a></td><td>Buprenorphine</td><td>Buprenorphine currently being taken by, or considered for, client</td></tr><tr><td><a href=\"CodeSystem-HIVConcepts.html#HIVConcepts-HIV.46D.46DE917\">HIV.D.DE917</a></td><td>Dofetilide</td><td>Dofetilide currently being taken by, or considered for, client</td></tr><tr><td><a href=\"CodeSystem-HIVConcepts.html#HIVConcepts-HIV.46D.46DE918\">HIV.D.DE918</a></td><td>Carbamazepine</td><td>Carbamazepine currently being taken by, or considered for, client</td></tr><tr><td><a href=\"CodeSystem-HIVConcepts.html#HIVConcepts-HIV.46D.46DE919\">HIV.D.DE919</a></td><td>Phenobarbital</td><td>Phenobarbital currently being taken by, or considered for, client</td></tr><tr><td><a href=\"CodeSystem-HIVConcepts.html#HIVConcepts-HIV.46D.46DE920\">HIV.D.DE920</a></td><td>Phenytoin</td><td>Phenytoin currently being taken by, or considered for, client</td></tr><tr><td><a href=\"CodeSystem-HIVConcepts.html#HIVConcepts-HIV.46D.46DE921\">HIV.D.DE921</a></td><td>Polyvalent cation products containing Mg, Al, Fe, Ca and Zn</td><td>Polyvalent cation products containing Mg, Al, Fe, Ca and Zn currently being taken by, or considered for, client</td></tr><tr><td><a href=\"CodeSystem-HIVConcepts.html#HIVConcepts-HIV.46D.46DE922\">HIV.D.DE922</a></td><td>Amodiaquine</td><td>Amodiaquine currently being taken by, or considered for, client</td></tr><tr><td><a href=\"CodeSystem-HIVConcepts.html#HIVConcepts-HIV.46D.46DE923\">HIV.D.DE923</a></td><td>Cisapride</td><td>Cisapride currently being taken by, or considered for, client</td></tr><tr><td><a href=\"CodeSystem-HIVConcepts.html#HIVConcepts-HIV.46D.46DE924\">HIV.D.DE924</a></td><td>Ergotamine</td><td>Ergotamine currently being taken by, or considered for, client</td></tr><tr><td><a href=\"CodeSystem-HIVConcepts.html#HIVConcepts-HIV.46D.46DE925\">HIV.D.DE925</a></td><td>Dihydroergotamine</td><td>Dihydroergotamine currently being taken by, or considered for, client</td></tr><tr><td><a href=\"CodeSystem-HIVConcepts.html#HIVConcepts-HIV.46D.46DE926\">HIV.D.DE926</a></td><td>Midazolam</td><td>Midazolam currently being taken by, or considered for, client</td></tr><tr><td><a href=\"CodeSystem-HIVConcepts.html#HIVConcepts-HIV.46D.46DE927\">HIV.D.DE927</a></td><td>Triazolam</td><td>Triazolam currently being taken by, or considered for, client</td></tr><tr><td><a href=\"CodeSystem-HIVConcepts.html#HIVConcepts-HIV.46D.46DE928\">HIV.D.DE928</a></td><td>Estrogen-based hormonal contraception</td><td>Estrogen-based hormonal contraception currently being taken by, or considered for, client</td></tr><tr><td><a href=\"CodeSystem-HIVConcepts.html#HIVConcepts-HIV.46D.46DE929\">HIV.D.DE929</a></td><td>Ribavirin</td><td>Ribavirin currently being taken by, or considered for, client</td></tr><tr><td><a href=\"CodeSystem-HIVConcepts.html#HIVConcepts-HIV.46D.46DE930\">HIV.D.DE930</a></td><td>Peginterferon alfa-2a</td><td>Peginterferon alfa-2a currently being taken by, or considered for, client</td></tr><tr><td><a href=\"CodeSystem-HIVConcepts.html#HIVConcepts-HIV.46D.46DE931\">HIV.D.DE931</a></td><td>Other</td><td>Other medication currently being taken by, or considered for, client</td></tr></table></li></ul></div>"},"url":"http://smart.who.int/hiv/ValueSet/HIV.D.DE903","version":"0.2.0","name":"HIVDDE903","title":"Medication/drug ValueSet","status":"active","experimental":true,"date":"2024-08-06T17:04:54+00:00","publisher":"WHO","contact":[{"name":"WHO","telecom":[{"system":"url","value":"http://who.int"}]}],"description":"Value set of current or considered medication/drug, for the purpose of determining drug interactions","compose":{"include":[{"system":"http://smart.who.int/hiv/CodeSystem/HIVConcepts","concept":[{"code":"HIV.D.DE904","display":"Rifampicin"},{"code":"HIV.D.DE905","display":"Halofantrine"},{"code":"HIV.D.DE906","display":"Lovastatin"},{"code":"HIV.D.DE907","display":"Simvastatin"},{"code":"HIV.D.DE908","display":"Hormonal contraception"},{"code":"HIV.D.DE909","display":"Metformin"},{"code":"HIV.D.DE910","display":"Astemizole"},{"code":"HIV.D.DE911","display":"Terfenadine"},{"code":"HIV.D.DE912","display":"TDF"},{"code":"HIV.D.DE913","display":"Simeprevir"},{"code":"HIV.D.DE914","display":"Ombitasvir + paritaprevir/ritonavir + dasabuvir"},{"code":"HIV.D.DE915","display":"Methadone"},{"code":"HIV.D.DE916","display":"Buprenorphine"},{"code":"HIV.D.DE917","display":"Dofetilide"},{"code":"HIV.D.DE918","display":"Carbamazepine"},{"code":"HIV.D.DE919","display":"Phenobarbital"},{"code":"HIV.D.DE920","display":"Phenytoin"},{"code":"HIV.D.DE921","display":"Polyvalent cation products containing Mg, Al, Fe, Ca and Zn"},{"code":"HIV.D.DE922","display":"Amodiaquine"},{"code":"HIV.D.DE923","display":"Cisapride"},{"code":"HIV.D.DE924","display":"Ergotamine"},{"code":"HIV.D.DE925","display":"Dihydroergotamine"},{"code":"HIV.D.DE926","display":"Midazolam"},{"code":"HIV.D.DE927","display":"Triazolam"},{"code":"HIV.D.DE928","display":"Estrogen-based hormonal contraception"},{"code":"HIV.D.DE929","display":"Ribavirin"},{"code":"HIV.D.DE930","display":"Peginterferon alfa-2a"},{"code":"HIV.D.DE931","display":"Other"}]}]}}