{"resourceType":"ValueSet","id":"HIV.D.DE170","meta":{"profile":["http://hl7.org/fhir/uv/crmi/StructureDefinition/crmi-shareablevalueset","http://hl7.org/fhir/uv/crmi/StructureDefinition/crmi-publishablevalueset","http://hl7.org/fhir/uv/crmi/StructureDefinition/crmi-computablevalueset"]},"text":{"status":"extensions","div":"<div xmlns=\"http://www.w3.org/1999/xhtml\"><p class=\"res-header-id\"><b>Generated Narrative: ValueSet HIV.D.DE170</b></p><a name=\"HIV.D.DE170\"> </a><a name=\"hcHIV.D.DE170\"> </a><a name=\"hcHIV.D.DE170-en-US\"> </a><ul><li>Include these codes as defined in <a href=\"CodeSystem-HIVConcepts.html\"><code>http://smart.who.int/hiv/CodeSystem/HIVConcepts</code></a><table class=\"none\"><tr><td style=\"white-space:nowrap\"><b>Code</b></td><td><b>Display</b></td><td><b>Definition</b></td></tr><tr><td><a href=\"CodeSystem-HIVConcepts.html#HIVConcepts-HIV.46D.46DE171\">HIV.D.DE171</a></td><td>Positive</td><td>HCV test result was positive</td></tr><tr><td><a href=\"CodeSystem-HIVConcepts.html#HIVConcepts-HIV.46D.46DE172\">HIV.D.DE172</a></td><td>Negative</td><td>HCV test result was negative</td></tr><tr><td><a href=\"CodeSystem-HIVConcepts.html#HIVConcepts-HIV.46D.46DE173\">HIV.D.DE173</a></td><td>Indeterminate</td><td>HCV test result was indeterminate</td></tr></table></li></ul></div>"},"url":"http://smart.who.int/hiv/ValueSet/HIV.D.DE170","version":"0.1.0","name":"HIVDDE170","title":"HCV test result ValueSet","status":"active","experimental":true,"date":"2024-07-01T13:58:30+00:00","publisher":"WHO","contact":[{"name":"WHO","telecom":[{"system":"url","value":"http://who.int"}]}],"description":"Value set of hepatitis C virus test result (HCV antibody, HCV RNA or HCV core antigen)","compose":{"include":[{"system":"http://smart.who.int/hiv/CodeSystem/HIVConcepts","concept":[{"code":"HIV.D.DE171","display":"Positive"},{"code":"HIV.D.DE172","display":"Negative"},{"code":"HIV.D.DE173","display":"Indeterminate"}]}]}}