{"resourceType":"ValueSet","id":"hiv-b-de19","text":{"status":"extensions","div":"<div xmlns=\"http://www.w3.org/1999/xhtml\"><ul><li>Include these codes as defined in <a href=\"CodeSystem-concept-codes.html\"><code>http://fhir.org/guides/who/hiv-dak/CodeSystem/HIV-DAKConcepts</code></a><table class=\"none\"><tr><td style=\"white-space:nowrap\"><b>Code</b></td><td><b>Display</b></td><td><b>Definition</b></td></tr><tr><td><a href=\"CodeSystem-concept-codes.html#concept-codes-HIV.46B.46DE19\">HIV.B.DE19</a></td><td>Mobile testing (e.g. through vans or temporary testing facilities)</td><td>Entry point for community-level testing - Mobile testing (e.g. through vans or temporary testing facilities)</td></tr><tr><td><a href=\"CodeSystem-concept-codes.html#concept-codes-HIV.46B.46DE20\">HIV.B.DE20</a></td><td>Voluntary counselling and testing centres (not within a health facility setting)</td><td>Entry point for community-level testing - Voluntary counselling and testing centres (not within a health facility setting)</td></tr><tr><td><a href=\"CodeSystem-concept-codes.html#concept-codes-HIV.46B.46DE21\">HIV.B.DE21</a></td><td>Other community-based testing</td><td>Entry point for community-level testing - Other community-based testing</td></tr></table></li></ul></div>"},"url":"http://fhir.org/guides/who/hiv-dak/ValueSet/hiv-b-de19","version":"0.3.0","name":"EntrypointforcommunityleveltestingCodes","title":"Entry point for community-level testing Codes","status":"draft","experimental":false,"date":"2024-05-31T12:30:05+00:00","publisher":"World Health Organization (WHO) ","contact":[{"telecom":[{"system":"url","value":"https://www.who.int"}]}],"description":"Codes representing possible values for the Entry point for community-level testing element","jurisdiction":[{"coding":[{"system":"http://unstats.un.org/unsd/methods/m49/m49.htm","code":"001"}]}],"immutable":true,"compose":{"include":[{"system":"http://fhir.org/guides/who/hiv-dak/CodeSystem/HIV-DAKConcepts","concept":[{"code":"HIV.B.DE19","display":"Mobile testing (e.g. through vans or temporary testing facilities)"},{"code":"HIV.B.DE20","display":"Voluntary counselling and testing centres (not within a health facility setting)"},{"code":"HIV.B.DE21","display":"Other community-based testing"}]}]}}