{"resourceType":"ValueSet","id":"HIV.D.DE156","meta":{"profile":["http://hl7.org/fhir/uv/crmi/StructureDefinition/crmi-shareablevalueset","http://hl7.org/fhir/uv/crmi/StructureDefinition/crmi-publishablevalueset","http://hl7.org/fhir/uv/crmi/StructureDefinition/crmi-computablevalueset"]},"text":{"status":"extensions","div":"<div xmlns=\"http://www.w3.org/1999/xhtml\"><p class=\"res-header-id\"><b>Generated Narrative: ValueSet HIV.D.DE156</b></p><a name=\"HIV.D.DE156\"> </a><a name=\"hcHIV.D.DE156\"> </a><a name=\"hcHIV.D.DE156-en-US\"> </a><ul><li>Include these codes as defined in <a href=\"CodeSystem-HIVConcepts.html\"><code>http://smart.who.int/hiv/CodeSystem/HIVConcepts</code></a><table class=\"none\"><tr><td style=\"white-space:nowrap\"><b>Code</b></td><td><b>Display</b></td><td><b>Definition</b></td></tr><tr><td><a href=\"CodeSystem-HIVConcepts.html#HIVConcepts-HIV.46D.46DE157\">HIV.D.DE157</a></td><td>Contraception and family planning</td><td>Offer contraception and family planning services</td></tr><tr><td><a href=\"CodeSystem-HIVConcepts.html#HIVConcepts-HIV.46D.46DE158\">HIV.D.DE158</a></td><td>Check pregnancy status</td><td>Check woman's pregnancy status</td></tr><tr><td><a href=\"CodeSystem-HIVConcepts.html#HIVConcepts-HIV.46D.46DE159\">HIV.D.DE159</a></td><td>Prevention of mother-to-child transmission</td><td>Offer prevention of mother-to-child transmission services (counselling)</td></tr><tr><td><a href=\"CodeSystem-HIVConcepts.html#HIVConcepts-HIV.46D.46DE160\">HIV.D.DE160</a></td><td>STI testing and treatment</td><td>Offer STI testing and treatment services</td></tr></table></li></ul></div>"},"url":"http://smart.who.int/hiv/ValueSet/HIV.D.DE156","version":"0.1.0","name":"HIVDDE156","title":"Sexual and reproductive health integrated services ValueSet","status":"active","experimental":true,"date":"2024-07-01T19:37:36+00:00","publisher":"WHO","contact":[{"name":"WHO","telecom":[{"system":"url","value":"http://who.int"}]}],"description":"Value set of offer or refer to sexual and reproductive health services","compose":{"include":[{"system":"http://smart.who.int/hiv/CodeSystem/HIVConcepts","concept":[{"code":"HIV.D.DE157","display":"Contraception and family planning"},{"code":"HIV.D.DE158","display":"Check pregnancy status"},{"code":"HIV.D.DE159","display":"Prevention of mother-to-child transmission"},{"code":"HIV.D.DE160","display":"STI testing and treatment"}]}]}}