{"resourceType":"ValueSet","id":"HIV.D.DE764","meta":{"profile":["http://hl7.org/fhir/uv/crmi/StructureDefinition/crmi-shareablevalueset","http://hl7.org/fhir/uv/crmi/StructureDefinition/crmi-publishablevalueset","http://hl7.org/fhir/uv/crmi/StructureDefinition/crmi-computablevalueset"]},"text":{"status":"extensions","div":"<div xmlns=\"http://www.w3.org/1999/xhtml\"><p class=\"res-header-id\"><b>Generated Narrative: ValueSet HIV.D.DE764</b></p><a name=\"HIV.D.DE764\"> </a><a name=\"hcHIV.D.DE764\"> </a><a name=\"hcHIV.D.DE764-en-US\"> </a><ul><li>Include these codes as defined in <a href=\"CodeSystem-HIVConcepts.html\"><code>http://smart.who.int/hiv/CodeSystem/HIVConcepts</code></a><table class=\"none\"><tr><td style=\"white-space:nowrap\"><b>Code</b></td><td><b>Display</b></td><td><b>Definition</b></td></tr><tr><td><a href=\"CodeSystem-HIVConcepts.html#HIVConcepts-HIV.46D.46DE765\">HIV.D.DE765</a></td><td>Fast track ART refill</td><td>Client is enrolled in fast track ART refill (DSD ART model)</td></tr><tr><td><a href=\"CodeSystem-HIVConcepts.html#HIVConcepts-HIV.46D.46DE766\">HIV.D.DE766</a></td><td>Facility adherence club</td><td>Client is enrolled in facility adherence club (DSD ART model)</td></tr><tr><td><a href=\"CodeSystem-HIVConcepts.html#HIVConcepts-HIV.46D.46DE767\">HIV.D.DE767</a></td><td>Community ART distribution point</td><td>Client is enrolled in community ART distribution point (DSD ART model)</td></tr><tr><td><a href=\"CodeSystem-HIVConcepts.html#HIVConcepts-HIV.46D.46DE768\">HIV.D.DE768</a></td><td>CHW/peer educator community ART group</td><td>Client is enrolled in community health worker/peer educator community ART group (DSD ART model)</td></tr><tr><td><a href=\"CodeSystem-HIVConcepts.html#HIVConcepts-HIV.46D.46DE769\">HIV.D.DE769</a></td><td>Patient/client community ART group</td><td>Client is enrolled in patient/client community ART group (DSD ART model)</td></tr><tr><td><a href=\"CodeSystem-HIVConcepts.html#HIVConcepts-HIV.46D.46DE770\">HIV.D.DE770</a></td><td>Other DSD ART model</td><td>Client is enrolled in another DSD ART model</td></tr></table></li></ul></div>"},"url":"http://smart.who.int/hiv/ValueSet/HIV.D.DE764","version":"0.1.0","name":"HIVDDE764","title":"DSD ART model(s) ValueSet","status":"active","experimental":true,"date":"2024-07-01T19:37:36+00:00","publisher":"WHO","contact":[{"name":"WHO","telecom":[{"system":"url","value":"http://who.int"}]}],"description":"Value set of type of DSD ART model client is enrolled in (country-specific)","compose":{"include":[{"system":"http://smart.who.int/hiv/CodeSystem/HIVConcepts","concept":[{"code":"HIV.D.DE765","display":"Fast track ART refill"},{"code":"HIV.D.DE766","display":"Facility adherence club"},{"code":"HIV.D.DE767","display":"Community ART distribution point"},{"code":"HIV.D.DE768","display":"CHW/peer educator community ART group"},{"code":"HIV.D.DE769","display":"Patient/client community ART group"},{"code":"HIV.D.DE770","display":"Other DSD ART model"}]}]}}