{"resourceType":"ValueSet","id":"HIV.B.DE37","meta":{"profile":["http://hl7.org/fhir/uv/crmi/StructureDefinition/crmi-shareablevalueset","http://hl7.org/fhir/uv/crmi/StructureDefinition/crmi-publishablevalueset","http://hl7.org/fhir/uv/crmi/StructureDefinition/crmi-computablevalueset"]},"text":{"status":"extensions","div":"<div xmlns=\"http://www.w3.org/1999/xhtml\"><p class=\"res-header-id\"><b>Generated Narrative: ValueSet HIV.B.DE37</b></p><a name=\"HIV.B.DE37\"> </a><a name=\"hcHIV.B.DE37\"> </a><a name=\"hcHIV.B.DE37-en-US\"> </a><ul><li>Include these codes as defined in <a href=\"CodeSystem-HIVConcepts.html\"><code>http://smart.who.int/hiv/CodeSystem/HIVConcepts</code></a><table class=\"none\"><tr><td style=\"white-space:nowrap\"><b>Code</b></td><td><b>Display</b></td><td><b>Definition</b></td></tr><tr><td><a href=\"CodeSystem-HIVConcepts.html#HIVConcepts-HIV.46B.46DE38\">HIV.B.DE38</a></td><td>Sex worker</td><td>Client's partner is a sex worker</td></tr><tr><td><a href=\"CodeSystem-HIVConcepts.html#HIVConcepts-HIV.46B.46DE39\">HIV.B.DE39</a></td><td>Men who have sex with men</td><td>Client's partner is a man who has sex with men</td></tr><tr><td><a href=\"CodeSystem-HIVConcepts.html#HIVConcepts-HIV.46B.46DE40\">HIV.B.DE40</a></td><td>Trans and gender-diverse people</td><td>Client's partner identifies as trans and gender-diverse</td></tr><tr><td><a href=\"CodeSystem-HIVConcepts.html#HIVConcepts-HIV.46B.46DE41\">HIV.B.DE41</a></td><td>People who inject drugs</td><td>Client's partner is a person who injects drugs</td></tr><tr><td><a href=\"CodeSystem-HIVConcepts.html#HIVConcepts-HIV.46B.46DE42\">HIV.B.DE42</a></td><td>People living in prisons and other closed settings</td><td>Client's partner lives in a prison or other closed setting</td></tr></table></li></ul></div>"},"url":"http://smart.who.int/hiv/ValueSet/HIV.B.DE37","version":"0.1.0","name":"HIVBDE37","title":"Partner is from a key population ValueSet","status":"active","experimental":true,"date":"2024-07-01T05:12:03+00:00","publisher":"WHO","contact":[{"name":"WHO","telecom":[{"system":"url","value":"http://who.int"}]}],"description":"Value set of client's partner is a member of a key population, that has an increased risk of HIV","compose":{"include":[{"system":"http://smart.who.int/hiv/CodeSystem/HIVConcepts","concept":[{"code":"HIV.B.DE38","display":"Sex worker"},{"code":"HIV.B.DE39","display":"Men who have sex with men"},{"code":"HIV.B.DE40","display":"Trans and gender-diverse people"},{"code":"HIV.B.DE41","display":"People who inject drugs"},{"code":"HIV.B.DE42","display":"People living in prisons and other closed settings"}]}]}}