{"resourceType":"ValueSet","id":"HIV.G.DE13","meta":{"profile":["http://hl7.org/fhir/uv/crmi/StructureDefinition/crmi-shareablevalueset","http://hl7.org/fhir/uv/crmi/StructureDefinition/crmi-publishablevalueset","http://hl7.org/fhir/uv/crmi/StructureDefinition/crmi-computablevalueset"]},"text":{"status":"extensions","div":"<div xmlns=\"http://www.w3.org/1999/xhtml\"><p class=\"res-header-id\"><b>Generated Narrative: ValueSet HIV.G.DE13</b></p><a name=\"HIV.G.DE13\"> </a><a name=\"hcHIV.G.DE13\"> </a><a name=\"hcHIV.G.DE13-en-US\"> </a><ul><li>Include these codes as defined in <a href=\"CodeSystem-HIVConcepts.html\"><code>http://smart.who.int/hiv/CodeSystem/HIVConcepts</code></a><table class=\"none\"><tr><td style=\"white-space:nowrap\"><b>Code</b></td><td><b>Display</b></td><td><b>Definition</b></td></tr><tr><td><a href=\"CodeSystem-HIVConcepts.html#HIVConcepts-HIV.46G.46DE14\">HIV.G.DE14</a></td><td>Liquid plasma specimen for viral load testing</td><td>Liquid plasma and using ethylenediaminetetraacetic acid (EDTA) or plasma preparation tubes for viral load test</td></tr><tr><td><a href=\"CodeSystem-HIVConcepts.html#HIVConcepts-HIV.46G.46DE15\">HIV.G.DE15</a></td><td>Dried blood spot specimen</td><td>Dried blood spot specimen (DBS) for viral load test</td></tr><tr><td><a href=\"CodeSystem-HIVConcepts.html#HIVConcepts-HIV.46G.46DE16\">HIV.G.DE16</a></td><td>Dried plasma spot from a plasma separation card</td><td>Dried plasma spot from a plasma separation card for viral load test</td></tr></table></li></ul></div>"},"url":"http://smart.who.int/hiv/ValueSet/HIV.G.DE13","version":"0.1.0","name":"HIVGDE13","title":"HIV viral load specimen type ValueSet","status":"active","experimental":true,"date":"2024-07-01T19:15:43+00:00","publisher":"WHO","contact":[{"name":"WHO","telecom":[{"system":"url","value":"http://who.int"}]}],"description":"Value set of the type of specimen to be used to test viral load","compose":{"include":[{"system":"http://smart.who.int/hiv/CodeSystem/HIVConcepts","concept":[{"code":"HIV.G.DE14","display":"Liquid plasma specimen for viral load testing"},{"code":"HIV.G.DE15","display":"Dried blood spot specimen"},{"code":"HIV.G.DE16","display":"Dried plasma spot from a plasma separation card"}]}]}}