{"resourceType":"ValueSet","id":"HIV.E.DE194","meta":{"profile":["http://hl7.org/fhir/uv/crmi/StructureDefinition/crmi-shareablevalueset","http://hl7.org/fhir/uv/crmi/StructureDefinition/crmi-publishablevalueset","http://hl7.org/fhir/uv/crmi/StructureDefinition/crmi-computablevalueset"]},"text":{"status":"generated","div":"<div xmlns=\"http://www.w3.org/1999/xhtml\"><p class=\"res-header-id\"><b>Generated Narrative: ValueSet HIV.E.DE194</b></p><a name=\"HIV.E.DE194\"> </a><a name=\"hcHIV.E.DE194\"> </a><a name=\"hcHIV.E.DE194-en-US\"> </a><p>This value set includes codes based on the following rules:</p><ul/></div>"},"url":"http://smart.who.int/hiv/ValueSet/HIV.E.DE194","version":"0.1.0","name":"HIVEDE194","title":"Assay number in testing strategy ValueSet","status":"active","experimental":true,"date":"2024-07-01T19:19:54+00:00","publisher":"WHO","contact":[{"name":"WHO","telecom":[{"system":"url","value":"http://who.int"}]}],"description":"Value set of the number of the assay (test kit) in the HIV testing strategy"}