{"resourceType":"ValueSet","id":"HIV.D.DE43","meta":{"profile":["http://hl7.org/fhir/uv/crmi/StructureDefinition/crmi-shareablevalueset","http://hl7.org/fhir/uv/crmi/StructureDefinition/crmi-publishablevalueset","http://hl7.org/fhir/uv/crmi/StructureDefinition/crmi-computablevalueset"]},"text":{"status":"extensions","div":"<div xmlns=\"http://www.w3.org/1999/xhtml\"><p class=\"res-header-id\"><b>Generated Narrative: ValueSet HIV.D.DE43</b></p><a name=\"HIV.D.DE43\"> </a><a name=\"hcHIV.D.DE43\"> </a><a name=\"hcHIV.D.DE43-en-US\"> </a><ul><li>Include these codes as defined in <a href=\"CodeSystem-HIVConcepts.html\"><code>http://smart.who.int/hiv/CodeSystem/HIVConcepts</code></a><table class=\"none\"><tr><td style=\"white-space:nowrap\"><b>Code</b></td><td><b>Display</b></td><td><b>Definition</b></td></tr><tr><td><a href=\"CodeSystem-HIVConcepts.html#HIVConcepts-HIV.46D.46DE44\">HIV.D.DE44</a></td><td>First-time user of ART</td><td>Client is ART naive, having never taken ART to treat HIV before</td></tr><tr><td><a href=\"CodeSystem-HIVConcepts.html#HIVConcepts-HIV.46D.46DE45\">HIV.D.DE45</a></td><td>Restarting ART</td><td>Client is restarting ART after stopping treatment for any reason</td></tr></table></li></ul></div>"},"url":"http://smart.who.int/hiv/ValueSet/HIV.D.DE43","version":"0.1.0","name":"HIVDDE43","title":"ART start type ValueSet","status":"active","experimental":true,"date":"2024-07-01T19:37:36+00:00","publisher":"WHO","contact":[{"name":"WHO","telecom":[{"system":"url","value":"http://who.int"}]}],"description":"Value set of whether the client is ART naive or is restarting ART","compose":{"include":[{"system":"http://smart.who.int/hiv/CodeSystem/HIVConcepts","concept":[{"code":"HIV.D.DE44","display":"First-time user of ART"},{"code":"HIV.D.DE45","display":"Restarting ART"}]}]}}