{"resourceType":"ValueSet","id":"HIV.B.DE250","meta":{"profile":["http://hl7.org/fhir/uv/crmi/StructureDefinition/crmi-shareablevalueset","http://hl7.org/fhir/uv/crmi/StructureDefinition/crmi-publishablevalueset","http://hl7.org/fhir/uv/crmi/StructureDefinition/crmi-computablevalueset"]},"text":{"status":"extensions","div":"<div xmlns=\"http://www.w3.org/1999/xhtml\"><p class=\"res-header-id\"><b>Generated Narrative: ValueSet HIV.B.DE250</b></p><a name=\"HIV.B.DE250\"> </a><a name=\"hcHIV.B.DE250\"> </a><a name=\"hcHIV.B.DE250-en-US\"> </a><ul><li>Include these codes as defined in <a href=\"CodeSystem-HIVConcepts.html\"><code>http://smart.who.int/hiv/CodeSystem/HIVConcepts</code></a><table class=\"none\"><tr><td style=\"white-space:nowrap\"><b>Code</b></td><td><b>Display</b></td><td><b>Definition</b></td></tr><tr><td><a href=\"CodeSystem-HIVConcepts.html#HIVConcepts-HIV.46B.46DE251\">HIV.B.DE251</a></td><td>Positive</td><td>Test result is positive for syphilis</td></tr><tr><td><a href=\"CodeSystem-HIVConcepts.html#HIVConcepts-HIV.46B.46DE252\">HIV.B.DE252</a></td><td>Negative</td><td>Test result is negative for syphilis</td></tr><tr><td><a href=\"CodeSystem-HIVConcepts.html#HIVConcepts-HIV.46B.46DE253\">HIV.B.DE253</a></td><td>Inconclusive</td><td>Test result is inconclusive</td></tr></table></li></ul></div>"},"url":"http://smart.who.int/hiv/ValueSet/HIV.B.DE250","version":"0.1.0","name":"HIVBDE250","title":"Syphilis test result ValueSet","status":"active","experimental":true,"date":"2024-07-01T19:15:43+00:00","publisher":"WHO","contact":[{"name":"WHO","telecom":[{"system":"url","value":"http://who.int"}]}],"description":"Value set of result from syphilis test","compose":{"include":[{"system":"http://smart.who.int/hiv/CodeSystem/HIVConcepts","concept":[{"code":"HIV.B.DE251","display":"Positive"},{"code":"HIV.B.DE252","display":"Negative"},{"code":"HIV.B.DE253","display":"Inconclusive"}]}]}}