{"resourceType":"ValueSet","id":"HIV.D.DE664","meta":{"profile":["http://hl7.org/fhir/uv/crmi/StructureDefinition/crmi-shareablevalueset","http://hl7.org/fhir/uv/crmi/StructureDefinition/crmi-publishablevalueset","http://hl7.org/fhir/uv/crmi/StructureDefinition/crmi-computablevalueset"]},"text":{"status":"extensions","div":"<div xmlns=\"http://www.w3.org/1999/xhtml\"><p class=\"res-header-id\"><b>Generated Narrative: ValueSet HIV.D.DE664</b></p><a name=\"HIV.D.DE664\"> </a><a name=\"hcHIV.D.DE664\"> </a><a name=\"hcHIV.D.DE664-en-US\"> </a><ul><li>Include these codes as defined in <a href=\"CodeSystem-HIVConcepts.html\"><code>http://smart.who.int/hiv/CodeSystem/HIVConcepts</code></a><table class=\"none\"><tr><td style=\"white-space:nowrap\"><b>Code</b></td><td><b>Display</b></td><td><b>Definition</b></td></tr><tr><td><a href=\"CodeSystem-HIVConcepts.html#HIVConcepts-HIV.46D.46DE665\">HIV.D.DE665</a></td><td>Negative</td><td>HPV-DNA screening test was negative</td></tr><tr><td><a href=\"CodeSystem-HIVConcepts.html#HIVConcepts-HIV.46D.46DE666\">HIV.D.DE666</a></td><td>Positive</td><td>HPV-DNA screening test was positive</td></tr><tr><td><a href=\"CodeSystem-HIVConcepts.html#HIVConcepts-HIV.46D.46DE667\">HIV.D.DE667</a></td><td>Invalid</td><td>HPV-DNA screening test was invalid</td></tr></table></li></ul></div>"},"url":"http://smart.who.int/hiv/ValueSet/HIV.D.DE664","version":"0.1.0","name":"HIVDDE664","title":"HPV-DNA cervical cancer screening test result ValueSet","status":"active","experimental":true,"date":"2024-07-01T19:37:36+00:00","publisher":"WHO","contact":[{"name":"WHO","telecom":[{"system":"url","value":"http://who.int"}]}],"description":"Value set of hPV-DNA cervical cancer screening test result","compose":{"include":[{"system":"http://smart.who.int/hiv/CodeSystem/HIVConcepts","concept":[{"code":"HIV.D.DE665","display":"Negative"},{"code":"HIV.D.DE666","display":"Positive"},{"code":"HIV.D.DE667","display":"Invalid"}]}]}}