{"resourceType":"ValueSet","id":"HIV.D.DE986","meta":{"profile":["http://hl7.org/fhir/uv/crmi/StructureDefinition/crmi-shareablevalueset","http://hl7.org/fhir/uv/crmi/StructureDefinition/crmi-publishablevalueset","http://hl7.org/fhir/uv/crmi/StructureDefinition/crmi-computablevalueset"]},"text":{"status":"extensions","div":"<div xmlns=\"http://www.w3.org/1999/xhtml\"><p class=\"res-header-id\"><b>Generated Narrative: ValueSet HIV.D.DE986</b></p><a name=\"HIV.D.DE986\"> </a><a name=\"hcHIV.D.DE986\"> </a><a name=\"HIV.D.DE986-en-US\"> </a><ul><li>Include these codes as defined in <a href=\"CodeSystem-HIVConcepts.html\"><code>http://smart.who.int/hiv/CodeSystem/HIVConcepts</code></a><table class=\"none\"><tr><td style=\"white-space:nowrap\"><b>Code</b></td><td><b>Display</b></td><td><b>Definition</b></td></tr><tr><td><a href=\"CodeSystem-HIVConcepts.html#HIVConcepts-HIV.46D.46DE987\">HIV.D.DE987</a></td><td>Screen positive for TB</td><td>Screening result was positive for tuberculosis (TB)</td></tr><tr><td><a href=\"CodeSystem-HIVConcepts.html#HIVConcepts-HIV.46D.46DE988\">HIV.D.DE988</a></td><td>Screen negative for TB</td><td>Screening result was negative for tuberculosis (TB)</td></tr><tr><td><a href=\"CodeSystem-HIVConcepts.html#HIVConcepts-HIV.46D.46DE989\">HIV.D.DE989</a></td><td>Inconclusive</td><td>Screening result was inconclusive for tuberculosis (TB)</td></tr></table></li></ul></div>"},"url":"http://smart.who.int/hiv/ValueSet/HIV.D.DE986","version":"0.2.0","name":"HIVDDE986","title":"TB screening result ValueSet","status":"active","experimental":true,"date":"2024-08-05T14:13:53+00:00","publisher":"WHO","contact":[{"name":"WHO","telecom":[{"system":"url","value":"http://who.int"}]}],"description":"Value set of record the result of the tuberculosis (TB) screening","compose":{"include":[{"system":"http://smart.who.int/hiv/CodeSystem/HIVConcepts","concept":[{"code":"HIV.D.DE987","display":"Screen positive for TB"},{"code":"HIV.D.DE988","display":"Screen negative for TB"},{"code":"HIV.D.DE989","display":"Inconclusive"}]}]}}