{"resourceType":"ValueSet","id":"HIV.D.DE81","meta":{"profile":["http://hl7.org/fhir/uv/crmi/StructureDefinition/crmi-shareablevalueset","http://hl7.org/fhir/uv/crmi/StructureDefinition/crmi-publishablevalueset","http://hl7.org/fhir/uv/crmi/StructureDefinition/crmi-computablevalueset"]},"text":{"status":"generated","div":"<div xmlns=\"http://www.w3.org/1999/xhtml\"><p class=\"res-header-id\"><b>Generated Narrative: ValueSet HIV.D.DE81</b></p><a name=\"HIV.D.DE81\"> </a><a name=\"hcHIV.D.DE81\"> </a><a name=\"HIV.D.DE81-en-US\"> </a><p>This value set includes codes based on the following rules:</p><ul/></div>"},"url":"http://smart.who.int/hiv/ValueSet/HIV.D.DE81","version":"0.2.0","name":"HIVDDE81","title":"Alternative second-line ART regimen ValueSet","status":"active","experimental":true,"date":"2024-08-06T17:04:54+00:00","publisher":"WHO","contact":[{"name":"WHO","telecom":[{"system":"url","value":"http://who.int"}]}],"description":"Value set of the alternative second-line ART regimen for the client according to WHO (or national) guidelines"}