{"resourceType":"ValueSet","id":"hiv-e-de191","text":{"status":"extensions","div":"<div xmlns=\"http://www.w3.org/1999/xhtml\"><ul><li>Include these codes as defined in <a href=\"CodeSystem-concept-codes.html\"><code>http://fhir.org/guides/who/hiv-dak/CodeSystem/HIV-DAKConcepts</code></a><table class=\"none\"><tr><td style=\"white-space:nowrap\"><b>Code</b></td><td><b>Display</b></td><td><b>Definition</b></td></tr><tr><td><a href=\"CodeSystem-concept-codes.html#concept-codes-HIV.46E.46DE191\">HIV.E.DE191</a></td><td>Positive</td><td>EID test number 2 test result - Positive</td></tr><tr><td><a href=\"CodeSystem-concept-codes.html#concept-codes-HIV.46E.46DE192\">HIV.E.DE192</a></td><td>Negative</td><td>EID test number 2 test result - Negative</td></tr><tr><td><a href=\"CodeSystem-concept-codes.html#concept-codes-HIV.46E.46DE193\">HIV.E.DE193</a></td><td>Indeterminate</td><td>EID test number 2 test result - Indeterminate</td></tr></table></li></ul></div>"},"url":"http://fhir.org/guides/who/hiv-dak/ValueSet/hiv-e-de191","version":"0.3.0","name":"EIDtestnumber2testresultCodes","title":"EID test number 2 test result Codes","status":"draft","experimental":false,"date":"2024-05-31T12:28:50+00:00","publisher":"World Health Organization (WHO) ","contact":[{"telecom":[{"system":"url","value":"https://www.who.int"}]}],"description":"Codes representing possible values for the EID test number 2 test result element","jurisdiction":[{"coding":[{"system":"http://unstats.un.org/unsd/methods/m49/m49.htm","code":"001"}]}],"immutable":true,"compose":{"include":[{"system":"http://fhir.org/guides/who/hiv-dak/CodeSystem/HIV-DAKConcepts","concept":[{"code":"HIV.E.DE191","display":"Positive"},{"code":"HIV.E.DE192","display":"Negative"},{"code":"HIV.E.DE193","display":"Indeterminate"}]}]}}