{"resourceType":"ValueSet","id":"HIV.D.DE668","meta":{"profile":["http://hl7.org/fhir/uv/crmi/StructureDefinition/crmi-shareablevalueset","http://hl7.org/fhir/uv/crmi/StructureDefinition/crmi-publishablevalueset","http://hl7.org/fhir/uv/crmi/StructureDefinition/crmi-computablevalueset"]},"text":{"status":"extensions","div":"<div xmlns=\"http://www.w3.org/1999/xhtml\"><p class=\"res-header-id\"><b>Generated Narrative: ValueSet HIV.D.DE668</b></p><a name=\"HIV.D.DE668\"> </a><a name=\"hcHIV.D.DE668\"> </a><a name=\"hcHIV.D.DE668-en-US\"> </a><ul><li>Include these codes as defined in <a href=\"CodeSystem-HIVConcepts.html\"><code>http://smart.who.int/hiv/CodeSystem/HIVConcepts</code></a><table class=\"none\"><tr><td style=\"white-space:nowrap\"><b>Code</b></td><td><b>Display</b></td><td><b>Definition</b></td></tr><tr><td><a href=\"CodeSystem-HIVConcepts.html#HIVConcepts-HIV.46D.46DE669\">HIV.D.DE669</a></td><td>Negative</td><td>Screening result is negative</td></tr><tr><td><a href=\"CodeSystem-HIVConcepts.html#HIVConcepts-HIV.46D.46DE670\">HIV.D.DE670</a></td><td>Positive</td><td>Screening result is positive</td></tr><tr><td><a href=\"CodeSystem-HIVConcepts.html#HIVConcepts-HIV.46D.46DE671\">HIV.D.DE671</a></td><td>Suspected cancer</td><td>Screening result is suspected cancer</td></tr><tr><td><a href=\"CodeSystem-HIVConcepts.html#HIVConcepts-HIV.46D.46DE672\">HIV.D.DE672</a></td><td>Invalid</td><td>Screening result is invalid</td></tr></table></li></ul></div>"},"url":"http://smart.who.int/hiv/ValueSet/HIV.D.DE668","version":"0.1.0","name":"HIVDDE668","title":"VIA cervical cancer screening test result ValueSet","status":"active","experimental":true,"date":"2024-07-01T05:12:03+00:00","publisher":"WHO","contact":[{"name":"WHO","telecom":[{"system":"url","value":"http://who.int"}]}],"description":"Value set of screening test result for VIA","compose":{"include":[{"system":"http://smart.who.int/hiv/CodeSystem/HIVConcepts","concept":[{"code":"HIV.D.DE669","display":"Negative"},{"code":"HIV.D.DE670","display":"Positive"},{"code":"HIV.D.DE671","display":"Suspected cancer"},{"code":"HIV.D.DE672","display":"Invalid"}]}]}}