{"resourceType":"ValueSet","id":"HIV.D.DE225","meta":{"profile":["http://hl7.org/fhir/uv/crmi/StructureDefinition/crmi-shareablevalueset","http://hl7.org/fhir/uv/crmi/StructureDefinition/crmi-publishablevalueset","http://hl7.org/fhir/uv/crmi/StructureDefinition/crmi-computablevalueset"]},"text":{"status":"extensions","div":"<div xmlns=\"http://www.w3.org/1999/xhtml\"><p class=\"res-header-id\"><b>Generated Narrative: ValueSet HIV.D.DE225</b></p><a name=\"HIV.D.DE225\"> </a><a name=\"hcHIV.D.DE225\"> </a><a name=\"hcHIV.D.DE225-en-US\"> </a><ul><li>Include these codes as defined in <a href=\"CodeSystem-HIVConcepts.html\"><code>http://smart.who.int/hiv/CodeSystem/HIVConcepts</code></a><table class=\"none\"><tr><td style=\"white-space:nowrap\"><b>Code</b></td><td><b>Display</b></td><td><b>Definition</b></td></tr><tr><td><a href=\"CodeSystem-HIVConcepts.html#HIVConcepts-HIV.46D.46DE226\">HIV.D.DE226</a></td><td>Clinical failure</td><td>New or recurrent clinical event indicating severe immunodeficiency in adults or advanced or severe immunodeficiency in children</td></tr><tr><td><a href=\"CodeSystem-HIVConcepts.html#HIVConcepts-HIV.46D.46DE227\">HIV.D.DE227</a></td><td>Immunological failure</td><td>CD4 count at or below 250 cells/mm3 following clinical failure</td></tr><tr><td><a href=\"CodeSystem-HIVConcepts.html#HIVConcepts-HIV.46D.46DE228\">HIV.D.DE228</a></td><td>Virological failure</td><td>The inability to achieve or maintain viral suppression below a certain threshold indicated by viral load above 1000 copies/mL based on two consecutive viral load measurements in 3 months, with adherence support following the first viral load test</td></tr></table></li></ul></div>"},"url":"http://smart.who.int/hiv/ValueSet/HIV.D.DE225","version":"0.1.0","name":"HIVDDE225","title":"Treatment failure ValueSet","status":"active","experimental":true,"date":"2024-07-01T05:12:03+00:00","publisher":"WHO","contact":[{"name":"WHO","telecom":[{"system":"url","value":"http://who.int"}]}],"description":"Value set of aRT treatment failure","compose":{"include":[{"system":"http://smart.who.int/hiv/CodeSystem/HIVConcepts","concept":[{"code":"HIV.D.DE226","display":"Clinical failure"},{"code":"HIV.D.DE227","display":"Immunological failure"},{"code":"HIV.D.DE228","display":"Virological failure"}]}]}}