{"resourceType":"ValueSet","id":"hiv-b-de285","text":{"status":"extensions","div":"<div xmlns=\"http://www.w3.org/1999/xhtml\"><ul><li>Include these codes as defined in <a href=\"CodeSystem-concept-codes.html\"><code>http://fhir.org/guides/who/hiv-dak/CodeSystem/HIV-DAKConcepts</code></a><table class=\"none\"><tr><td style=\"white-space:nowrap\"><b>Code</b></td><td><b>Display</b></td><td><b>Definition</b></td></tr><tr><td><a href=\"CodeSystem-concept-codes.html#concept-codes-HIV.46B.46DE285\">HIV.B.DE285</a></td><td>NAAT</td><td>Chlamydia trachomatis test type - NAAT</td></tr><tr><td><a href=\"CodeSystem-concept-codes.html#concept-codes-HIV.46B.46DE286\">HIV.B.DE286</a></td><td>POC Test</td><td>Chlamydia trachomatis test type - POC Test</td></tr><tr><td><a href=\"CodeSystem-concept-codes.html#concept-codes-HIV.46B.46DE287\">HIV.B.DE287</a></td><td>Culture</td><td>Chlamydia trachomatis test type - Culture</td></tr><tr><td><a href=\"CodeSystem-concept-codes.html#concept-codes-HIV.46B.46DE288\">HIV.B.DE288</a></td><td>ELISA</td><td>Chlamydia trachomatis test type - ELISA</td></tr><tr><td><a href=\"CodeSystem-concept-codes.html#concept-codes-HIV.46B.46DE289\">HIV.B.DE289</a></td><td>Microscopy</td><td>Chlamydia trachomatis test type - Microscopy</td></tr><tr><td><a href=\"CodeSystem-concept-codes.html#concept-codes-HIV.46B.46DE290\">HIV.B.DE290</a></td><td>Other</td><td>Chlamydia trachomatis test type - Other</td></tr><tr><td><a href=\"CodeSystem-concept-codes.html#concept-codes-HIV.46D.46DE837\">HIV.D.DE837</a></td><td>NAAT</td><td>Chlamydia trachomatis test type - NAAT</td></tr><tr><td><a href=\"CodeSystem-concept-codes.html#concept-codes-HIV.46D.46DE838\">HIV.D.DE838</a></td><td>POC Test</td><td>Chlamydia trachomatis test type - POC Test</td></tr><tr><td><a href=\"CodeSystem-concept-codes.html#concept-codes-HIV.46D.46DE839\">HIV.D.DE839</a></td><td>Culture</td><td>Chlamydia trachomatis test type - Culture</td></tr><tr><td><a href=\"CodeSystem-concept-codes.html#concept-codes-HIV.46D.46DE840\">HIV.D.DE840</a></td><td>ELISA</td><td>Chlamydia trachomatis test type - ELISA</td></tr><tr><td><a href=\"CodeSystem-concept-codes.html#concept-codes-HIV.46D.46DE841\">HIV.D.DE841</a></td><td>Microscopy</td><td>Chlamydia trachomatis test type - Microscopy</td></tr><tr><td><a href=\"CodeSystem-concept-codes.html#concept-codes-HIV.46D.46DE842\">HIV.D.DE842</a></td><td>Other</td><td>Chlamydia trachomatis test type - Other</td></tr></table></li></ul></div>"},"url":"http://fhir.org/guides/who/hiv-dak/ValueSet/hiv-b-de285","version":"0.3.0","name":"ChlamydiatrachomatistesttypeCodes","title":"Chlamydia trachomatis test type Codes","status":"draft","experimental":false,"date":"2024-06-04T14:36:24+00:00","publisher":"World Health Organization (WHO) ","contact":[{"telecom":[{"system":"url","value":"https://www.who.int"}]}],"description":"Codes representing possible values for the Chlamydia trachomatis test type element","jurisdiction":[{"coding":[{"system":"http://unstats.un.org/unsd/methods/m49/m49.htm","code":"001"}]}],"immutable":true,"compose":{"include":[{"system":"http://fhir.org/guides/who/hiv-dak/CodeSystem/HIV-DAKConcepts","concept":[{"code":"HIV.B.DE285","display":"NAAT"},{"code":"HIV.B.DE286","display":"POC Test"},{"code":"HIV.B.DE287","display":"Culture"},{"code":"HIV.B.DE288","display":"ELISA"},{"code":"HIV.B.DE289","display":"Microscopy"},{"code":"HIV.B.DE290","display":"Other"},{"code":"HIV.D.DE837","display":"NAAT"},{"code":"HIV.D.DE838","display":"POC Test"},{"code":"HIV.D.DE839","display":"Culture"},{"code":"HIV.D.DE840","display":"ELISA"},{"code":"HIV.D.DE841","display":"Microscopy"},{"code":"HIV.D.DE842","display":"Other"}]}]}}