{"resourceType":"ValueSet","id":"hiv-d-de147","text":{"status":"extensions","div":"<div xmlns=\"http://www.w3.org/1999/xhtml\"><ul><li>Include these codes as defined in <a href=\"CodeSystem-concept-codes.html\"><code>http://fhir.org/guides/who/hiv-dak/CodeSystem/HIV-DAKConcepts</code></a><table class=\"none\"><tr><td style=\"white-space:nowrap\"><b>Code</b></td><td><b>Display</b></td><td><b>Definition</b></td></tr><tr><td><a href=\"CodeSystem-concept-codes.html#concept-codes-HIV.46D.46DE147\">HIV.D.DE147</a></td><td>NRTI</td><td>ART regimen drug class - NRTI</td></tr><tr><td><a href=\"CodeSystem-concept-codes.html#concept-codes-HIV.46D.46DE148\">HIV.D.DE148</a></td><td>NtRTI</td><td>ART regimen drug class - NtRTI</td></tr><tr><td><a href=\"CodeSystem-concept-codes.html#concept-codes-HIV.46D.46DE149\">HIV.D.DE149</a></td><td>NNRTI</td><td>ART regimen drug class - NNRTI</td></tr><tr><td><a href=\"CodeSystem-concept-codes.html#concept-codes-HIV.46D.46DE150\">HIV.D.DE150</a></td><td>PI</td><td>ART regimen drug class - PI</td></tr><tr><td><a href=\"CodeSystem-concept-codes.html#concept-codes-HIV.46D.46DE151\">HIV.D.DE151</a></td><td>INSTI</td><td>ART regimen drug class - INSTI</td></tr></table></li></ul></div>"},"url":"http://fhir.org/guides/who/hiv-dak/ValueSet/hiv-d-de147","version":"0.3.0","name":"ARTregimendrugclassCodes","title":"ART regimen drug class Codes","status":"draft","experimental":false,"date":"2024-05-31T12:28:50+00:00","publisher":"World Health Organization (WHO) ","contact":[{"telecom":[{"system":"url","value":"https://www.who.int"}]}],"description":"Codes representing possible values for the ART regimen drug class element","jurisdiction":[{"coding":[{"system":"http://unstats.un.org/unsd/methods/m49/m49.htm","code":"001"}]}],"immutable":true,"compose":{"include":[{"system":"http://fhir.org/guides/who/hiv-dak/CodeSystem/HIV-DAKConcepts","concept":[{"code":"HIV.D.DE147","display":"NRTI"},{"code":"HIV.D.DE148","display":"NtRTI"},{"code":"HIV.D.DE149","display":"NNRTI"},{"code":"HIV.D.DE150","display":"PI"},{"code":"HIV.D.DE151","display":"INSTI"}]}]}}