{"resourceType":"ValueSet","id":"HIV.B.DE256","meta":{"profile":["http://hl7.org/fhir/uv/crmi/StructureDefinition/crmi-shareablevalueset","http://hl7.org/fhir/uv/crmi/StructureDefinition/crmi-publishablevalueset","http://hl7.org/fhir/uv/crmi/StructureDefinition/crmi-computablevalueset"]},"text":{"status":"extensions","div":"<div xmlns=\"http://www.w3.org/1999/xhtml\"><p class=\"res-header-id\"><b>Generated Narrative: ValueSet HIV.B.DE256</b></p><a name=\"HIV.B.DE256\"> </a><a name=\"hcHIV.B.DE256\"> </a><a name=\"hcHIV.B.DE256-en-US\"> </a><ul><li>Include these codes as defined in <a href=\"CodeSystem-HIVConcepts.html\"><code>http://smart.who.int/hiv/CodeSystem/HIVConcepts</code></a><table class=\"none\"><tr><td style=\"white-space:nowrap\"><b>Code</b></td><td><b>Display</b></td><td><b>Definition</b></td></tr><tr><td><a href=\"CodeSystem-HIVConcepts.html#HIVConcepts-HIV.46B.46DE257\">HIV.B.DE257</a></td><td>Positive</td><td>Test result is positive for Neisseria gonorrhoeae</td></tr><tr><td><a href=\"CodeSystem-HIVConcepts.html#HIVConcepts-HIV.46B.46DE258\">HIV.B.DE258</a></td><td>Negative</td><td>Test result is negative for Neisseria gonorrhoeae</td></tr><tr><td><a href=\"CodeSystem-HIVConcepts.html#HIVConcepts-HIV.46B.46DE259\">HIV.B.DE259</a></td><td>Inconclusive</td><td>Test result is inconclusive</td></tr></table></li></ul></div>"},"url":"http://smart.who.int/hiv/ValueSet/HIV.B.DE256","version":"0.1.0","name":"HIVBDE256","title":"Gonorrhoea test result ValueSet","status":"active","experimental":true,"date":"2024-07-01T19:37:36+00:00","publisher":"WHO","contact":[{"name":"WHO","telecom":[{"system":"url","value":"http://who.int"}]}],"description":"Value set of result from Gonorrhoea test","compose":{"include":[{"system":"http://smart.who.int/hiv/CodeSystem/HIVConcepts","concept":[{"code":"HIV.B.DE257","display":"Positive"},{"code":"HIV.B.DE258","display":"Negative"},{"code":"HIV.B.DE259","display":"Inconclusive"}]}]}}