{"resourceType":"ValueSet","id":"HIV.E.DE75","meta":{"profile":["http://hl7.org/fhir/uv/crmi/StructureDefinition/crmi-shareablevalueset","http://hl7.org/fhir/uv/crmi/StructureDefinition/crmi-publishablevalueset","http://hl7.org/fhir/uv/crmi/StructureDefinition/crmi-computablevalueset"]},"text":{"status":"generated","div":"<div xmlns=\"http://www.w3.org/1999/xhtml\"><p class=\"res-header-id\"><b>Generated Narrative: ValueSet HIV.E.DE75</b></p><a name=\"HIV.E.DE75\"> </a><a name=\"hcHIV.E.DE75\"> </a><a name=\"HIV.E.DE75-en-US\"> </a><p>This value set includes codes based on the following rules:</p><ul/></div>"},"url":"http://smart.who.int/hiv/ValueSet/HIV.E.DE75","version":"0.2.0","name":"HIVEDE75","title":"Cause of death of mother ValueSet","status":"active","experimental":true,"date":"2024-08-05T14:13:53+00:00","publisher":"WHO","contact":[{"name":"WHO","telecom":[{"system":"url","value":"http://who.int"}]}],"description":"Value set of the woman's cause of death"}