{"resourceType":"ValueSet","id":"HIV.D.DE853","meta":{"profile":["http://hl7.org/fhir/uv/crmi/StructureDefinition/crmi-shareablevalueset","http://hl7.org/fhir/uv/crmi/StructureDefinition/crmi-publishablevalueset","http://hl7.org/fhir/uv/crmi/StructureDefinition/crmi-computablevalueset"]},"text":{"status":"extensions","div":"<div xmlns=\"http://www.w3.org/1999/xhtml\"><p class=\"res-header-id\"><b>Generated Narrative: ValueSet HIV.D.DE853</b></p><a name=\"HIV.D.DE853\"> </a><a name=\"hcHIV.D.DE853\"> </a><a name=\"HIV.D.DE853-en-US\"> </a><ul><li>Include these codes as defined in <a href=\"CodeSystem-HIVConcepts.html\"><code>http://smart.who.int/hiv/CodeSystem/HIVConcepts</code></a><table class=\"none\"><tr><td style=\"white-space:nowrap\"><b>Code</b></td><td><b>Display</b></td><td><b>Definition</b></td></tr><tr><td><a href=\"CodeSystem-HIVConcepts.html#HIVConcepts-HIV.46D.46DE854\">HIV.D.DE854</a></td><td>NAAT</td><td>Nucleic Acid Amplification Test (NAAT) used</td></tr><tr><td><a href=\"CodeSystem-HIVConcepts.html#HIVConcepts-HIV.46D.46DE855\">HIV.D.DE855</a></td><td>Antibody test</td><td>Antibody test used</td></tr><tr><td><a href=\"CodeSystem-HIVConcepts.html#HIVConcepts-HIV.46D.46DE856\">HIV.D.DE856</a></td><td>Other</td><td>Other type of test used</td></tr></table></li></ul></div>"},"url":"http://smart.who.int/hiv/ValueSet/HIV.D.DE853","version":"0.2.0","name":"HIVDDE853","title":"Herpes simplex virus (HSV) test type ValueSet","status":"active","experimental":true,"date":"2024-08-06T17:04:54+00:00","publisher":"WHO","contact":[{"name":"WHO","telecom":[{"system":"url","value":"http://who.int"}]}],"description":"Value set of type of diagnostic test used for Herpes simplex virus (HSV)","compose":{"include":[{"system":"http://smart.who.int/hiv/CodeSystem/HIVConcepts","concept":[{"code":"HIV.D.DE854","display":"NAAT"},{"code":"HIV.D.DE855","display":"Antibody test"},{"code":"HIV.D.DE856","display":"Other"}]}]}}