{"resourceType":"ValueSet","id":"HIV.D.DE532","meta":{"profile":["http://hl7.org/fhir/uv/crmi/StructureDefinition/crmi-shareablevalueset","http://hl7.org/fhir/uv/crmi/StructureDefinition/crmi-publishablevalueset","http://hl7.org/fhir/uv/crmi/StructureDefinition/crmi-computablevalueset"]},"text":{"status":"extensions","div":"<div xmlns=\"http://www.w3.org/1999/xhtml\"><p class=\"res-header-id\"><b>Generated Narrative: ValueSet HIV.D.DE532</b></p><a name=\"HIV.D.DE532\"> </a><a name=\"hcHIV.D.DE532\"> </a><a name=\"hcHIV.D.DE532-en-US\"> </a><ul><li>Include these codes as defined in <a href=\"CodeSystem-HIVConcepts.html\"><code>http://smart.who.int/hiv/CodeSystem/HIVConcepts</code></a><table class=\"none\"><tr><td style=\"white-space:nowrap\"><b>Code</b></td><td><b>Display</b></td><td><b>Definition</b></td></tr><tr><td><a href=\"CodeSystem-HIVConcepts.html#HIVConcepts-HIV.46D.46DE533\">HIV.D.DE533</a></td><td>BP cuff (sphygmomanometer) not available</td><td>Blood pressure cuff is not available</td></tr><tr><td><a href=\"CodeSystem-HIVConcepts.html#HIVConcepts-HIV.46D.46DE534\">HIV.D.DE534</a></td><td>BP cuff (sphygmomanometer) is broken</td><td>Blood pressure cuff is broken</td></tr></table></li></ul></div>"},"url":"http://smart.who.int/hiv/ValueSet/HIV.D.DE532","version":"0.1.0","name":"HIVDDE532","title":"Reason blood pressure reading not done ValueSet","status":"active","experimental":true,"date":"2024-07-01T19:48:05+00:00","publisher":"WHO","contact":[{"name":"WHO","telecom":[{"system":"url","value":"http://who.int"}]}],"description":"Value set of reason why test was not performed","compose":{"include":[{"system":"http://smart.who.int/hiv/CodeSystem/HIVConcepts","concept":[{"code":"HIV.D.DE533","display":"BP cuff (sphygmomanometer) not available"},{"code":"HIV.D.DE534","display":"BP cuff (sphygmomanometer) is broken"}]}]}}