{
  "resourceType" : "Basic",
  "id" : "SpecialistMedicalDoctor",
  "meta" : {
    "profile" : ["http://smart.who.int/smart-base/StructureDefinition/SGPersona"]
  },
  "text" : {
    "status" : "generated",
    "div" : "<div xmlns=\"http://www.w3.org/1999/xhtml\"><p class=\"res-header-id\"><b>Generated Narrative: ActorDefinition SpecialistMedicalDoctor</b></p><a name=\"SpecialistMedicalDoctor\"> </a><a name=\"hcSpecialistMedicalDoctor\"> </a><a name=\"hcSpecialistMedicalDoctor-en-US\"> </a><table class=\"grid\"><tr><td><b>Actor: SpecialistMedicalDoctor </b></td><td>Specialist medical doctor</td><td>Type: person </td></tr><tr><td colspan=\"3\"/></tr></table></div>"
  },
  "extension" : [{
    "url" : "http://hl7.org/fhir/5.0/StructureDefinition/extension-ActorDefinition.url",
    "valueUri" : "http://smart.who.int/hiv/ActorDefinition/SpecialistMedicalDoctor"
  },
  {
    "url" : "http://hl7.org/fhir/5.0/StructureDefinition/extension-ActorDefinition.version",
    "valueString" : "0.1.0"
  },
  {
    "url" : "http://hl7.org/fhir/5.0/StructureDefinition/extension-ActorDefinition.name",
    "valueString" : "SpecialistMedicalDoctor"
  },
  {
    "url" : "http://hl7.org/fhir/5.0/StructureDefinition/extension-ActorDefinition.title",
    "valueString" : "Specialist medical doctor"
  },
  {
    "url" : "http://hl7.org/fhir/5.0/StructureDefinition/extension-ActorDefinition.status",
    "valueCode" : "draft"
  },
  {
    "url" : "http://hl7.org/fhir/5.0/StructureDefinition/extension-ActorDefinition.experimental",
    "valueBoolean" : false
  },
  {
    "url" : "http://hl7.org/fhir/5.0/StructureDefinition/extension-ActorDefinition.date",
    "valueDateTime" : "2024-07-01T19:15:43+00:00"
  },
  {
    "url" : "http://hl7.org/fhir/5.0/StructureDefinition/extension-ActorDefinition.publisher",
    "valueString" : "WHO"
  },
  {
    "url" : "http://hl7.org/fhir/5.0/StructureDefinition/extension-ActorDefinition.contact",
    "valueContactDetail" : {
      "name" : "WHO",
      "telecom" : [{
        "system" : "url",
        "value" : "http://who.int"
      }]
    }
  },
  {
    "url" : "http://hl7.org/fhir/5.0/StructureDefinition/extension-ActorDefinition.description",
    "valueMarkdown" : "A doctor who diagnoses, treats and prevents illness, disease, injury and other impairments using specialized testing and diagnostic, medical, surgical, physical and psychiatric techniques. These providers may also plan, supervise and evaluate the implementation of care and treatment plans by other health care providers. They specialize in certain disease categories, types of clients or methods of treatment and may conduct medical education and research activities in their chosen areas of specialization."
  },
  {
    "url" : "http://hl7.org/fhir/5.0/StructureDefinition/extension-ActorDefinition.jurisdiction"
  },
  {
    "url" : "http://hl7.org/fhir/5.0/StructureDefinition/extension-ActorDefinition.type",
    "valueCode" : "person"
  }],
  "identifier" : [{
    "value" : "SpecialistMedicalDoctor"
  }],
  "code" : {
    "coding" : [{
      "system" : "http://hl7.org/fhir/fhir-types",
      "code" : "ActorDefinition"
    }]
  }
}