{
  "resourceType" : "Measure",
  "id" : "HIVIND42",
  "meta" : {
    "profile" : ["http://hl7.org/fhir/us/cqfmeasures/StructureDefinition/proportion-measure-cqfm",
    "http://hl7.org/fhir/uv/crmi/StructureDefinition/crmi-shareablemeasure",
    "http://hl7.org/fhir/uv/crmi/StructureDefinition/crmi-publishablemeasure"]
  },
  "text" : {
    "status" : "generated",
    "div" : "<div xmlns=\"http://www.w3.org/1999/xhtml\"><p class=\"res-header-id\"><b>Generated Narrative: Measure HIVIND42</b></p><a name=\"HIVIND42\"> </a><a name=\"hcHIVIND42\"> </a><a name=\"HIVIND42-en-US\"> </a><p><b>url</b>: <a href=\"Measure-HIVIND42.html\">Measure HIV.IND.42 Final outcome of PMTCT</a></p><p><b>version</b>: 0.2.0</p><p><b>name</b>: HIVIND42</p><p><b>title</b>: HIV.IND.42 Final outcome of PMTCT</p><p><b>status</b>: Draft</p><p><b>experimental</b>: true</p><p><b>date</b>: 2024-07-12</p><p><b>publisher</b>: WHO</p><p><b>contact</b>: WHO: <a href=\"http://who.int\">http://who.int</a></p><p><b>description</b>: </p><div><p>% of HIV-exposed infants whose final HIV outcome status is known</p>\n</div><p><b>library</b>: <a href=\"Library-HIVIND42Logic.html\">HIV.IND.42 Logic</a></p><p><b>scoring</b>: <span title=\"Codes:{http://terminology.hl7.org/CodeSystem/measure-scoring proportion}\">Proportion</span></p><blockquote><p><b>group</b></p><blockquote><p><b>population</b></p><blockquote><p><b>id</b></p>HIV.IND.42.IP</blockquote><p><b>code</b>: <span title=\"Codes:{http://terminology.hl7.org/CodeSystem/measure-population initial-population}\">Initial Population</span></p><p><b>description</b>: Initial Population</p><h3>Criteria</h3><table class=\"grid\"><tr><td style=\"display: none\">-</td><td><b>Language</b></td><td><b>Expression</b></td></tr><tr><td style=\"display: none\">*</td><td>text/cql-identifier</td><td>Initial Population</td></tr></table></blockquote><blockquote><p><b>population</b></p><blockquote><p><b>id</b></p>HIV.IND.42.DEN</blockquote><p><b>code</b>: <span title=\"Codes:{http://terminology.hl7.org/CodeSystem/measure-population denominator}\">Denominator</span></p><p><b>description</b>: a) Programme-based/service delivery denominator | Number of HIV-exposed infants who were born within the 12 months (or 24 months in breastfeeding settings) prior to the reporting period and registered in the birth cohort | For example, for the reporting period January to December 2021 the denominator would be the number of HIV-exposed infants born between January to December 2020 in non-breast feeding settings and January to December 2019 in breastfeeding settings. |  | b) Population-based denominator | Estimated number of HIV-positive women who delivered within the past 12 months | (or 24 months in breastfeeding settings)</p><h3>Criteria</h3><table class=\"grid\"><tr><td style=\"display: none\">-</td><td><b>Language</b></td><td><b>Expression</b></td></tr><tr><td style=\"display: none\">*</td><td>text/cql-identifier</td><td>Denominator</td></tr></table></blockquote><blockquote><p><b>population</b></p><blockquote><p><b>id</b></p>HIV.IND.42.NUM</blockquote><p><b>code</b>: <span title=\"Codes:{http://terminology.hl7.org/CodeSystem/measure-population numerator}\">Numerator</span></p><p><b>description</b>: HIV-exposed infants born within the past 12 months (or 24 months in breastfeeding settings) who have known final HIV outcome status</p><h3>Criteria</h3><table class=\"grid\"><tr><td style=\"display: none\">-</td><td><b>Language</b></td><td><b>Expression</b></td></tr><tr><td style=\"display: none\">*</td><td>text/cql-identifier</td><td>Numerator</td></tr></table></blockquote></blockquote></div>"
  },
  "extension" : [{
    "url" : "http://hl7.org/fhir/us/cqfmeasures/StructureDefinition/cqfm-populationBasis",
    "valueCode" : "boolean"
  }],
  "url" : "http://smart.who.int/HIV/Measure/HIVIND42",
  "version" : "0.2.0",
  "name" : "HIVIND42",
  "title" : "HIV.IND.42 Final outcome of PMTCT",
  "status" : "draft",
  "experimental" : true,
  "date" : "2024-07-12",
  "publisher" : "WHO",
  "contact" : [{
    "name" : "WHO",
    "telecom" : [{
      "system" : "url",
      "value" : "http://who.int"
    }]
  }],
  "description" : "% of HIV-exposed infants whose final HIV outcome status is known",
  "library" : ["http://smart.who.int/HIV/Library/HIVIND42Logic"],
  "scoring" : {
    "coding" : [{
      "system" : "http://terminology.hl7.org/CodeSystem/measure-scoring",
      "code" : "proportion",
      "display" : "Proportion"
    }]
  },
  "group" : [{
    "population" : [{
      "id" : "HIV.IND.42.IP",
      "code" : {
        "coding" : [{
          "system" : "http://terminology.hl7.org/CodeSystem/measure-population",
          "code" : "initial-population",
          "display" : "Initial Population"
        }]
      },
      "description" : "Initial Population",
      "criteria" : {
        "language" : "text/cql-identifier",
        "expression" : "Initial Population"
      }
    },
    {
      "id" : "HIV.IND.42.DEN",
      "code" : {
        "coding" : [{
          "system" : "http://terminology.hl7.org/CodeSystem/measure-population",
          "code" : "denominator",
          "display" : "Denominator"
        }]
      },
      "description" : "a) Programme-based/service delivery denominator | Number of HIV-exposed infants who were born within the 12 months (or 24 months in breastfeeding settings) prior to the reporting period and registered in the birth cohort | For example, for the reporting period January to December 2021 the denominator would be the number of HIV-exposed infants born between January to December 2020 in non-breast feeding settings and January to December 2019 in breastfeeding settings. |  | b) Population-based denominator | Estimated number of HIV-positive women who delivered within the past 12 months | (or 24 months in breastfeeding settings)",
      "criteria" : {
        "language" : "text/cql-identifier",
        "expression" : "Denominator"
      }
    },
    {
      "id" : "HIV.IND.42.NUM",
      "code" : {
        "coding" : [{
          "system" : "http://terminology.hl7.org/CodeSystem/measure-population",
          "code" : "numerator",
          "display" : "Numerator"
        }]
      },
      "description" : "HIV-exposed infants born within the past 12 months (or 24 months in breastfeeding settings) who have known final HIV outcome status",
      "criteria" : {
        "language" : "text/cql-identifier",
        "expression" : "Numerator"
      }
    }]
  }]
}