{
  "resourceType" : "PlanDefinition",
  "id" : "HIVE4DT",
  "text" : {
    "status" : "generated",
    "div" : "<div xmlns=\"http://www.w3.org/1999/xhtml\"><p><b>Generated Narrative: PlanDefinition </b><a name=\"HIVE4DT\"> </a><a name=\"hcHIVE4DT\"> </a></p><div style=\"display: inline-block; background-color: #d9e0e7; padding: 6px; margin: 4px; border: 1px solid #8da1b4; border-radius: 5px; line-height: 60%\"><p style=\"margin-bottom: 0px\">ResourcePlanDefinition &quot;HIVE4DT&quot; </p></div><p><b>url</b>: <code>http://fhir.org/guides/who/hiv-dak/PlanDefinition/HIVE4DT</code></p><p><b>identifier</b>: HIV.E4.DT\u00a0(use:\u00a0official)</p><p><b>version</b>: 0.3.0</p><p><b>name</b>: HIVE4DT</p><p><b>title</b>: HIV.E4.DT</p><p><b>type</b>: ECA Rule <span style=\"background: LightGoldenRodYellow; margin: 4px; border: 1px solid khaki\"> (<a href=\"http://terminology.hl7.org/5.5.0/CodeSystem-plan-definition-type.html\">PlanDefinitionType</a>#eca-rule)</span></p><p><b>status</b>: active</p><p><b>experimental</b>: false</p><p><b>date</b>: 2024-03-26 13:56:57+0300</p><p><b>publisher</b>: World Health Organization (WHO) </p><p><b>contact</b>: <a href=\"https://www.who.int\">https://www.who.int</a></p><p><b>description</b>: Test [mother] for HIV using testing algorithm (in ANC settings)</p><h3>UseContexts</h3><table class=\"grid\"><tr><td style=\"display: none\">-</td><td><b>Code</b></td><td><b>Value[x]</b></td></tr><tr><td style=\"display: none\">*</td><td>Workflow Task (Details: UsageContextType code task  = ' Workflow Task ', stated as ' Workflow Task ')</td><td>Test mother for HIV using testing algorithm <span style=\"background: LightGoldenRodYellow; margin: 4px; border: 1px solid khaki\"> (activity-codes#HIV.E4)</span></td></tr></table><p><b>jurisdiction</b>: Global (Whole world) <span style=\"background: LightGoldenRodYellow; margin: 4px; border: 1px solid khaki\"> (m49.htm#001)</span></p><p><b>library</b>: <a href=\"http://fhir.org/guides/who/hiv-dak/Library/HIVE4DT\">http://fhir.org/guides/who/hiv-dak/Library/HIVE4DT</a></p><blockquote><p><b>action</b></p><p><b>title</b>: HIV.E4.DT</p><h3>Triggers</h3><table class=\"grid\"><tr><td style=\"display: none\">-</td><td><b>Type</b></td><td><b>Name</b></td></tr><tr><td style=\"display: none\">*</td><td>named-event</td><td>HIV.E4 Test mother for HIV using testing algorithm</td></tr></table><blockquote><p><b>action</b></p><blockquote><p><b>id</b></p>1</blockquote><p><b>title</b>: Report syphilis diagnosis of negative.Report HIV test result of HIV negativeSet &quot;HIV test result&quot;='HIV-negative'Set &quot;Syphilis test result&quot;='Syphilis negative'</p><p><b>description</b>: Report syphilis diagnosis of negative.Report HIV test result of HIV negativeSet &quot;HIV test result&quot;='HIV-negative'Set &quot;Syphilis test result&quot;='Syphilis negative'</p><blockquote><p><b>documentation</b></p></blockquote><blockquote><p><b>condition</b></p></blockquote><blockquote><p><b>action</b></p></blockquote><blockquote><p><b>action</b></p></blockquote></blockquote><blockquote><p><b>action</b></p><blockquote><p><b>id</b></p>2</blockquote><p><b>title</b>: Report as HIV-negativeReport syphilis-positive indicative of either current or past/ resolved infectionPerform syphilis counselling and treatment or referSet &quot;HIV test result&quot;='HIV-negative'Set &quot;Syphilis test result&quot;='Syphilis positive'</p><p><b>description</b>: Report as HIV-negativeReport syphilis-positive indicative of either current or past/ resolved infectionPerform syphilis counselling and treatment or referSet &quot;HIV test result&quot;='HIV-negative'Set &quot;Syphilis test result&quot;='Syphilis positive'</p><blockquote><p><b>documentation</b></p></blockquote><blockquote><p><b>condition</b></p></blockquote><blockquote><p><b>action</b></p></blockquote><blockquote><p><b>action</b></p></blockquote></blockquote><blockquote><p><b>action</b></p><blockquote><p><b>id</b></p>3</blockquote><p><b>title</b>: Continue to perform HIV Assay 2using &quot;HIV test type&quot;='Rapid diagnostic test for HIV'</p><p><b>description</b>: Continue to perform HIV Assay 2using &quot;HIV test type&quot;='Rapid diagnostic test for HIV'</p><blockquote><p><b>documentation</b></p></blockquote><blockquote><p><b>condition</b></p></blockquote><blockquote><p><b>action</b></p></blockquote><blockquote><p><b>action</b></p></blockquote></blockquote><blockquote><p><b>action</b></p><blockquote><p><b>id</b></p>4</blockquote><p><b>title</b>: Report as syphilis positiveContinue to perform HIV Assay 2using &quot;HIV test type&quot;='Rapid diagnostic test for HIV'Set &quot;Syphilis test result&quot;='Syphilis positive'Syphilis counselling and treatment = TRUE</p><p><b>description</b>: Report as syphilis positiveContinue to perform HIV Assay 2using &quot;HIV test type&quot;='Rapid diagnostic test for HIV'Set &quot;Syphilis test result&quot;='Syphilis positive'Syphilis counselling and treatment = TRUE</p><blockquote><p><b>documentation</b></p></blockquote><blockquote><p><b>condition</b></p></blockquote><blockquote><p><b>action</b></p></blockquote><blockquote><p><b>action</b></p></blockquote></blockquote><blockquote><p><b>action</b></p><blockquote><p><b>id</b></p>5</blockquote><p><b>title</b>: Continue to perform HIV 'Assay 1 repeated'using &quot;HIV test type&quot;='Dual HIV/syphilis rapid diagnostic test'</p><p><b>description</b>: Continue to perform HIV 'Assay 1 repeated'using &quot;HIV test type&quot;='Dual HIV/syphilis rapid diagnostic test'</p><blockquote><p><b>documentation</b></p></blockquote><blockquote><p><b>condition</b></p></blockquote><blockquote><p><b>action</b></p></blockquote><blockquote><p><b>action</b></p></blockquote></blockquote><blockquote><p><b>action</b></p><blockquote><p><b>id</b></p>6</blockquote><p><b>title</b>: Continue to perform HIV 'Assay 3'using &quot;HIV test type&quot;='Rapid diagnostic test for HIV'</p><p><b>description</b>: Continue to perform HIV 'Assay 3'using &quot;HIV test type&quot;='Rapid diagnostic test for HIV'</p><p><b>textEquivalent</b>: A negative syphilis test result should have already been recorded.</p><blockquote><p><b>documentation</b></p></blockquote><blockquote><p><b>condition</b></p></blockquote><blockquote><p><b>action</b></p></blockquote><blockquote><p><b>action</b></p></blockquote></blockquote><blockquote><p><b>action</b></p><blockquote><p><b>id</b></p>7</blockquote><p><b>title</b>: Continue to perform HIV 'Assay 3'using &quot;HIV test type&quot;='Rapid diagnostic test for HIV'</p><p><b>description</b>: Continue to perform HIV 'Assay 3'using &quot;HIV test type&quot;='Rapid diagnostic test for HIV' 2</p><p><b>textEquivalent</b>: A positive syphilis test result should have already been recorded.</p><blockquote><p><b>documentation</b></p></blockquote><blockquote><p><b>condition</b></p></blockquote><blockquote><p><b>action</b></p></blockquote><blockquote><p><b>action</b></p></blockquote></blockquote><blockquote><p><b>action</b></p><blockquote><p><b>id</b></p>8</blockquote><p><b>title</b>: Report as HIV-inconclusiveSchedule follow-up testing visit in 14 daysReport as syphilis negativeSet &quot;HIV test result&quot;='HIV-inconclusive'Schedule retest on &quot;Visit date&quot; + 14 daysSet &quot;Syphilis test result&quot;='Syphilis negative'</p><p><b>description</b>: Report as HIV-inconclusiveSchedule follow-up testing visit in 14 daysReport as syphilis negativeSet &quot;HIV test result&quot;='HIV-inconclusive'Schedule retest on &quot;Visit date&quot; + 14 daysSet &quot;Syphilis test result&quot;='Syphilis negative'</p><p><b>textEquivalent</b>: A positive syphilis test result should have already been recorded.</p><blockquote><p><b>documentation</b></p></blockquote><blockquote><p><b>condition</b></p></blockquote><blockquote><p><b>action</b></p></blockquote><blockquote><p><b>action</b></p></blockquote></blockquote><blockquote><p><b>action</b></p><blockquote><p><b>id</b></p>9</blockquote><p><b>title</b>: Report as HIV-positiveReport as syphilis negativeSet &quot;HIV test result&quot;='HIV-positive'Set &quot;Syphilis test result&quot;='Syphilis negative'</p><p><b>description</b>: Report as HIV-positiveReport as syphilis negativeSet &quot;HIV test result&quot;='HIV-positive'Set &quot;Syphilis test result&quot;='Syphilis negative'</p><p><b>textEquivalent</b>: A positive syphilis test result should have already been recorded.</p><blockquote><p><b>documentation</b></p></blockquote><blockquote><p><b>condition</b></p></blockquote><blockquote><p><b>action</b></p></blockquote><blockquote><p><b>action</b></p></blockquote></blockquote><blockquote><p><b>action</b></p><blockquote><p><b>id</b></p>10</blockquote><p><b>title</b>: Report as HIV-inconclusiveSchedule follow-up testing visit in 14 daysReport as syphilis positivePerform syphilis counselling and treatment or referSet &quot;HIV test result&quot;='HIV-inconclusive'Schedule retest on &quot;Visit date&quot; + 14 daysSet &quot;Syphilis test result&quot;='Syphilis positive'Set &quot;Syphilis counselling and treatment&quot;=True</p><p><b>description</b>: Report as HIV-inconclusiveSchedule follow-up testing visit in 14 daysReport as syphilis positivePerform syphilis counselling and treatment or referSet &quot;HIV test result&quot;='HIV-inconclusive'Schedule retest on &quot;Visit date&quot; + 14 daysSet &quot;Syphilis test result&quot;='Syphilis positive'Set &quot;Syphilis counselling and treatment&quot;=True</p><p><b>textEquivalent</b>: A positive syphilis test result should have already been recorded.</p><blockquote><p><b>documentation</b></p></blockquote><blockquote><p><b>condition</b></p></blockquote><blockquote><p><b>action</b></p></blockquote><blockquote><p><b>action</b></p></blockquote></blockquote><blockquote><p><b>action</b></p><blockquote><p><b>id</b></p>11</blockquote><p><b>title</b>: Report as HIV-positiveReport as syphilis positivePerform syphilis counselling and treatment or referSet &quot;HIV test result&quot;='HIV-positive'Set &quot;Syphilis test result&quot;='Syphilis positive'Set &quot;Syphilis counselling and treatment&quot;=True</p><p><b>description</b>: Report as HIV-positiveReport as syphilis positivePerform syphilis counselling and treatment or referSet &quot;HIV test result&quot;='HIV-positive'Set &quot;Syphilis test result&quot;='Syphilis positive'Set &quot;Syphilis counselling and treatment&quot;=True</p><p><b>textEquivalent</b>: A positive syphilis test result should have already been recorded.</p><blockquote><p><b>documentation</b></p></blockquote><blockquote><p><b>condition</b></p></blockquote><blockquote><p><b>action</b></p></blockquote><blockquote><p><b>action</b></p></blockquote></blockquote><blockquote><p><b>action</b></p><blockquote><p><b>id</b></p>12</blockquote><p><b>title</b>: Report as HIV negativeReport as syphilis negativeSet &quot;HIV test result&quot;='HIV-negative'Set &quot;Syphilis test result&quot;='Syphilis negative'</p><p><b>description</b>: Report as HIV negativeReport as syphilis negativeSet &quot;HIV test result&quot;='HIV-negative'Set &quot;Syphilis test result&quot;='Syphilis negative'</p><p><b>textEquivalent</b>: If A1 or Repeat A1 is TP reactive, report syphilis- positive, indicative of either a current or past/ resolved infection.\nIf A1 and Repeat A1 is TP nonreactive, report syphilis-negative.</p><blockquote><p><b>documentation</b></p></blockquote><blockquote><p><b>condition</b></p></blockquote><blockquote><p><b>action</b></p></blockquote><blockquote><p><b>action</b></p></blockquote></blockquote><blockquote><p><b>action</b></p><blockquote><p><b>id</b></p>13</blockquote><p><b>title</b>: Report HIV negativeReport as syphilis positivePerform syphilis counselling and treatment or referSet &quot;HIV test result&quot;='HIV-negative'Set &quot;Syphilis test result&quot;='Syphilis positive'Set &quot;Syphilis counselling and treatment&quot;=True</p><p><b>description</b>: Report HIV negativeReport as syphilis positivePerform syphilis counselling and treatment or referSet &quot;HIV test result&quot;='HIV-negative'Set &quot;Syphilis test result&quot;='Syphilis positive'Set &quot;Syphilis counselling and treatment&quot;=True</p><p><b>textEquivalent</b>: If A1 or Repeat A1 is TP reactive, report syphilis- positive, indicative of either a current or past/resolved infection\nIf A1 and Repeat A1 is TP nonreactive, report syphilis-negative</p><blockquote><p><b>documentation</b></p></blockquote><blockquote><p><b>condition</b></p></blockquote><blockquote><p><b>action</b></p></blockquote><blockquote><p><b>action</b></p></blockquote></blockquote><blockquote><p><b>action</b></p><blockquote><p><b>id</b></p>14</blockquote><p><b>title</b>: Report as HIV-inconclusiveSchedule follow-up testing visit in 14 daysReport as syphilis negativeSet &quot;HIV test result&quot;='HIV-inconclusive'Set &quot;Syphilis test result&quot;='Syphilis negative'Recommended follow-up date = &quot;Visit date&quot; + 14 days</p><p><b>description</b>: Report as HIV-inconclusiveSchedule follow-up testing visit in 14 daysReport as syphilis negativeSet &quot;HIV test result&quot;='HIV-inconclusive'Set &quot;Syphilis test result&quot;='Syphilis negative'Recommended follow-up date = &quot;Visit date&quot; + 14 days</p><p><b>textEquivalent</b>: If A1 or Repeat A1 is TP reactive, report syphilis- positive, indicative of either a current or past/resolved infection\nIf A1 and Repeat A1 is TP nonreactive, report syphilis-negative</p><blockquote><p><b>documentation</b></p></blockquote><blockquote><p><b>condition</b></p></blockquote><blockquote><p><b>action</b></p></blockquote><blockquote><p><b>action</b></p></blockquote></blockquote><blockquote><p><b>action</b></p><blockquote><p><b>id</b></p>15</blockquote><p><b>title</b>: Report as HIV-inconclusiveSchedule follow-up testing visit in 14 daysReport as syphilis positivePerform syphilis counselling and treatment or referSet &quot;HIV test result&quot;='HIV-inconclusive'Set &quot;Syphilis test result&quot;='Syphilis positive'Recommended follow-up date = &quot;Visit date&quot; + 14 daysSet &quot;Syphilis counselling and treatment&quot;=True</p><p><b>description</b>: Report as HIV-inconclusiveSchedule follow-up testing visit in 14 daysReport as syphilis positivePerform syphilis counselling and treatment or referSet &quot;HIV test result&quot;='HIV-inconclusive'Set &quot;Syphilis test result&quot;='Syphilis positive'Recommended follow-up date = &quot;Visit date&quot; + 14 daysSet &quot;Syphilis counselling and treatment&quot;=True</p><p><b>textEquivalent</b>: If A1 or Repeat A1 is TP reactive, report syphilis- positive, indicative of either a current or past/resolved infection\nIf A1 and Repeat A1 is TP nonreactive, report syphilis-negative</p><blockquote><p><b>documentation</b></p></blockquote><blockquote><p><b>condition</b></p></blockquote><blockquote><p><b>action</b></p></blockquote><blockquote><p><b>action</b></p></blockquote></blockquote><blockquote><p><b>action</b></p><blockquote><p><b>id</b></p>16</blockquote><p><b>title</b>: Report HIV negativeReport as syphilis positivePerform syphilis counselling and treatment or referSet &quot;HIV test result&quot;='HIV-negative'Set &quot;Syphilis test result&quot;='Syphilis positive'Set &quot;Syphilis counselling and treatment&quot;=True</p><p><b>description</b>: Report HIV negativeReport as syphilis positivePerform syphilis counselling and treatment or referSet &quot;HIV test result&quot;='HIV-negative'Set &quot;Syphilis test result&quot;='Syphilis positive'Set &quot;Syphilis counselling and treatment&quot;=True 2</p><p><b>textEquivalent</b>: If A1 or Repeat A1 is TP reactive, report syphilis- positive, indicative of either a current or past/resolved infection\nIf A1 and Repeat A1 is TP nonreactive, report syphilis-negative</p><blockquote><p><b>documentation</b></p></blockquote><blockquote><p><b>condition</b></p></blockquote><blockquote><p><b>action</b></p></blockquote><blockquote><p><b>action</b></p></blockquote></blockquote><blockquote><p><b>action</b></p><blockquote><p><b>id</b></p>17</blockquote><p><b>title</b>: Report as HIV-inconclusiveSchedule follow-up testing visit in 14 daysReport as syphilis positivePerform syphilis counselling and treatment or referSet &quot;HIV test result&quot;='HIV-inconclusive'Set &quot;Syphilis test result&quot;='Syphilis positive'Recommended follow-up date = &quot;Visit date&quot; + 14 days</p><p><b>description</b>: Report as HIV-inconclusiveSchedule follow-up testing visit in 14 daysReport as syphilis positivePerform syphilis counselling and treatment or referSet &quot;HIV test result&quot;='HIV-inconclusive'Set &quot;Syphilis test result&quot;='Syphilis positive'Recommended follow-up date = &quot;Visit date&quot; + 14 days</p><p><b>textEquivalent</b>: If A1 or Repeat A1 is TP reactive, report syphilis- positive, indicative of either current or past/ resolved infection\nIf A1 and Repeat A1 is TP nonreactive, report syphilis-negative</p><blockquote><p><b>documentation</b></p></blockquote><blockquote><p><b>condition</b></p></blockquote><blockquote><p><b>action</b></p></blockquote><blockquote><p><b>action</b></p></blockquote></blockquote></blockquote></div>"
  },
  "url" : "http://fhir.org/guides/who/hiv-dak/PlanDefinition/HIVE4DT",
  "identifier" : [{
    "use" : "official",
    "value" : "HIV.E4.DT"
  }],
  "version" : "0.3.0",
  "name" : "HIVE4DT",
  "title" : "HIV.E4.DT",
  "type" : {
    "coding" : [{
      "system" : "http://terminology.hl7.org/CodeSystem/plan-definition-type",
      "code" : "eca-rule"
    }]
  },
  "status" : "active",
  "experimental" : false,
  "date" : "2024-03-26T13:56:57+03:00",
  "publisher" : "World Health Organization (WHO) ",
  "contact" : [{
    "telecom" : [{
      "system" : "url",
      "value" : "https://www.who.int"
    }]
  }],
  "description" : "Test [mother] for HIV using testing algorithm (in ANC settings)",
  "useContext" : [{
    "code" : {
      "system" : "http://terminology.hl7.org/CodeSystem/usage-context-type",
      "code" : "task",
      "display" : "Workflow Task"
    },
    "valueCodeableConcept" : {
      "coding" : [{
        "system" : "http://fhir.org/guides/who/hiv-dak/CodeSystem/activity-codes",
        "code" : "HIV.E4",
        "display" : "Test mother for HIV using testing algorithm"
      }]
    }
  }],
  "jurisdiction" : [{
    "coding" : [{
      "system" : "http://unstats.un.org/unsd/methods/m49/m49.htm",
      "code" : "001"
    }]
  }],
  "library" : ["http://fhir.org/guides/who/hiv-dak/Library/HIVE4DT"],
  "action" : [{
    "title" : "HIV.E4.DT",
    "trigger" : [{
      "type" : "named-event",
      "name" : "HIV.E4 Test mother for HIV using testing algorithm"
    }],
    "action" : [{
      "id" : "1",
      "title" : "Report syphilis diagnosis of negative.Report HIV test result of HIV negativeSet \"HIV test result\"='HIV-negative'Set \"Syphilis test result\"='Syphilis negative'",
      "description" : "Report syphilis diagnosis of negative.Report HIV test result of HIV negativeSet \"HIV test result\"='HIV-negative'Set \"Syphilis test result\"='Syphilis negative'",
      "documentation" : [{
        "type" : "citation",
        "label" : "Consolidated Guidelines on HIV Testing Services. 2019. \nFig. 2 WHO universal HIV testing strategy.\n8.4.2 Multiplex testing for HIV-1 and other infections.\nFigure 8.6 WHO recommended testing strategy for dual detection of HIV and syphilis in ANC settings."
      }],
      "condition" : [{
        "kind" : "applicability",
        "expression" : {
          "description" : "(HIV.E4.DT.01)\n  AND (\"Assay number in testing strategy\"='Assay 1')\n  AND (\"HIV test type\"='Dual HIV/syphilis rapid diagnostic test')\n  AND (\"Test result of HIV assay 1\"='Non-reactive')\n  AND (\"Test result of syphilis assay 1\"='Negative')\n  AND (-)\n  AND (-)\n  AND (-)\n  AND (-)",
          "language" : "text/cql-identifier",
          "expression" : "Should Report syphilis diagnosis of negative.Report HIV test result of HIV negativeSet \\\"HIV test result\\\"='HIV-negative'Set \\\"Syphilis test result\\\"='Syphilis negative'"
        }
      }],
      "action" : [{
        "title" : "Report syphilis diagnosis of negative.Report HIV test result of HIV negativeSet \"HIV test result\"='HIV-negative'Set \"Syphilis test result\"='Syphilis negative'"
      },
      {
        "title" : "Report syphilis diagnosis of negative.Report HIV test result of HIV negative"
      }]
    },
    {
      "id" : "2",
      "title" : "Report as HIV-negativeReport syphilis-positive indicative of either current or past/ resolved infectionPerform syphilis counselling and treatment or referSet \"HIV test result\"='HIV-negative'Set \"Syphilis test result\"='Syphilis positive'",
      "description" : "Report as HIV-negativeReport syphilis-positive indicative of either current or past/ resolved infectionPerform syphilis counselling and treatment or referSet \"HIV test result\"='HIV-negative'Set \"Syphilis test result\"='Syphilis positive'",
      "documentation" : [{
        "type" : "citation",
        "label" : "Consolidated Guidelines on HIV Testing Services. 2019. \nFig. 2 WHO universal HIV testing strategy.\n8.4.2 Multiplex testing for HIV-1 and other infections.\nFigure 8.6 WHO recommended testing strategy for dual detection of HIV and syphilis in ANC settings."
      }],
      "condition" : [{
        "kind" : "applicability",
        "expression" : {
          "description" : "(HIV.E4.DT.02)\n  AND (\"Assay number in testing strategy\"='Assay 1')\n  AND (\"HIV test type\"='Dual HIV/syphilis rapid diagnostic test')\n  AND (\"Test result of HIV assay 1\"='Non-reactive')\n  AND (\"Test result of syphilis assay 1\"='Positive')\n  AND (-)\n  AND (-)\n  AND (-)\n  AND (-)",
          "language" : "text/cql-identifier",
          "expression" : "Should Report as HIV-negativeReport syphilis-positive indicative of either current or past/ resolved infectionPerform syphilis counselling and treatment or referSet \\\"HIV test result\\\"='HIV-negative'Set \\\"Syphilis test result\\\"='Syphilis positive'"
        }
      }],
      "action" : [{
        "title" : "Report as HIV-negativeReport syphilis-positive indicative of either current or past/ resolved infectionPerform syphilis counselling and treatment or referSet \"HIV test result\"='HIV-negative'Set \"Syphilis test result\"='Syphilis positive'"
      },
      {
        "title" : "Report as HIV-negativeReport syphilis-positive indicative of either current or past/ resolved infectionPerform syphilis counselling and treatment or refer"
      }]
    },
    {
      "id" : "3",
      "title" : "Continue to perform HIV Assay 2using \"HIV test type\"='Rapid diagnostic test for HIV'",
      "description" : "Continue to perform HIV Assay 2using \"HIV test type\"='Rapid diagnostic test for HIV'",
      "documentation" : [{
        "type" : "citation",
        "label" : "Consolidated Guidelines on HIV Testing Services. 2019. \nFig. 2 WHO universal HIV testing strategy.\n8.4.2 Multiplex testing for HIV-1 and other infections.\nFigure 8.6 WHO recommended testing strategy for dual detection of HIV and syphilis in ANC settings."
      }],
      "condition" : [{
        "kind" : "applicability",
        "expression" : {
          "description" : "(HIV.E4.DT.03)\n  AND (\"Assay number in testing strategy\"='Assay 1')\n  AND (\"HIV test type\"='Dual HIV/syphilis rapid diagnostic test')\n  AND (\"Test result of HIV assay 1\"='Reactive')\n  AND (\"Test result of syphilis assay 1\"='Negative')\n  AND (-)\n  AND (-)\n  AND (-)\n  AND (-)",
          "language" : "text/cql-identifier",
          "expression" : "Should Continue to perform HIV Assay 2using \\\"HIV test type\\\"='Rapid diagnostic test for HIV'"
        }
      }],
      "action" : [{
        "title" : "Continue to perform HIV Assay 2using \"HIV test type\"='Rapid diagnostic test for HIV'"
      },
      {
        "title" : "Continue to perform HIV Assay 2 using a rapid diagnostic test for HIV."
      }]
    },
    {
      "id" : "4",
      "title" : "Report as syphilis positiveContinue to perform HIV Assay 2using \"HIV test type\"='Rapid diagnostic test for HIV'Set \"Syphilis test result\"='Syphilis positive'Syphilis counselling and treatment = TRUE",
      "description" : "Report as syphilis positiveContinue to perform HIV Assay 2using \"HIV test type\"='Rapid diagnostic test for HIV'Set \"Syphilis test result\"='Syphilis positive'Syphilis counselling and treatment = TRUE",
      "documentation" : [{
        "type" : "citation",
        "label" : "Consolidated Guidelines on HIV Testing Services. 2019. \nFig. 2 WHO universal HIV testing strategy.\n8.4.2 Multiplex testing for HIV-1 and other infections.\nFigure 8.6 WHO recommended testing strategy for dual detection of HIV and syphilis in ANC settings."
      }],
      "condition" : [{
        "kind" : "applicability",
        "expression" : {
          "description" : "(HIV.E4.DT.04)\n  AND (\"Assay number in testing strategy\"='Assay 1')\n  AND (\"HIV test type\"='Dual HIV/syphilis rapid diagnostic test')\n  AND (\"Test result of HIV assay 1\"='Reactive')\n  AND (\"Test result of syphilis assay 1\"='Positive')\n  AND (-)\n  AND (-)\n  AND (-)\n  AND (-)",
          "language" : "text/cql-identifier",
          "expression" : "Should Report as syphilis positiveContinue to perform HIV Assay 2using \\\"HIV test type\\\"='Rapid diagnostic test for HIV'Set \\\"Syphilis test result\\\"='Syphilis positive'Syphilis counselling and treatment = TRUE"
        }
      }],
      "action" : [{
        "title" : "Report as syphilis positiveContinue to perform HIV Assay 2using \"HIV test type\"='Rapid diagnostic test for HIV'Set \"Syphilis test result\"='Syphilis positive'Syphilis counselling and treatment = TRUE"
      },
      {
        "title" : "Perform Assay 2 with an HIV-only testReport syphilis-positive indicative of either current or past/ resolved infectionPerform syphilis counselling and treatment or refer."
      }]
    },
    {
      "id" : "5",
      "title" : "Continue to perform HIV 'Assay 1 repeated'using \"HIV test type\"='Dual HIV/syphilis rapid diagnostic test'",
      "description" : "Continue to perform HIV 'Assay 1 repeated'using \"HIV test type\"='Dual HIV/syphilis rapid diagnostic test'",
      "documentation" : [{
        "type" : "citation",
        "label" : "Consolidated Guidelines on HIV Testing Services. 2019. \nFig. 2 WHO universal HIV testing strategy.\n8.4.2 Multiplex testing for HIV-1 and other infections.\nFigure 8.6 WHO recommended testing strategy for dual detection of HIV and syphilis in ANC settings."
      }],
      "condition" : [{
        "kind" : "applicability",
        "expression" : {
          "description" : "((HIV.E4.DT.05)\n  AND (\"Assay number in testing strategy\"='Assay 2')\n  AND (\"HIV test type\" IN 'Rapid diagnostic test for HIV', 'Enzyme immunoassay for HIV')\n  AND (\"Test result of HIV assay 1\"='Reactive')\n  AND (\"Test result of syphilis assay 1\"='Negative')\n  AND (\"Test result of HIV assay 2\"='Non-reactive')\n  AND (-)\n  AND (-)\n  AND (-))\n  OR ((HIV.E4.DT.06)\n  AND (\"Assay number in testing strategy\"='Assay 2')\n  AND (\"HIV test type\" IN 'Rapid diagnostic test for HIV', 'Enzyme immunoassay for HIV')\n  AND (\"Test result of HIV assay 1\"='Reactive')\n  AND (\"Test result of syphilis assay 1\"='Positive')\n  AND (\"Test result of HIV assay 2\"='Non-reactive')\n  AND (-)\n  AND (-)\n  AND (-))",
          "language" : "text/cql-identifier",
          "expression" : "Should Continue to perform HIV 'Assay 1 repeated'using \\\"HIV test type\\\"='Dual HIV/syphilis rapid diagnostic test'"
        }
      }],
      "action" : [{
        "title" : "Continue to perform HIV 'Assay 1 repeated'using \"HIV test type\"='Dual HIV/syphilis rapid diagnostic test'"
      },
      {
        "title" : "Repeat Assay 1 with a Dual HIV/syphilis rapid diagnostic test"
      }]
    },
    {
      "id" : "6",
      "title" : "Continue to perform HIV 'Assay 3'using \"HIV test type\"='Rapid diagnostic test for HIV'",
      "description" : "Continue to perform HIV 'Assay 3'using \"HIV test type\"='Rapid diagnostic test for HIV'",
      "textEquivalent" : "A negative syphilis test result should have already been recorded.",
      "documentation" : [{
        "type" : "citation",
        "label" : "Consolidated Guidelines on HIV Testing Services. 2019. \nFig. 2 WHO universal HIV testing strategy.\n8.4.2 Multiplex testing for HIV-1 and other infections.\nFigure 8.6 WHO recommended testing strategy for dual detection of HIV and syphilis in ANC settings."
      }],
      "condition" : [{
        "kind" : "applicability",
        "expression" : {
          "description" : "(HIV.E4.DT.07)\n  AND (\"Assay number in testing strategy\"='Assay 2')\n  AND (\"HIV test type\" IN 'Rapid diagnostic test for HIV', 'Enzyme immunoassay for HIV')\n  AND (\"Test result of HIV assay 1\"='Reactive')\n  AND (\"Test result of syphilis assay 1\"='Negative')\n  AND (\"Test result of HIV assay 2\"='Reactive')\n  AND (-)\n  AND (-)\n  AND (-)",
          "language" : "text/cql-identifier",
          "expression" : "Should Continue to perform HIV 'Assay 3'using \\\"HIV test type\\\"='Rapid diagnostic test for HIV'"
        }
      }],
      "action" : [{
        "title" : "Continue to perform HIV 'Assay 3'using \"HIV test type\"='Rapid diagnostic test for HIV'"
      },
      {
        "title" : "Perform Assay 3 with an HIV-only test"
      }]
    },
    {
      "id" : "7",
      "title" : "Continue to perform HIV 'Assay 3'using \"HIV test type\"='Rapid diagnostic test for HIV'",
      "description" : "Continue to perform HIV 'Assay 3'using \"HIV test type\"='Rapid diagnostic test for HIV' 2",
      "textEquivalent" : "A positive syphilis test result should have already been recorded.",
      "documentation" : [{
        "type" : "citation",
        "label" : "Consolidated Guidelines on HIV Testing Services. 2019. \nFig. 2 WHO universal HIV testing strategy.\n8.4.2 Multiplex testing for HIV-1 and other infections.\nFigure 8.6 WHO recommended testing strategy for dual detection of HIV and syphilis in ANC settings."
      }],
      "condition" : [{
        "kind" : "applicability",
        "expression" : {
          "description" : "(HIV.E4.DT.08)\n  AND (\"Assay number in testing strategy\"='Assay 2')\n  AND (\"HIV test type\" IN 'Rapid diagnostic test for HIV', 'Enzyme immunoassay for HIV')\n  AND (\"Test result of HIV assay 1\"='Reactive')\n  AND (\"Test result of syphilis assay 1\"='Positive')\n  AND (\"Test result of HIV assay 2\"='Reactive')\n  AND (-)\n  AND (-)\n  AND (-)",
          "language" : "text/cql-identifier",
          "expression" : "Should Continue to perform HIV 'Assay 3'using \\\"HIV test type\\\"='Rapid diagnostic test for HIV' 2"
        }
      }],
      "action" : [{
        "title" : "Continue to perform HIV 'Assay 3'using \"HIV test type\"='Rapid diagnostic test for HIV'"
      },
      {
        "title" : "Perform Assay 3 with an HIV-only test."
      }]
    },
    {
      "id" : "8",
      "title" : "Report as HIV-inconclusiveSchedule follow-up testing visit in 14 daysReport as syphilis negativeSet \"HIV test result\"='HIV-inconclusive'Schedule retest on \"Visit date\" + 14 daysSet \"Syphilis test result\"='Syphilis negative'",
      "description" : "Report as HIV-inconclusiveSchedule follow-up testing visit in 14 daysReport as syphilis negativeSet \"HIV test result\"='HIV-inconclusive'Schedule retest on \"Visit date\" + 14 daysSet \"Syphilis test result\"='Syphilis negative'",
      "textEquivalent" : "A positive syphilis test result should have already been recorded.",
      "documentation" : [{
        "type" : "citation",
        "label" : "Consolidated Guidelines on HIV Testing Services. 2019. \nFig. 2 WHO universal HIV testing strategy.\n8.4.2 Multiplex testing for HIV-1 and other infections.\nFigure 8.6 WHO recommended testing strategy for dual detection of HIV and syphilis in ANC settings."
      }],
      "condition" : [{
        "kind" : "applicability",
        "expression" : {
          "description" : "(HIV.E4.DT.09)\n  AND (\"Assay number in testing strategy\"='Assay 3')\n  AND (\"HIV test type\" IN 'Rapid diagnostic test for HIV', 'Enzyme immunoassay for HIV')\n  AND (\"Test result of HIV assay 1\"='Reactive')\n  AND (\"Test result of syphilis assay 1\"='Negative')\n  AND (\"Test result of HIV assay 2\"='Reactive')\n  AND (\"Test result of HIV assay 3\"='Non-reactive')\n  AND (-)\n  AND (-)",
          "language" : "text/cql-identifier",
          "expression" : "Should Report as HIV-inconclusiveSchedule follow-up testing visit in 14 daysReport as syphilis negativeSet \\\"HIV test result\\\"='HIV-inconclusive'Schedule retest on \\\"Visit date\\\" + 14 daysSet \\\"Syphilis test result\\\"='Syphilis negative'"
        }
      }],
      "action" : [{
        "title" : "Report as HIV-inconclusiveSchedule follow-up testing visit in 14 daysReport as syphilis negativeSet \"HIV test result\"='HIV-inconclusive'Schedule retest on \"Visit date\" + 14 daysSet \"Syphilis test result\"='Syphilis negative'"
      },
      {
        "title" : "Report as HIV-inconclusiveSchedule follow-up testing visit in 14 daysReport as syphilis negative"
      }]
    },
    {
      "id" : "9",
      "title" : "Report as HIV-positiveReport as syphilis negativeSet \"HIV test result\"='HIV-positive'Set \"Syphilis test result\"='Syphilis negative'",
      "description" : "Report as HIV-positiveReport as syphilis negativeSet \"HIV test result\"='HIV-positive'Set \"Syphilis test result\"='Syphilis negative'",
      "textEquivalent" : "A positive syphilis test result should have already been recorded.",
      "documentation" : [{
        "type" : "citation",
        "label" : "Consolidated Guidelines on HIV Testing Services. 2019. \nFig. 2 WHO universal HIV testing strategy.\n8.4.2 Multiplex testing for HIV-1 and other infections.\nFigure 8.6 WHO recommended testing strategy for dual detection of HIV and syphilis in ANC settings."
      }],
      "condition" : [{
        "kind" : "applicability",
        "expression" : {
          "description" : "(HIV.E4.DT.10)\n  AND (\"Assay number in testing strategy\"='Assay 3')\n  AND (\"HIV test type\" IN 'Rapid diagnostic test for HIV', 'Enzyme immunoassay for HIV')\n  AND (\"Test result of HIV assay 1\"='Reactive')\n  AND (\"Test result of syphilis assay 1\"='Negative')\n  AND (\"Test result of HIV assay 2\"='Reactive')\n  AND (\"Test result of HIV assay 3\"='Reactive')\n  AND (-)\n  AND (-)",
          "language" : "text/cql-identifier",
          "expression" : "Should Report as HIV-positiveReport as syphilis negativeSet \\\"HIV test result\\\"='HIV-positive'Set \\\"Syphilis test result\\\"='Syphilis negative'"
        }
      }],
      "action" : [{
        "title" : "Report as HIV-positiveReport as syphilis negativeSet \"HIV test result\"='HIV-positive'Set \"Syphilis test result\"='Syphilis negative'"
      },
      {
        "title" : "Report as HIV-positiveReport as syphilis negative"
      }]
    },
    {
      "id" : "10",
      "title" : "Report as HIV-inconclusiveSchedule follow-up testing visit in 14 daysReport as syphilis positivePerform syphilis counselling and treatment or referSet \"HIV test result\"='HIV-inconclusive'Schedule retest on \"Visit date\" + 14 daysSet \"Syphilis test result\"='Syphilis positive'Set \"Syphilis counselling and treatment\"=True",
      "description" : "Report as HIV-inconclusiveSchedule follow-up testing visit in 14 daysReport as syphilis positivePerform syphilis counselling and treatment or referSet \"HIV test result\"='HIV-inconclusive'Schedule retest on \"Visit date\" + 14 daysSet \"Syphilis test result\"='Syphilis positive'Set \"Syphilis counselling and treatment\"=True",
      "textEquivalent" : "A positive syphilis test result should have already been recorded.",
      "documentation" : [{
        "type" : "citation",
        "label" : "Consolidated Guidelines on HIV Testing Services. 2019. \nFig. 2 WHO universal HIV testing strategy.\n8.4.2 Multiplex testing for HIV-1 and other infections.\nFigure 8.6 WHO recommended testing strategy for dual detection of HIV and syphilis in ANC settings."
      }],
      "condition" : [{
        "kind" : "applicability",
        "expression" : {
          "description" : "(HIV.E4.DT.11)\n  AND (\"Assay number in testing strategy\"='Assay 3')\n  AND (\"HIV test type\" IN 'Rapid diagnostic test for HIV', 'Enzyme immunoassay for HIV')\n  AND (\"Test result of HIV assay 1\"='Reactive')\n  AND (\"Test result of syphilis assay 1\"='Positive')\n  AND (\"Test result of HIV assay 2\"='Reactive')\n  AND (\"Test result of HIV assay 3\"='Non-reactive')\n  AND (-)\n  AND (-)",
          "language" : "text/cql-identifier",
          "expression" : "Should Report as HIV-inconclusiveSchedule follow-up testing visit in 14 daysReport as syphilis positivePerform syphilis counselling and treatment or referSet \\\"HIV test result\\\"='HIV-inconclusive'Schedule retest on \\\"Visit date\\\" + 14 daysSet \\\"Syphilis test result\\\"='Syphilis positive'Set \\\"Syphilis counselling and treatment\\\"=True"
        }
      }],
      "action" : [{
        "title" : "Report as HIV-inconclusiveSchedule follow-up testing visit in 14 daysReport as syphilis positivePerform syphilis counselling and treatment or referSet \"HIV test result\"='HIV-inconclusive'Schedule retest on \"Visit date\" + 14 daysSet \"Syphilis test result\"='Syphilis positive'Set \"Syphilis counselling and treatment\"=True"
      },
      {
        "title" : "Report as HIV-inconclusiveSchedule follow-up testing visit in 14 daysReport syphilis-positive indicative of either current or past/ resolved infectionPerform syphilis counselling and treatment or refer"
      }]
    },
    {
      "id" : "11",
      "title" : "Report as HIV-positiveReport as syphilis positivePerform syphilis counselling and treatment or referSet \"HIV test result\"='HIV-positive'Set \"Syphilis test result\"='Syphilis positive'Set \"Syphilis counselling and treatment\"=True",
      "description" : "Report as HIV-positiveReport as syphilis positivePerform syphilis counselling and treatment or referSet \"HIV test result\"='HIV-positive'Set \"Syphilis test result\"='Syphilis positive'Set \"Syphilis counselling and treatment\"=True",
      "textEquivalent" : "A positive syphilis test result should have already been recorded.",
      "documentation" : [{
        "type" : "citation",
        "label" : "Consolidated Guidelines on HIV Testing Services. 2019. \nFig. 2 WHO universal HIV testing strategy.\n8.4.2 Multiplex testing for HIV-1 and other infections.\nFigure 8.6 WHO recommended testing strategy for dual detection of HIV and syphilis in ANC settings."
      }],
      "condition" : [{
        "kind" : "applicability",
        "expression" : {
          "description" : "(HIV.E4.DT.12)\n  AND (\"Assay number in testing strategy\"='Assay 3')\n  AND (\"HIV test type\" IN 'Rapid diagnostic test for HIV', 'Enzyme immunoassay for HIV')\n  AND (\"Test result of HIV assay 1\"='Reactive')\n  AND (\"Test result of syphilis assay 1\"='Positive')\n  AND (\"Test result of HIV assay 2\"='Reactive')\n  AND (\"Test result of HIV assay 3\"='Reactive')\n  AND (-)\n  AND (-)",
          "language" : "text/cql-identifier",
          "expression" : "Should Report as HIV-positiveReport as syphilis positivePerform syphilis counselling and treatment or referSet \\\"HIV test result\\\"='HIV-positive'Set \\\"Syphilis test result\\\"='Syphilis positive'Set \\\"Syphilis counselling and treatment\\\"=True"
        }
      }],
      "action" : [{
        "title" : "Report as HIV-positiveReport as syphilis positivePerform syphilis counselling and treatment or referSet \"HIV test result\"='HIV-positive'Set \"Syphilis test result\"='Syphilis positive'Set \"Syphilis counselling and treatment\"=True"
      },
      {
        "title" : "Report as HIV-positiveReport syphilis-positive indicative of either current or past/ resolved infectionPerform syphilis counselling and treatment or refer"
      }]
    },
    {
      "id" : "12",
      "title" : "Report as HIV negativeReport as syphilis negativeSet \"HIV test result\"='HIV-negative'Set \"Syphilis test result\"='Syphilis negative'",
      "description" : "Report as HIV negativeReport as syphilis negativeSet \"HIV test result\"='HIV-negative'Set \"Syphilis test result\"='Syphilis negative'",
      "textEquivalent" : "If A1 or Repeat A1 is TP reactive, report syphilis- positive, indicative of either a current or past/ resolved infection.\nIf A1 and Repeat A1 is TP nonreactive, report syphilis-negative.",
      "documentation" : [{
        "type" : "citation",
        "label" : "Consolidated Guidelines on HIV Testing Services. 2019. \nFig. 2 WHO universal HIV testing strategy.\n8.4.2 Multiplex testing for HIV-1 and other infections.\nFigure 8.6 WHO recommended testing strategy for dual detection of HIV and syphilis in ANC settings."
      }],
      "condition" : [{
        "kind" : "applicability",
        "expression" : {
          "description" : "(HIV.E4.DT.11)\n  AND (\"Assay number in testing strategy\"='Assay 1 repeated')\n  AND (\"HIV test type\"='Dual HIV/syphilis rapid diagnostic test')\n  AND (\"Test result of HIV assay 1\"='Reactive')\n  AND (\"Test result of syphilis assay 1\"='Syphilis negative')\n  AND (\"Test result of HIV assay 2\"='Non-reactive')\n  AND (-)\n  AND (\"Test result of HIV assay 1 repeated\"='Non-reactive')\n  AND (\"Test result of syphilis assay 1 repeated\"='Syphilis negative')",
          "language" : "text/cql-identifier",
          "expression" : "Should Report as HIV negativeReport as syphilis negativeSet \\\"HIV test result\\\"='HIV-negative'Set \\\"Syphilis test result\\\"='Syphilis negative'"
        }
      }],
      "action" : [{
        "title" : "Report as HIV negativeReport as syphilis negativeSet \"HIV test result\"='HIV-negative'Set \"Syphilis test result\"='Syphilis negative'"
      },
      {
        "title" : "Report as HIV negativeReport as syphilis negative"
      }]
    },
    {
      "id" : "13",
      "title" : "Report HIV negativeReport as syphilis positivePerform syphilis counselling and treatment or referSet \"HIV test result\"='HIV-negative'Set \"Syphilis test result\"='Syphilis positive'Set \"Syphilis counselling and treatment\"=True",
      "description" : "Report HIV negativeReport as syphilis positivePerform syphilis counselling and treatment or referSet \"HIV test result\"='HIV-negative'Set \"Syphilis test result\"='Syphilis positive'Set \"Syphilis counselling and treatment\"=True",
      "textEquivalent" : "If A1 or Repeat A1 is TP reactive, report syphilis- positive, indicative of either a current or past/resolved infection\nIf A1 and Repeat A1 is TP nonreactive, report syphilis-negative",
      "documentation" : [{
        "type" : "citation",
        "label" : "Consolidated Guidelines on HIV Testing Services. 2019. \nFig. 2 WHO universal HIV testing strategy.\n8.4.2 Multiplex testing for HIV-1 and other infections.\nFigure 8.6 WHO recommended testing strategy for dual detection of HIV and syphilis in ANC settings."
      }],
      "condition" : [{
        "kind" : "applicability",
        "expression" : {
          "description" : "(HIV.E4.DT.12)\n  AND (\"Assay number in testing strategy\"='Assay 1 repeated')\n  AND (\"HIV test type\"='Dual HIV/syphilis rapid diagnostic test')\n  AND (\"Test result of HIV assay 1\"='Reactive')\n  AND (\"Test result of syphilis assay 1\"='Syphilis negative')\n  AND (\"Test result of HIV assay 2\"='Non-reactive')\n  AND (-)\n  AND (\"Test result of HIV assay 1 repeated\"='Non-reactive')\n  AND (\"Test result of syphilis assay 1 repeated\"='Syphilis positive')",
          "language" : "text/cql-identifier",
          "expression" : "Should Report HIV negativeReport as syphilis positivePerform syphilis counselling and treatment or referSet \\\"HIV test result\\\"='HIV-negative'Set \\\"Syphilis test result\\\"='Syphilis positive'Set \\\"Syphilis counselling and treatment\\\"=True"
        }
      }],
      "action" : [{
        "title" : "Report HIV negativeReport as syphilis positivePerform syphilis counselling and treatment or referSet \"HIV test result\"='HIV-negative'Set \"Syphilis test result\"='Syphilis positive'Set \"Syphilis counselling and treatment\"=True"
      },
      {
        "title" : "Report HIV negativeReport syphilis-positive indicative of either current or past/ resolved infectionPerform syphilis counselling and treatment or refer"
      }]
    },
    {
      "id" : "14",
      "title" : "Report as HIV-inconclusiveSchedule follow-up testing visit in 14 daysReport as syphilis negativeSet \"HIV test result\"='HIV-inconclusive'Set \"Syphilis test result\"='Syphilis negative'Recommended follow-up date = \"Visit date\" + 14 days",
      "description" : "Report as HIV-inconclusiveSchedule follow-up testing visit in 14 daysReport as syphilis negativeSet \"HIV test result\"='HIV-inconclusive'Set \"Syphilis test result\"='Syphilis negative'Recommended follow-up date = \"Visit date\" + 14 days",
      "textEquivalent" : "If A1 or Repeat A1 is TP reactive, report syphilis- positive, indicative of either a current or past/resolved infection\nIf A1 and Repeat A1 is TP nonreactive, report syphilis-negative",
      "documentation" : [{
        "type" : "citation",
        "label" : "Consolidated Guidelines on HIV Testing Services. 2019. \nFig. 2 WHO universal HIV testing strategy.\n8.4.2 Multiplex testing for HIV-1 and other infections.\nFigure 8.6 WHO recommended testing strategy for dual detection of HIV and syphilis in ANC settings."
      }],
      "condition" : [{
        "kind" : "applicability",
        "expression" : {
          "description" : "(HIV.E4.DT.13)\n  AND (\"Assay number in testing strategy\"='Assay 1 repeated')\n  AND (\"HIV test type\"='Dual HIV/syphilis rapid diagnostic test')\n  AND (\"Test result of HIV assay 1\"='Reactive')\n  AND (\"Test result of syphilis assay 1\"='Syphilis negative')\n  AND (\"Test result of HIV assay 2\"='Non-reactive')\n  AND (-)\n  AND (\"Test result of HIV assay 1 repeated\"='Reactive')\n  AND (\"Test result of syphilis assay 1 repeated\"='Syphilis negative')",
          "language" : "text/cql-identifier",
          "expression" : "Should Report as HIV-inconclusiveSchedule follow-up testing visit in 14 daysReport as syphilis negativeSet \\\"HIV test result\\\"='HIV-inconclusive'Set \\\"Syphilis test result\\\"='Syphilis negative'Recommended follow-up date = \\\"Visit date\\\" + 14 days"
        }
      }],
      "action" : [{
        "title" : "Report as HIV-inconclusiveSchedule follow-up testing visit in 14 daysReport as syphilis negativeSet \"HIV test result\"='HIV-inconclusive'Set \"Syphilis test result\"='Syphilis negative'Recommended follow-up date = \"Visit date\" + 14 days"
      },
      {
        "title" : "Report as HIV-inconclusiveSchedule follow-up testing visit in 14 daysReport as syphilis negative"
      }]
    },
    {
      "id" : "15",
      "title" : "Report as HIV-inconclusiveSchedule follow-up testing visit in 14 daysReport as syphilis positivePerform syphilis counselling and treatment or referSet \"HIV test result\"='HIV-inconclusive'Set \"Syphilis test result\"='Syphilis positive'Recommended follow-up date = \"Visit date\" + 14 daysSet \"Syphilis counselling and treatment\"=True",
      "description" : "Report as HIV-inconclusiveSchedule follow-up testing visit in 14 daysReport as syphilis positivePerform syphilis counselling and treatment or referSet \"HIV test result\"='HIV-inconclusive'Set \"Syphilis test result\"='Syphilis positive'Recommended follow-up date = \"Visit date\" + 14 daysSet \"Syphilis counselling and treatment\"=True",
      "textEquivalent" : "If A1 or Repeat A1 is TP reactive, report syphilis- positive, indicative of either a current or past/resolved infection\nIf A1 and Repeat A1 is TP nonreactive, report syphilis-negative",
      "documentation" : [{
        "type" : "citation",
        "label" : "Consolidated Guidelines on HIV Testing Services. 2019. \nFig. 2 WHO universal HIV testing strategy.\n8.4.2 Multiplex testing for HIV-1 and other infections.\nFigure 8.6 WHO recommended testing strategy for dual detection of HIV and syphilis in ANC settings."
      }],
      "condition" : [{
        "kind" : "applicability",
        "expression" : {
          "description" : "(HIV.E4.DT.14)\n  AND (\"Assay number in testing strategy\"='Assay 1 repeated')\n  AND (\"HIV test type\"='Dual HIV/syphilis rapid diagnostic test')\n  AND (\"Test result of HIV assay 1\"='Reactive')\n  AND (\"Test result of syphilis assay 1\"='Syphilis negative')\n  AND (\"Test result of HIV assay 2\"='Non-reactive')\n  AND (-)\n  AND (\"Test result of HIV assay 1 repeated\"='Reactive')\n  AND (\"Test result of syphilis assay 1 repeated\"='Syphilis positive')",
          "language" : "text/cql-identifier",
          "expression" : "Should Report as HIV-inconclusiveSchedule follow-up testing visit in 14 daysReport as syphilis positivePerform syphilis counselling and treatment or referSet \\\"HIV test result\\\"='HIV-inconclusive'Set \\\"Syphilis test result\\\"='Syphilis positive'Recommended follow-up date = \\\"Visit date\\\" + 14 daysSet \\\"Syphilis counselling and treatment\\\"=True"
        }
      }],
      "action" : [{
        "title" : "Report as HIV-inconclusiveSchedule follow-up testing visit in 14 daysReport as syphilis positivePerform syphilis counselling and treatment or referSet \"HIV test result\"='HIV-inconclusive'Set \"Syphilis test result\"='Syphilis positive'Recommended follow-up date = \"Visit date\" + 14 daysSet \"Syphilis counselling and treatment\"=True"
      },
      {
        "title" : "Report as HIV-inconclusiveSchedule follow-up testing visit in 14 daysReport syphilis-positive indicative of either current or past/ resolved infectionPerform syphilis counselling and treatment or refer"
      }]
    },
    {
      "id" : "16",
      "title" : "Report HIV negativeReport as syphilis positivePerform syphilis counselling and treatment or referSet \"HIV test result\"='HIV-negative'Set \"Syphilis test result\"='Syphilis positive'Set \"Syphilis counselling and treatment\"=True",
      "description" : "Report HIV negativeReport as syphilis positivePerform syphilis counselling and treatment or referSet \"HIV test result\"='HIV-negative'Set \"Syphilis test result\"='Syphilis positive'Set \"Syphilis counselling and treatment\"=True 2",
      "textEquivalent" : "If A1 or Repeat A1 is TP reactive, report syphilis- positive, indicative of either a current or past/resolved infection\nIf A1 and Repeat A1 is TP nonreactive, report syphilis-negative",
      "documentation" : [{
        "type" : "citation",
        "label" : "Consolidated Guidelines on HIV Testing Services. 2019. \nFig. 2 WHO universal HIV testing strategy.\n8.4.2 Multiplex testing for HIV-1 and other infections.\nFigure 8.6 WHO recommended testing strategy for dual detection of HIV and syphilis in ANC settings."
      }],
      "condition" : [{
        "kind" : "applicability",
        "expression" : {
          "description" : "((HIV.E4.DT.15)\n  AND (\"Assay number in testing strategy\"='Assay 1 repeated')\n  AND (\"HIV test type\"='Dual HIV/syphilis rapid diagnostic test')\n  AND (\"Test result of HIV assay 1\"='Reactive')\n  AND (\"Test result of syphilis assay 1\"='Positive')\n  AND (\"Test result of HIV assay 2\"='Non-reactive')\n  AND (-)\n  AND (\"Test result of HIV assay 1 repeated\"='Non-reactive')\n  AND (\"Test result of syphilis assay 1 repeated\"='Syphilis negative'))\n  OR ((HIV.E4.DT.16)\n  AND (\"Assay number in testing strategy\"='Assay 1 repeated')\n  AND (\"HIV test type\"='Dual HIV/syphilis rapid diagnostic test')\n  AND (\"Test result of HIV assay 1\"='Reactive')\n  AND (\"Test result of syphilis assay 1\"='Positive')\n  AND (\"Test result of HIV assay 2\"='Non-reactive')\n  AND (-)\n  AND (\"Test result of HIV assay 1 repeated\"='Non-reactive')\n  AND (\"Test result of syphilis assay 1 repeated\"='Syphilis positive'))",
          "language" : "text/cql-identifier",
          "expression" : "Should Report HIV negativeReport as syphilis positivePerform syphilis counselling and treatment or referSet \\\"HIV test result\\\"='HIV-negative'Set \\\"Syphilis test result\\\"='Syphilis positive'Set \\\"Syphilis counselling and treatment\\\"=True 2"
        }
      }],
      "action" : [{
        "title" : "Report HIV negativeReport as syphilis positivePerform syphilis counselling and treatment or referSet \"HIV test result\"='HIV-negative'Set \"Syphilis test result\"='Syphilis positive'Set \"Syphilis counselling and treatment\"=True"
      },
      {
        "title" : "Report HIV negativeReport syphilis-positive indicative of either current or past/ resolved infectionPerform syphilis counselling and treatment or refer"
      }]
    },
    {
      "id" : "17",
      "title" : "Report as HIV-inconclusiveSchedule follow-up testing visit in 14 daysReport as syphilis positivePerform syphilis counselling and treatment or referSet \"HIV test result\"='HIV-inconclusive'Set \"Syphilis test result\"='Syphilis positive'Recommended follow-up date = \"Visit date\" + 14 days",
      "description" : "Report as HIV-inconclusiveSchedule follow-up testing visit in 14 daysReport as syphilis positivePerform syphilis counselling and treatment or referSet \"HIV test result\"='HIV-inconclusive'Set \"Syphilis test result\"='Syphilis positive'Recommended follow-up date = \"Visit date\" + 14 days",
      "textEquivalent" : "If A1 or Repeat A1 is TP reactive, report syphilis- positive, indicative of either current or past/ resolved infection\nIf A1 and Repeat A1 is TP nonreactive, report syphilis-negative",
      "documentation" : [{
        "type" : "citation",
        "label" : "Consolidated Guidelines on HIV Testing Services. 2019. \nFig. 2 WHO universal HIV testing strategy.\n8.4.2 Multiplex testing for HIV-1 and other infections.\nFigure 8.6 WHO recommended testing strategy for dual detection of HIV and syphilis in ANC settings."
      }],
      "condition" : [{
        "kind" : "applicability",
        "expression" : {
          "description" : "((HIV.E4.DT.17)\n  AND (\"Assay number in testing strategy\"='Assay 1 repeated')\n  AND (\"HIV test type\"='Dual HIV/syphilis rapid diagnostic test')\n  AND (\"Test result of HIV assay 1\"='Reactive')\n  AND (\"Test result of syphilis assay 1\"='Positive')\n  AND (\"Test result of HIV assay 2\"='Non-reactive')\n  AND (-)\n  AND (\"Test result of HIV assay 1 repeated\"='Reactive')\n  AND (\"Test result of syphilis assay 1 repeated\"='Syphilis negative'))\n  OR ((HIV.E4.DT.18)\n  AND (\"Assay number in testing strategy\"='Assay 1 repeated')\n  AND (\"HIV test type\"='Dual HIV/syphilis rapid diagnostic test')\n  AND (\"Test result of HIV assay 1\"='Reactive')\n  AND (\"Test result of syphilis assay 1\"='Positive')\n  AND (\"Test result of HIV assay 2\"='Non-reactive')\n  AND (-)\n  AND (\"Test result of HIV assay 1 repeated\"='Reactive')\n  AND (\"Test result of syphilis assay 1 repeated\"='Syphilis positive'))",
          "language" : "text/cql-identifier",
          "expression" : "Should Report as HIV-inconclusiveSchedule follow-up testing visit in 14 daysReport as syphilis positivePerform syphilis counselling and treatment or referSet \\\"HIV test result\\\"='HIV-inconclusive'Set \\\"Syphilis test result\\\"='Syphilis positive'Recommended follow-up date = \\\"Visit date\\\" + 14 days"
        }
      }],
      "action" : [{
        "title" : "Report as HIV-inconclusiveSchedule follow-up testing visit in 14 daysReport as syphilis positivePerform syphilis counselling and treatment or referSet \"HIV test result\"='HIV-inconclusive'Set \"Syphilis test result\"='Syphilis positive'Recommended follow-up date = \"Visit date\" + 14 days"
      },
      {
        "title" : "Report as HIV-inconclusiveSchedule follow-up testing visit in 14 daysReport syphilis-positive indicative of either current or past/ resolved infectionPerform syphilis counselling and treatment or refer"
      }]
    }]
  }]
}