{
  "resourceType" : "ValueSet",
  "id" : "HIV.E.DE234",
  "meta" : {
    "profile" : ["http://hl7.org/fhir/uv/crmi/StructureDefinition/crmi-shareablevalueset",
    "http://hl7.org/fhir/uv/crmi/StructureDefinition/crmi-publishablevalueset",
    "http://hl7.org/fhir/uv/crmi/StructureDefinition/crmi-computablevalueset"]
  },
  "text" : {
    "status" : "extensions",
    "div" : "<div xmlns=\"http://www.w3.org/1999/xhtml\"><p class=\"res-header-id\"><b>Generated Narrative: ValueSet HIV.E.DE234</b></p><a name=\"HIV.E.DE234\"> </a><a name=\"hcHIV.E.DE234\"> </a><a name=\"hcHIV.E.DE234-en-US\"> </a><ul><li>Include these codes as defined in <a href=\"CodeSystem-HIVConcepts.html\"><code>http://smart.who.int/hiv/CodeSystem/HIVConcepts</code></a><table class=\"none\"><tr><td style=\"white-space:nowrap\"><b>Code</b></td><td><b>Display</b></td><td><b>Definition</b></td></tr><tr><td><a href=\"CodeSystem-HIVConcepts.html#HIVConcepts-HIV.46E.46DE235\">HIV.E.DE235</a></td><td>Lost to follow-up</td><td>Twenty-eight days or more since last missed appointment</td></tr><tr><td><a href=\"CodeSystem-HIVConcepts.html#HIVConcepts-HIV.46E.46DE236\">HIV.E.DE236</a></td><td>Transferred out</td><td>The client transferred to another facility</td></tr><tr><td><a href=\"CodeSystem-HIVConcepts.html#HIVConcepts-HIV.46E.46DE237\">HIV.E.DE237</a></td><td>Death (documented)</td><td>People living with HIV previously on ART who are confirmed to have died from any cause</td></tr><tr><td><a href=\"CodeSystem-HIVConcepts.html#HIVConcepts-HIV.46E.46DE238\">HIV.E.DE238</a></td><td>Refused (stopped) treatment</td><td>Client was contacted and confirmed to have stopped ART</td></tr></table></li></ul></div>"
  },
  "url" : "http://smart.who.int/hiv/ValueSet/HIV.E.DE234",
  "version" : "0.1.0",
  "name" : "HIVEDE234",
  "title" : "HIV-exposed infant reason for unknown final status ValueSet",
  "status" : "active",
  "experimental" : true,
  "date" : "2024-07-01T19:15:43+00:00",
  "publisher" : "WHO",
  "contact" : [{
    "name" : "WHO",
    "telecom" : [{
      "system" : "url",
      "value" : "http://who.int"
    }]
  }],
  "description" : "Value set of the outcome for the infant does not have a final outcome, which may because of death, stopped treatment or lost to follow-up.",
  "compose" : {
    "include" : [{
      "system" : "http://smart.who.int/hiv/CodeSystem/HIVConcepts",
      "concept" : [{
        "code" : "HIV.E.DE235",
        "display" : "Lost to follow-up"
      },
      {
        "code" : "HIV.E.DE236",
        "display" : "Transferred out"
      },
      {
        "code" : "HIV.E.DE237",
        "display" : "Death (documented)"
      },
      {
        "code" : "HIV.E.DE238",
        "display" : "Refused (stopped) treatment"
      }]
    }]
  }
}