{
  "resourceType" : "ValueSet",
  "id" : "HIV.G.DE22",
  "meta" : {
    "profile" : ["http://hl7.org/fhir/uv/crmi/StructureDefinition/crmi-shareablevalueset",
    "http://hl7.org/fhir/uv/crmi/StructureDefinition/crmi-publishablevalueset",
    "http://hl7.org/fhir/uv/crmi/StructureDefinition/crmi-computablevalueset"]
  },
  "text" : {
    "status" : "extensions",
    "div" : "<div xmlns=\"http://www.w3.org/1999/xhtml\"><p class=\"res-header-id\"><b>Generated Narrative: ValueSet HIV.G.DE22</b></p><a name=\"HIV.G.DE22\"> </a><a name=\"hcHIV.G.DE22\"> </a><a name=\"hcHIV.G.DE22-en-US\"> </a><ul><li>Include these codes as defined in <a href=\"CodeSystem-HIVConcepts.html\"><code>http://smart.who.int/hiv/CodeSystem/HIVConcepts</code></a><table class=\"none\"><tr><td style=\"white-space:nowrap\"><b>Code</b></td><td><b>Display</b></td><td><b>Definition</b></td></tr><tr><td><a href=\"CodeSystem-HIVConcepts.html#HIVConcepts-HIV.46G.46DE23\">HIV.G.DE23</a></td><td>Test delayed to next contact or referred</td><td>Test has been delayed to the next contact or client was referred to another provider/facility</td></tr><tr><td><a href=\"CodeSystem-HIVConcepts.html#HIVConcepts-HIV.46G.46DE24\">HIV.G.DE24</a></td><td>Stock-out or expired</td><td>Test out of stock or stock present but expired</td></tr><tr><td><a href=\"CodeSystem-HIVConcepts.html#HIVConcepts-HIV.46G.46DE25\">HIV.G.DE25</a></td><td>Machine or technician not available or machine not functioning</td><td>Test machine or technician is unavailable, or machine is not functioning</td></tr><tr><td><a href=\"CodeSystem-HIVConcepts.html#HIVConcepts-HIV.46G.46DE26\">HIV.G.DE26</a></td><td>Client declined / refused test</td><td>Client declined or refused test being undertaken</td></tr><tr><td><a href=\"CodeSystem-HIVConcepts.html#HIVConcepts-HIV.46G.46DE27\">HIV.G.DE27</a></td><td>Other</td><td>Other reason test not performed</td></tr></table></li></ul></div>"
  },
  "url" : "http://smart.who.int/hiv/ValueSet/HIV.G.DE22",
  "version" : "0.1.0",
  "name" : "HIVGDE22",
  "title" : "Reason Hepatitis B test not conducted ValueSet",
  "status" : "active",
  "experimental" : true,
  "date" : "2024-07-01T19:37:36+00:00",
  "publisher" : "WHO",
  "contact" : [{
    "name" : "WHO",
    "telecom" : [{
      "system" : "url",
      "value" : "http://who.int"
    }]
  }],
  "description" : "Value set of reason why a hepatitis B test was not done",
  "compose" : {
    "include" : [{
      "system" : "http://smart.who.int/hiv/CodeSystem/HIVConcepts",
      "concept" : [{
        "code" : "HIV.G.DE23",
        "display" : "Test delayed to next contact or referred"
      },
      {
        "code" : "HIV.G.DE24",
        "display" : "Stock-out or expired"
      },
      {
        "code" : "HIV.G.DE25",
        "display" : "Machine or technician not available or machine not functioning"
      },
      {
        "code" : "HIV.G.DE26",
        "display" : "Client declined / refused test"
      },
      {
        "code" : "HIV.G.DE27",
        "display" : "Other"
      }]
    }]
  }
}