{
  "resourceType" : "ValueSet",
  "id" : "HIV.D.DE525",
  "meta" : {
    "profile" : ["http://hl7.org/fhir/uv/crmi/StructureDefinition/crmi-shareablevalueset",
    "http://hl7.org/fhir/uv/crmi/StructureDefinition/crmi-publishablevalueset",
    "http://hl7.org/fhir/uv/crmi/StructureDefinition/crmi-computablevalueset"]
  },
  "text" : {
    "status" : "extensions",
    "div" : "<div xmlns=\"http://www.w3.org/1999/xhtml\"><p class=\"res-header-id\"><b>Generated Narrative: ValueSet HIV.D.DE525</b></p><a name=\"HIV.D.DE525\"> </a><a name=\"hcHIV.D.DE525\"> </a><a name=\"hcHIV.D.DE525-en-US\"> </a><ul><li>Include these codes as defined in <a href=\"CodeSystem-HIVConcepts.html\"><code>http://smart.who.int/hiv/CodeSystem/HIVConcepts</code></a><table class=\"none\"><tr><td style=\"white-space:nowrap\"><b>Code</b></td><td><b>Display</b></td><td><b>Definition</b></td></tr><tr><td><a href=\"CodeSystem-HIVConcepts.html#HIVConcepts-HIV.46D.46DE526\">HIV.D.DE526</a></td><td>Clinical visit</td><td>Appointment for clinical care by a provider</td></tr><tr><td><a href=\"CodeSystem-HIVConcepts.html#HIVConcepts-HIV.46D.46DE527\">HIV.D.DE527</a></td><td>Antiretroviral drug pick up</td><td>Appointment for a drug pick up</td></tr><tr><td><a href=\"CodeSystem-HIVConcepts.html#HIVConcepts-HIV.46D.46DE528\">HIV.D.DE528</a></td><td>Post-treatment follow-up visit for cervical precancer lesions or invasive cervical cancer</td><td>Appointment for a post-treatment follow-up visit for cervical precancer lesions or invasive cervical cancer</td></tr><tr><td><a href=\"CodeSystem-HIVConcepts.html#HIVConcepts-HIV.46D.46DE529\">HIV.D.DE529</a></td><td>Other</td><td>Other reason for the follow-up appointment</td></tr></table></li></ul></div>"
  },
  "url" : "http://smart.who.int/hiv/ValueSet/HIV.D.DE525",
  "version" : "0.1.0",
  "name" : "HIVDDE525",
  "title" : "Type of follow-up appointment ValueSet",
  "status" : "active",
  "experimental" : true,
  "date" : "2024-07-01T19:37:36+00:00",
  "publisher" : "WHO",
  "contact" : [{
    "name" : "WHO",
    "telecom" : [{
      "system" : "url",
      "value" : "http://who.int"
    }]
  }],
  "description" : "Value set of whether the visit will be clinical only, ARV drug pick-up or other. Client may have multiple follow-ups scheduled.",
  "compose" : {
    "include" : [{
      "system" : "http://smart.who.int/hiv/CodeSystem/HIVConcepts",
      "concept" : [{
        "code" : "HIV.D.DE526",
        "display" : "Clinical visit"
      },
      {
        "code" : "HIV.D.DE527",
        "display" : "Antiretroviral drug pick up"
      },
      {
        "code" : "HIV.D.DE528",
        "display" : "Post-treatment follow-up visit for cervical precancer lesions or invasive cervical cancer"
      },
      {
        "code" : "HIV.D.DE529",
        "display" : "Other"
      }]
    }]
  }
}