{
  "resourceType" : "ValueSet",
  "id" : "HIV.D.DE65",
  "meta" : {
    "profile" : ["http://hl7.org/fhir/uv/crmi/StructureDefinition/crmi-shareablevalueset",
    "http://hl7.org/fhir/uv/crmi/StructureDefinition/crmi-publishablevalueset",
    "http://hl7.org/fhir/uv/crmi/StructureDefinition/crmi-computablevalueset"]
  },
  "text" : {
    "status" : "extensions",
    "div" : "<div xmlns=\"http://www.w3.org/1999/xhtml\"><p class=\"res-header-id\"><b>Generated Narrative: ValueSet HIV.D.DE65</b></p><a name=\"HIV.D.DE65\"> </a><a name=\"hcHIV.D.DE65\"> </a><a name=\"hcHIV.D.DE65-en-US\"> </a><ul><li>Include these codes as defined in <a href=\"CodeSystem-HIVConcepts.html\"><code>http://smart.who.int/hiv/CodeSystem/HIVConcepts</code></a><table class=\"none\"><tr><td style=\"white-space:nowrap\"><b>Code</b></td><td><b>Display</b></td><td><b>Definition</b></td></tr><tr><td><a href=\"CodeSystem-HIVConcepts.html#HIVConcepts-HIV.46D.46DE66\">HIV.D.DE66</a></td><td>No chronic or past health conditions</td><td>Client does not have chronic diseases or any past health conditions</td></tr><tr><td><a href=\"CodeSystem-HIVConcepts.html#HIVConcepts-HIV.46D.46DE67\">HIV.D.DE67</a></td><td>Don't know</td><td>Client does not know whether she has any chronic diseases or past health conditions</td></tr><tr><td><a href=\"CodeSystem-HIVConcepts.html#HIVConcepts-HIV.46D.46DE68\">HIV.D.DE68</a></td><td>Diabetes other or unspecified</td><td>Client has diabetes of other or unspecified type</td></tr><tr><td><a href=\"CodeSystem-HIVConcepts.html#HIVConcepts-HIV.46D.46DE69\">HIV.D.DE69</a></td><td>Diabetes pre-existing type 1</td><td>Client has pre-existing type 1 diabetes mellitus</td></tr><tr><td><a href=\"CodeSystem-HIVConcepts.html#HIVConcepts-HIV.46D.46DE70\">HIV.D.DE70</a></td><td>Diabetes pre-existing type 2</td><td>Client has pre-existing type 2 diabetes mellitus</td></tr><tr><td><a href=\"CodeSystem-HIVConcepts.html#HIVConcepts-HIV.46D.46DE71\">HIV.D.DE71</a></td><td>Hypertension</td><td>High blood pressure</td></tr><tr><td><a href=\"CodeSystem-HIVConcepts.html#HIVConcepts-HIV.46D.46DE72\">HIV.D.DE72</a></td><td>Other</td><td>Other health conditions not included in the list</td></tr></table></li></ul></div>"
  },
  "url" : "http://smart.who.int/hiv/ValueSet/HIV.D.DE65",
  "version" : "0.1.0",
  "name" : "HIVDDE65",
  "title" : "Existing chronic health conditions ValueSet",
  "status" : "active",
  "experimental" : true,
  "date" : "2024-07-01T19:15:43+00:00",
  "publisher" : "WHO",
  "contact" : [{
    "name" : "WHO",
    "telecom" : [{
      "system" : "url",
      "value" : "http://who.int"
    }]
  }],
  "description" : "Value set of does the client have any current chronic health conditions or problems?",
  "compose" : {
    "include" : [{
      "system" : "http://smart.who.int/hiv/CodeSystem/HIVConcepts",
      "concept" : [{
        "code" : "HIV.D.DE66",
        "display" : "No chronic or past health conditions"
      },
      {
        "code" : "HIV.D.DE67",
        "display" : "Don't know"
      },
      {
        "code" : "HIV.D.DE68",
        "display" : "Diabetes other or unspecified"
      },
      {
        "code" : "HIV.D.DE69",
        "display" : "Diabetes pre-existing type 1"
      },
      {
        "code" : "HIV.D.DE70",
        "display" : "Diabetes pre-existing type 2"
      },
      {
        "code" : "HIV.D.DE71",
        "display" : "Hypertension"
      },
      {
        "code" : "HIV.D.DE72",
        "display" : "Other"
      }]
    }]
  }
}