{
  "resourceType" : "ValueSet",
  "id" : "HIV.G.DE74",
  "meta" : {
    "profile" : ["http://hl7.org/fhir/uv/crmi/StructureDefinition/crmi-shareablevalueset",
    "http://hl7.org/fhir/uv/crmi/StructureDefinition/crmi-publishablevalueset",
    "http://hl7.org/fhir/uv/crmi/StructureDefinition/crmi-computablevalueset"]
  },
  "text" : {
    "status" : "extensions",
    "div" : "<div xmlns=\"http://www.w3.org/1999/xhtml\"><p class=\"res-header-id\"><b>Generated Narrative: ValueSet HIV.G.DE74</b></p><a name=\"HIV.G.DE74\"> </a><a name=\"hcHIV.G.DE74\"> </a><a name=\"HIV.G.DE74-en-US\"> </a><ul><li>Include these codes as defined in <a href=\"CodeSystem-HIVConcepts.html\"><code>http://smart.who.int/hiv/CodeSystem/HIVConcepts</code></a><table class=\"none\"><tr><td style=\"white-space:nowrap\"><b>Code</b></td><td><b>Display</b></td><td><b>Definition</b></td></tr><tr><td><a href=\"CodeSystem-HIVConcepts.html#HIVConcepts-HIV.46G.46DE75\">HIV.G.DE75</a></td><td>Syphilis positive</td><td>Client is positive for syphilis</td></tr><tr><td><a href=\"CodeSystem-HIVConcepts.html#HIVConcepts-HIV.46G.46DE76\">HIV.G.DE76</a></td><td>Syphilis negative</td><td>Client is negative for syphilis</td></tr></table></li></ul></div>"
  },
  "url" : "http://smart.who.int/hiv/ValueSet/HIV.G.DE74",
  "version" : "0.2.0",
  "name" : "HIVGDE74",
  "title" : "Syphilis diagnosis ValueSet",
  "status" : "active",
  "experimental" : true,
  "date" : "2024-08-06T17:04:54+00:00",
  "publisher" : "WHO",
  "contact" : [{
    "name" : "WHO",
    "telecom" : [{
      "system" : "url",
      "value" : "http://who.int"
    }]
  }],
  "description" : "Value set of client's syphilis diagnosis",
  "compose" : {
    "include" : [{
      "system" : "http://smart.who.int/hiv/CodeSystem/HIVConcepts",
      "concept" : [{
        "code" : "HIV.G.DE75",
        "display" : "Syphilis positive"
      },
      {
        "code" : "HIV.G.DE76",
        "display" : "Syphilis negative"
      }]
    }]
  }
}