{
  "resourceType" : "ValueSet",
  "id" : "hiv-c-de144",
  "text" : {
    "status" : "extensions",
    "div" : "<div xmlns=\"http://www.w3.org/1999/xhtml\"><ul><li>Include these codes as defined in <a href=\"CodeSystem-concept-codes.html\"><code>http://fhir.org/guides/who/hiv-dak/CodeSystem/HIV-DAKConcepts</code></a><table class=\"none\"><tr><td style=\"white-space:nowrap\"><b>Code</b></td><td><b>Display</b></td><td><b>Definition</b></td></tr><tr><td><a href=\"CodeSystem-concept-codes.html#concept-codes-HIV.46C.46DE144\">HIV.C.DE144</a></td><td>Self</td><td>HIV self-test distributed for use by - Self</td></tr><tr><td><a href=\"CodeSystem-concept-codes.html#concept-codes-HIV.46C.46DE145\">HIV.C.DE145</a></td><td>Family member</td><td>HIV self-test distributed for use by - Family member</td></tr><tr><td><a href=\"CodeSystem-concept-codes.html#concept-codes-HIV.46C.46DE146\">HIV.C.DE146</a></td><td>Drug-injecting partner</td><td>HIV self-test distributed for use by - Drug-injecting partner</td></tr><tr><td><a href=\"CodeSystem-concept-codes.html#concept-codes-HIV.46C.46DE147\">HIV.C.DE147</a></td><td>Sexual partner</td><td>HIV self-test distributed for use by - Sexual partner</td></tr><tr><td><a href=\"CodeSystem-concept-codes.html#concept-codes-HIV.46C.46DE148\">HIV.C.DE148</a></td><td>Social contact</td><td>HIV self-test distributed for use by - Social contact</td></tr></table></li></ul></div>"
  },
  "url" : "http://fhir.org/guides/who/hiv-dak/ValueSet/hiv-c-de144",
  "version" : "0.3.0",
  "name" : "HIVselftestdistributedforusebyCodes",
  "title" : "HIV self-test distributed for use by Codes",
  "status" : "draft",
  "experimental" : false,
  "date" : "2024-05-31T12:30:05+00:00",
  "publisher" : "World Health Organization (WHO) ",
  "contact" : [{
    "telecom" : [{
      "system" : "url",
      "value" : "https://www.who.int"
    }]
  }],
  "description" : "Codes representing possible values for the HIV self-test distributed for use by element",
  "jurisdiction" : [{
    "coding" : [{
      "system" : "http://unstats.un.org/unsd/methods/m49/m49.htm",
      "code" : "001"
    }]
  }],
  "immutable" : true,
  "compose" : {
    "include" : [{
      "system" : "http://fhir.org/guides/who/hiv-dak/CodeSystem/HIV-DAKConcepts",
      "concept" : [{
        "code" : "HIV.C.DE144",
        "display" : "Self"
      },
      {
        "code" : "HIV.C.DE145",
        "display" : "Family member"
      },
      {
        "code" : "HIV.C.DE146",
        "display" : "Drug-injecting partner"
      },
      {
        "code" : "HIV.C.DE147",
        "display" : "Sexual partner"
      },
      {
        "code" : "HIV.C.DE148",
        "display" : "Social contact"
      }]
    }]
  }
}