{
  "resourceType" : "ValueSet",
  "id" : "HIV.E.DE149",
  "meta" : {
    "profile" : ["http://hl7.org/fhir/uv/crmi/StructureDefinition/crmi-shareablevalueset",
    "http://hl7.org/fhir/uv/crmi/StructureDefinition/crmi-publishablevalueset",
    "http://hl7.org/fhir/uv/crmi/StructureDefinition/crmi-computablevalueset"]
  },
  "text" : {
    "status" : "extensions",
    "div" : "<div xmlns=\"http://www.w3.org/1999/xhtml\"><p class=\"res-header-id\"><b>Generated Narrative: ValueSet HIV.E.DE149</b></p><a name=\"HIV.E.DE149\"> </a><a name=\"hcHIV.E.DE149\"> </a><a name=\"hcHIV.E.DE149-en-US\"> </a><ul><li>Include these codes as defined in <a href=\"CodeSystem-HIVConcepts.html\"><code>http://smart.who.int/hiv/CodeSystem/HIVConcepts</code></a><table class=\"none\"><tr><td style=\"white-space:nowrap\"><b>Code</b></td><td><b>Display</b></td><td><b>Definition</b></td></tr><tr><td><a href=\"CodeSystem-HIVConcepts.html#HIVConcepts-HIV.46E.46DE150\">HIV.E.DE150</a></td><td>Positive</td><td>Test result is positive for syphilis</td></tr><tr><td><a href=\"CodeSystem-HIVConcepts.html#HIVConcepts-HIV.46E.46DE151\">HIV.E.DE151</a></td><td>Negative</td><td>Test result is negative for syphilis</td></tr><tr><td><a href=\"CodeSystem-HIVConcepts.html#HIVConcepts-HIV.46E.46DE152\">HIV.E.DE152</a></td><td>Inconclusive</td><td>Test result is inconclusive</td></tr></table></li></ul></div>"
  },
  "url" : "http://smart.who.int/hiv/ValueSet/HIV.E.DE149",
  "version" : "0.1.0",
  "name" : "HIVEDE149",
  "title" : "Maternal syphilis test result ValueSet",
  "status" : "active",
  "experimental" : true,
  "date" : "2024-07-01T19:19:54+00:00",
  "publisher" : "WHO",
  "contact" : [{
    "name" : "WHO",
    "telecom" : [{
      "system" : "url",
      "value" : "http://who.int"
    }]
  }],
  "description" : "Value set of result from maternal syphilis test",
  "compose" : {
    "include" : [{
      "system" : "http://smart.who.int/hiv/CodeSystem/HIVConcepts",
      "concept" : [{
        "code" : "HIV.E.DE150",
        "display" : "Positive"
      },
      {
        "code" : "HIV.E.DE151",
        "display" : "Negative"
      },
      {
        "code" : "HIV.E.DE152",
        "display" : "Inconclusive"
      }]
    }]
  }
}