{
  "resourceType" : "ValueSet",
  "id" : "hiv-e-de63",
  "text" : {
    "status" : "extensions",
    "div" : "<div xmlns=\"http://www.w3.org/1999/xhtml\"><ul><li>Include these codes as defined in <a href=\"CodeSystem-concept-codes.html\"><code>http://fhir.org/guides/who/hiv-dak/CodeSystem/HIV-DAKConcepts</code></a><table class=\"none\"><tr><td style=\"white-space:nowrap\"><b>Code</b></td><td><b>Display</b></td><td><b>Definition</b></td></tr><tr><td><a href=\"CodeSystem-concept-codes.html#concept-codes-HIV.46E.46DE63\">HIV.E.DE63</a></td><td>Not preterm</td><td>Preterm birth status - Not preterm</td></tr><tr><td><a href=\"CodeSystem-concept-codes.html#concept-codes-HIV.46E.46DE64\">HIV.E.DE64</a></td><td>Preterm (&lt;37 weeks gestation)</td><td>Preterm birth status - Preterm (&lt;37 weeks gestation)</td></tr><tr><td><a href=\"CodeSystem-concept-codes.html#concept-codes-HIV.46E.46DE65\">HIV.E.DE65</a></td><td>Very preterm (&lt;32 weeks gestation)</td><td>Preterm birth status - Very preterm (&lt;32 weeks gestation)</td></tr></table></li></ul></div>"
  },
  "url" : "http://fhir.org/guides/who/hiv-dak/ValueSet/hiv-e-de63",
  "version" : "0.3.0",
  "name" : "PretermbirthstatusCodes",
  "title" : "Preterm birth status Codes",
  "status" : "draft",
  "experimental" : false,
  "date" : "2024-05-31T12:30:05+00:00",
  "publisher" : "World Health Organization (WHO) ",
  "contact" : [{
    "telecom" : [{
      "system" : "url",
      "value" : "https://www.who.int"
    }]
  }],
  "description" : "Codes representing possible values for the Preterm birth status element",
  "jurisdiction" : [{
    "coding" : [{
      "system" : "http://unstats.un.org/unsd/methods/m49/m49.htm",
      "code" : "001"
    }]
  }],
  "immutable" : true,
  "compose" : {
    "include" : [{
      "system" : "http://fhir.org/guides/who/hiv-dak/CodeSystem/HIV-DAKConcepts",
      "concept" : [{
        "code" : "HIV.E.DE63",
        "display" : "Not preterm"
      },
      {
        "code" : "HIV.E.DE64",
        "display" : "Preterm (<37 weeks gestation)"
      },
      {
        "code" : "HIV.E.DE65",
        "display" : "Very preterm (<32 weeks gestation)"
      }]
    }]
  }
}