{
  "resourceType" : "ValueSet",
  "id" : "HIV.B.DE165",
  "meta" : {
    "profile" : ["http://hl7.org/fhir/uv/crmi/StructureDefinition/crmi-shareablevalueset",
    "http://hl7.org/fhir/uv/crmi/StructureDefinition/crmi-publishablevalueset",
    "http://hl7.org/fhir/uv/crmi/StructureDefinition/crmi-computablevalueset"]
  },
  "text" : {
    "status" : "extensions",
    "div" : "<div xmlns=\"http://www.w3.org/1999/xhtml\"><p class=\"res-header-id\"><b>Generated Narrative: ValueSet HIV.B.DE165</b></p><a name=\"HIV.B.DE165\"> </a><a name=\"hcHIV.B.DE165\"> </a><a name=\"HIV.B.DE165-en-US\"> </a><ul><li>Include these codes as defined in <a href=\"CodeSystem-HIVConcepts.html\"><code>http://smart.who.int/hiv/CodeSystem/HIVConcepts</code></a><table class=\"none\"><tr><td style=\"white-space:nowrap\"><b>Code</b></td><td><b>Display</b></td><td><b>Definition</b></td></tr><tr><td><a href=\"CodeSystem-HIVConcepts.html#HIVConcepts-HIV.46B.46DE166\">HIV.B.DE166</a></td><td>Assessment and provision of vaccinations</td><td>Assessment and provision of vaccinations, such as for people from key populations, pregnant women and infants; and, where appropriate, tetanus vaccination for adolescent boys and men receiving VMMC</td></tr><tr><td><a href=\"CodeSystem-HIVConcepts.html#HIVConcepts-HIV.46B.46DE167\">HIV.B.DE167</a></td><td>Hepatitis B (HBV) and hepatitis C virus (HCV) testing and treatment provided</td><td>Offer or refer for HBV and/or HCV testing and treatment</td></tr><tr><td><a href=\"CodeSystem-HIVConcepts.html#HIVConcepts-HIV.46B.46DE168\">HIV.B.DE168</a></td><td>Co-trimoxazole chemoprophylaxis to prevent Pneumocystis carinii pneumonia provided</td><td>Offer or refer for co-trimoxazole chemoprophylaxis to prevent pneumocystis carinii pneumonia</td></tr><tr><td><a href=\"CodeSystem-HIVConcepts.html#HIVConcepts-HIV.46B.46DE169\">HIV.B.DE169</a></td><td>Intensified TB case finding and linkage to TB treatment provided</td><td>Offer or refer for intensified TB case finding and linkage to TB treatment</td></tr><tr><td><a href=\"CodeSystem-HIVConcepts.html#HIVConcepts-HIV.46B.46DE170\">HIV.B.DE170</a></td><td>Provision of isoniazid preventive therapy if person does not have TB</td><td>Offer or refer for provision of isoniazid preventive therapy if person does not have TB</td></tr><tr><td><a href=\"CodeSystem-HIVConcepts.html#HIVConcepts-HIV.46B.46DE171\">HIV.B.DE171</a></td><td>Malaria prevention (such as bed nets and prophylaxis), depending on epidemiology</td><td>Offer or refer for malaria prevention (such as bed nets and prophylaxis), depending on epidemiology</td></tr></table></li></ul></div>"
  },
  "url" : "http://smart.who.int/hiv/ValueSet/HIV.B.DE165",
  "version" : "0.2.0",
  "name" : "HIVBDE165",
  "title" : "Offer other clinical services ValueSet",
  "status" : "active",
  "experimental" : true,
  "date" : "2024-08-05T14:13:53+00:00",
  "publisher" : "WHO",
  "contact" : [{
    "name" : "WHO",
    "telecom" : [{
      "system" : "url",
      "value" : "http://who.int"
    }]
  }],
  "description" : "Value set of other clinical services offered or referrals given to the client",
  "compose" : {
    "include" : [{
      "system" : "http://smart.who.int/hiv/CodeSystem/HIVConcepts",
      "concept" : [{
        "code" : "HIV.B.DE166",
        "display" : "Assessment and provision of vaccinations"
      },
      {
        "code" : "HIV.B.DE167",
        "display" : "Hepatitis B (HBV) and hepatitis C virus (HCV) testing and treatment provided"
      },
      {
        "code" : "HIV.B.DE168",
        "display" : "Co-trimoxazole chemoprophylaxis to prevent Pneumocystis carinii pneumonia provided"
      },
      {
        "code" : "HIV.B.DE169",
        "display" : "Intensified TB case finding and linkage to TB treatment provided"
      },
      {
        "code" : "HIV.B.DE170",
        "display" : "Provision of isoniazid preventive therapy if person does not have TB"
      },
      {
        "code" : "HIV.B.DE171",
        "display" : "Malaria prevention (such as bed nets and prophylaxis), depending on epidemiology"
      }]
    }]
  }
}