{
  "resourceType" : "ValueSet",
  "id" : "HIV.D.DE778",
  "meta" : {
    "profile" : ["http://hl7.org/fhir/uv/crmi/StructureDefinition/crmi-shareablevalueset",
    "http://hl7.org/fhir/uv/crmi/StructureDefinition/crmi-publishablevalueset",
    "http://hl7.org/fhir/uv/crmi/StructureDefinition/crmi-computablevalueset"]
  },
  "text" : {
    "status" : "extensions",
    "div" : "<div xmlns=\"http://www.w3.org/1999/xhtml\"><p class=\"res-header-id\"><b>Generated Narrative: ValueSet HIV.D.DE778</b></p><a name=\"HIV.D.DE778\"> </a><a name=\"hcHIV.D.DE778\"> </a><a name=\"hcHIV.D.DE778-en-US\"> </a><ul><li>Include these codes as defined in <a href=\"CodeSystem-HIVConcepts.html\"><code>http://smart.who.int/hiv/CodeSystem/HIVConcepts</code></a><table class=\"none\"><tr><td style=\"white-space:nowrap\"><b>Code</b></td><td><b>Display</b></td><td><b>Definition</b></td></tr><tr><td><a href=\"CodeSystem-HIVConcepts.html#HIVConcepts-HIV.46D.46DE779\">HIV.D.DE779</a></td><td>Urethral discharge syndrome</td><td>Client diagnosed with urethral discharge syndrome</td></tr><tr><td><a href=\"CodeSystem-HIVConcepts.html#HIVConcepts-HIV.46D.46DE780\">HIV.D.DE780</a></td><td>Vaginal discharge syndrome</td><td>Client diagnosed with vaginal discharge syndrome</td></tr><tr><td><a href=\"CodeSystem-HIVConcepts.html#HIVConcepts-HIV.46D.46DE781\">HIV.D.DE781</a></td><td>Lower Abdominal pain</td><td>Client diagnosed with lower abdominal pain</td></tr><tr><td><a href=\"CodeSystem-HIVConcepts.html#HIVConcepts-HIV.46D.46DE782\">HIV.D.DE782</a></td><td>Genital ulcer disease syndrome</td><td>Client diagnosed with genital ulcer disease syndrome</td></tr><tr><td><a href=\"CodeSystem-HIVConcepts.html#HIVConcepts-HIV.46D.46DE783\">HIV.D.DE783</a></td><td>Anorectal discharge</td><td>Client diagnosed with anorectal discharge</td></tr><tr><td><a href=\"CodeSystem-HIVConcepts.html#HIVConcepts-HIV.46D.46DE784\">HIV.D.DE784</a></td><td>Sent for testing</td><td>Specimen sent for testing</td></tr><tr><td><a href=\"CodeSystem-HIVConcepts.html#HIVConcepts-HIV.46D.46DE785\">HIV.D.DE785</a></td><td>Other</td><td>Other syndrome/STI diagnosed</td></tr></table></li></ul></div>"
  },
  "url" : "http://smart.who.int/hiv/ValueSet/HIV.D.DE778",
  "version" : "0.1.0",
  "name" : "HIVDDE778",
  "title" : "Syndrome/STI diagnosed ValueSet",
  "status" : "active",
  "experimental" : true,
  "date" : "2024-07-01T19:37:36+00:00",
  "publisher" : "WHO",
  "contact" : [{
    "name" : "WHO",
    "telecom" : [{
      "system" : "url",
      "value" : "http://who.int"
    }]
  }],
  "description" : "Value set of syndrome or STI for which client is diagnosed",
  "compose" : {
    "include" : [{
      "system" : "http://smart.who.int/hiv/CodeSystem/HIVConcepts",
      "concept" : [{
        "code" : "HIV.D.DE779",
        "display" : "Urethral discharge syndrome"
      },
      {
        "code" : "HIV.D.DE780",
        "display" : "Vaginal discharge syndrome"
      },
      {
        "code" : "HIV.D.DE781",
        "display" : "Lower Abdominal pain"
      },
      {
        "code" : "HIV.D.DE782",
        "display" : "Genital ulcer disease syndrome"
      },
      {
        "code" : "HIV.D.DE783",
        "display" : "Anorectal discharge"
      },
      {
        "code" : "HIV.D.DE784",
        "display" : "Sent for testing"
      },
      {
        "code" : "HIV.D.DE785",
        "display" : "Other"
      }]
    }]
  }
}