{
  "resourceType" : "ValueSet",
  "id" : "HIV.B.DE284",
  "meta" : {
    "profile" : ["http://hl7.org/fhir/uv/crmi/StructureDefinition/crmi-shareablevalueset",
    "http://hl7.org/fhir/uv/crmi/StructureDefinition/crmi-publishablevalueset",
    "http://hl7.org/fhir/uv/crmi/StructureDefinition/crmi-computablevalueset"]
  },
  "text" : {
    "status" : "extensions",
    "div" : "<div xmlns=\"http://www.w3.org/1999/xhtml\"><p class=\"res-header-id\"><b>Generated Narrative: ValueSet HIV.B.DE284</b></p><a name=\"HIV.B.DE284\"> </a><a name=\"hcHIV.B.DE284\"> </a><a name=\"hcHIV.B.DE284-en-US\"> </a><ul><li>Include these codes as defined in <a href=\"CodeSystem-HIVConcepts.html\"><code>http://smart.who.int/hiv/CodeSystem/HIVConcepts</code></a><table class=\"none\"><tr><td style=\"white-space:nowrap\"><b>Code</b></td><td><b>Display</b></td><td><b>Definition</b></td></tr><tr><td><a href=\"CodeSystem-HIVConcepts.html#HIVConcepts-HIV.46B.46DE285\">HIV.B.DE285</a></td><td>NAAT</td><td>Nucleic Acid Amplification Test (NAAT) used</td></tr><tr><td><a href=\"CodeSystem-HIVConcepts.html#HIVConcepts-HIV.46B.46DE286\">HIV.B.DE286</a></td><td>POC Test</td><td>Point-of-care (POC) test used</td></tr><tr><td><a href=\"CodeSystem-HIVConcepts.html#HIVConcepts-HIV.46B.46DE287\">HIV.B.DE287</a></td><td>Culture</td><td>Culture test used</td></tr><tr><td><a href=\"CodeSystem-HIVConcepts.html#HIVConcepts-HIV.46B.46DE288\">HIV.B.DE288</a></td><td>ELISA</td><td>ELISA test used</td></tr><tr><td><a href=\"CodeSystem-HIVConcepts.html#HIVConcepts-HIV.46B.46DE289\">HIV.B.DE289</a></td><td>Microscopy</td><td>Microscopy test used</td></tr><tr><td><a href=\"CodeSystem-HIVConcepts.html#HIVConcepts-HIV.46B.46DE290\">HIV.B.DE290</a></td><td>Other</td><td>Other type of test used</td></tr></table></li></ul></div>"
  },
  "url" : "http://smart.who.int/hiv/ValueSet/HIV.B.DE284",
  "version" : "0.1.0",
  "name" : "HIVBDE284",
  "title" : "Chlamydia trachomatis test type ValueSet",
  "status" : "active",
  "experimental" : true,
  "date" : "2024-07-01T19:37:36+00:00",
  "publisher" : "WHO",
  "contact" : [{
    "name" : "WHO",
    "telecom" : [{
      "system" : "url",
      "value" : "http://who.int"
    }]
  }],
  "description" : "Value set of type of diagnostic test used for Chlamydia trachomatis",
  "compose" : {
    "include" : [{
      "system" : "http://smart.who.int/hiv/CodeSystem/HIVConcepts",
      "concept" : [{
        "code" : "HIV.B.DE285",
        "display" : "NAAT"
      },
      {
        "code" : "HIV.B.DE286",
        "display" : "POC Test"
      },
      {
        "code" : "HIV.B.DE287",
        "display" : "Culture"
      },
      {
        "code" : "HIV.B.DE288",
        "display" : "ELISA"
      },
      {
        "code" : "HIV.B.DE289",
        "display" : "Microscopy"
      },
      {
        "code" : "HIV.B.DE290",
        "display" : "Other"
      }]
    }]
  }
}