{
  "resourceType" : "ValueSet",
  "id" : "HIV.B.DE102",
  "meta" : {
    "profile" : ["http://hl7.org/fhir/uv/crmi/StructureDefinition/crmi-shareablevalueset",
    "http://hl7.org/fhir/uv/crmi/StructureDefinition/crmi-publishablevalueset",
    "http://hl7.org/fhir/uv/crmi/StructureDefinition/crmi-computablevalueset"]
  },
  "text" : {
    "status" : "extensions",
    "div" : "<div xmlns=\"http://www.w3.org/1999/xhtml\"><p class=\"res-header-id\"><b>Generated Narrative: ValueSet HIV.B.DE102</b></p><a name=\"HIV.B.DE102\"> </a><a name=\"hcHIV.B.DE102\"> </a><a name=\"HIV.B.DE102-en-US\"> </a><ul><li>Include these codes as defined in <a href=\"CodeSystem-HIVConcepts.html\"><code>http://smart.who.int/hiv/CodeSystem/HIVConcepts</code></a><table class=\"none\"><tr><td style=\"white-space:nowrap\"><b>Code</b></td><td><b>Display</b></td><td><b>Definition</b></td></tr><tr><td><a href=\"CodeSystem-HIVConcepts.html#HIVConcepts-HIV.46B.46DE103\">HIV.B.DE103</a></td><td>Reactive</td><td>The result of the HIV assay in the testing strategy was reactive</td></tr><tr><td><a href=\"CodeSystem-HIVConcepts.html#HIVConcepts-HIV.46B.46DE104\">HIV.B.DE104</a></td><td>Non-reactive</td><td>The result of the HIV assay in the testing strategy was non-reactive</td></tr><tr><td><a href=\"CodeSystem-HIVConcepts.html#HIVConcepts-HIV.46B.46DE105\">HIV.B.DE105</a></td><td>Invalid</td><td>The result of the HIV assay in the testing strategy was invalid</td></tr></table></li></ul></div>"
  },
  "url" : "http://smart.who.int/hiv/ValueSet/HIV.B.DE102",
  "version" : "0.2.0",
  "name" : "HIVBDE102",
  "title" : "Test result of HIV assay 3 ValueSet",
  "status" : "active",
  "experimental" : true,
  "date" : "2024-08-06T17:04:54+00:00",
  "publisher" : "WHO",
  "contact" : [{
    "name" : "WHO",
    "telecom" : [{
      "system" : "url",
      "value" : "http://who.int"
    }]
  }],
  "description" : "Value set of the result of the third HIV assay in the testing strategy",
  "compose" : {
    "include" : [{
      "system" : "http://smart.who.int/hiv/CodeSystem/HIVConcepts",
      "concept" : [{
        "code" : "HIV.B.DE103",
        "display" : "Reactive"
      },
      {
        "code" : "HIV.B.DE104",
        "display" : "Non-reactive"
      },
      {
        "code" : "HIV.B.DE105",
        "display" : "Invalid"
      }]
    }]
  }
}