{
  "resourceType" : "ValueSet",
  "id" : "HIV.B.DE207",
  "meta" : {
    "profile" : ["http://hl7.org/fhir/uv/crmi/StructureDefinition/crmi-shareablevalueset",
    "http://hl7.org/fhir/uv/crmi/StructureDefinition/crmi-publishablevalueset",
    "http://hl7.org/fhir/uv/crmi/StructureDefinition/crmi-computablevalueset"]
  },
  "text" : {
    "status" : "extensions",
    "div" : "<div xmlns=\"http://www.w3.org/1999/xhtml\"><p class=\"res-header-id\"><b>Generated Narrative: ValueSet HIV.B.DE207</b></p><a name=\"HIV.B.DE207\"> </a><a name=\"hcHIV.B.DE207\"> </a><a name=\"hcHIV.B.DE207-en-US\"> </a><ul><li>Include these codes as defined in <a href=\"CodeSystem-HIVConcepts.html\"><code>http://smart.who.int/hiv/CodeSystem/HIVConcepts</code></a><table class=\"none\"><tr><td style=\"white-space:nowrap\"><b>Code</b></td><td><b>Display</b></td><td><b>Definition</b></td></tr><tr><td><a href=\"CodeSystem-HIVConcepts.html#HIVConcepts-HIV.46B.46DE208\">HIV.B.DE208</a></td><td>Abnormal pain</td><td>Client experienced abnormal pain</td></tr><tr><td><a href=\"CodeSystem-HIVConcepts.html#HIVConcepts-HIV.46B.46DE209\">HIV.B.DE209</a></td><td>Anaesthesia-related effects</td><td>Client had anaesthesia-related effects</td></tr><tr><td><a href=\"CodeSystem-HIVConcepts.html#HIVConcepts-HIV.46B.46DE210\">HIV.B.DE210</a></td><td>Bleeding</td><td>Client had bleeding</td></tr><tr><td><a href=\"CodeSystem-HIVConcepts.html#HIVConcepts-HIV.46B.46DE211\">HIV.B.DE211</a></td><td>Damage to the penis</td><td>Client had damage to the penis</td></tr><tr><td><a href=\"CodeSystem-HIVConcepts.html#HIVConcepts-HIV.46B.46DE212\">HIV.B.DE212</a></td><td>Difficulty urinating</td><td>Client had difficulty urinating</td></tr><tr><td><a href=\"CodeSystem-HIVConcepts.html#HIVConcepts-HIV.46B.46DE213\">HIV.B.DE213</a></td><td>Excessive bleeding</td><td>Client experienced excessive bleeding</td></tr><tr><td><a href=\"CodeSystem-HIVConcepts.html#HIVConcepts-HIV.46B.46DE214\">HIV.B.DE214</a></td><td>Excessive skin removal</td><td>Client experienced excessive skin removal</td></tr><tr><td><a href=\"CodeSystem-HIVConcepts.html#HIVConcepts-HIV.46B.46DE215\">HIV.B.DE215</a></td><td>Excessive swelling</td><td>Client experienced excessive swelling</td></tr><tr><td><a href=\"CodeSystem-HIVConcepts.html#HIVConcepts-HIV.46B.46DE216\">HIV.B.DE216</a></td><td>Haematoma</td><td>Client experienced haematoma</td></tr><tr><td><a href=\"CodeSystem-HIVConcepts.html#HIVConcepts-HIV.46B.46DE217\">HIV.B.DE217</a></td><td>Infection</td><td>Client experienced infection</td></tr><tr><td><a href=\"CodeSystem-HIVConcepts.html#HIVConcepts-HIV.46B.46DE218\">HIV.B.DE218</a></td><td>Injury to glans</td><td>Client experienced injury to glans</td></tr><tr><td><a href=\"CodeSystem-HIVConcepts.html#HIVConcepts-HIV.46B.46DE219\">HIV.B.DE219</a></td><td>Scar or disfigurement</td><td>Client experienced scar or disfigurement</td></tr><tr><td><a href=\"CodeSystem-HIVConcepts.html#HIVConcepts-HIV.46B.46DE220\">HIV.B.DE220</a></td><td>Sharps injury to personnel</td><td>During VMMC procedure there was sharps injury to personnel</td></tr><tr><td><a href=\"CodeSystem-HIVConcepts.html#HIVConcepts-HIV.46B.46DE221\">HIV.B.DE221</a></td><td>Wound disruption</td><td>Client experienced wound disruption</td></tr><tr><td><a href=\"CodeSystem-HIVConcepts.html#HIVConcepts-HIV.46B.46DE222\">HIV.B.DE222</a></td><td>Other</td><td>Client experienced other adverse VMMC event</td></tr></table></li></ul></div>"
  },
  "url" : "http://smart.who.int/hiv/ValueSet/HIV.B.DE207",
  "version" : "0.1.0",
  "name" : "HIVBDE207",
  "title" : "Type of adverse VMMC event ValueSet",
  "status" : "active",
  "experimental" : true,
  "date" : "2024-07-01T05:12:03+00:00",
  "publisher" : "WHO",
  "contact" : [{
    "name" : "WHO",
    "telecom" : [{
      "system" : "url",
      "value" : "http://who.int"
    }]
  }],
  "description" : "Value set of type of adverse event associated with voluntary medical male circumcision (VMMC) procedure",
  "compose" : {
    "include" : [{
      "system" : "http://smart.who.int/hiv/CodeSystem/HIVConcepts",
      "concept" : [{
        "code" : "HIV.B.DE208",
        "display" : "Abnormal pain"
      },
      {
        "code" : "HIV.B.DE209",
        "display" : "Anaesthesia-related effects"
      },
      {
        "code" : "HIV.B.DE210",
        "display" : "Bleeding"
      },
      {
        "code" : "HIV.B.DE211",
        "display" : "Damage to the penis"
      },
      {
        "code" : "HIV.B.DE212",
        "display" : "Difficulty urinating"
      },
      {
        "code" : "HIV.B.DE213",
        "display" : "Excessive bleeding"
      },
      {
        "code" : "HIV.B.DE214",
        "display" : "Excessive skin removal"
      },
      {
        "code" : "HIV.B.DE215",
        "display" : "Excessive swelling"
      },
      {
        "code" : "HIV.B.DE216",
        "display" : "Haematoma"
      },
      {
        "code" : "HIV.B.DE217",
        "display" : "Infection"
      },
      {
        "code" : "HIV.B.DE218",
        "display" : "Injury to glans"
      },
      {
        "code" : "HIV.B.DE219",
        "display" : "Scar or disfigurement"
      },
      {
        "code" : "HIV.B.DE220",
        "display" : "Sharps injury to personnel"
      },
      {
        "code" : "HIV.B.DE221",
        "display" : "Wound disruption"
      },
      {
        "code" : "HIV.B.DE222",
        "display" : "Other"
      }]
    }]
  }
}