{
  "resourceType" : "ValueSet",
  "id" : "HIV.D.DE828",
  "meta" : {
    "profile" : ["http://hl7.org/fhir/uv/crmi/StructureDefinition/crmi-shareablevalueset",
    "http://hl7.org/fhir/uv/crmi/StructureDefinition/crmi-publishablevalueset",
    "http://hl7.org/fhir/uv/crmi/StructureDefinition/crmi-computablevalueset"]
  },
  "text" : {
    "status" : "extensions",
    "div" : "<div xmlns=\"http://www.w3.org/1999/xhtml\"><p class=\"res-header-id\"><b>Generated Narrative: ValueSet HIV.D.DE828</b></p><a name=\"HIV.D.DE828\"> </a><a name=\"hcHIV.D.DE828\"> </a><a name=\"hcHIV.D.DE828-en-US\"> </a><ul><li>Include these codes as defined in <a href=\"CodeSystem-HIVConcepts.html\"><code>http://smart.who.int/hiv/CodeSystem/HIVConcepts</code></a><table class=\"none\"><tr><td style=\"white-space:nowrap\"><b>Code</b></td><td><b>Display</b></td><td><b>Definition</b></td></tr><tr><td><a href=\"CodeSystem-HIVConcepts.html#HIVConcepts-HIV.46D.46DE829\">HIV.D.DE829</a></td><td>NAAT</td><td>Nucleic Acid Amplification Test (NAAT) used</td></tr><tr><td><a href=\"CodeSystem-HIVConcepts.html#HIVConcepts-HIV.46D.46DE830\">HIV.D.DE830</a></td><td>POC Test</td><td>Point-of-care (POC) test used</td></tr><tr><td><a href=\"CodeSystem-HIVConcepts.html#HIVConcepts-HIV.46D.46DE831\">HIV.D.DE831</a></td><td>Culture</td><td>Culture test used</td></tr><tr><td><a href=\"CodeSystem-HIVConcepts.html#HIVConcepts-HIV.46D.46DE832\">HIV.D.DE832</a></td><td>Microscopy</td><td>Microscopy test used</td></tr><tr><td><a href=\"CodeSystem-HIVConcepts.html#HIVConcepts-HIV.46D.46DE833\">HIV.D.DE833</a></td><td>Other</td><td>Other type of test used</td></tr></table></li></ul></div>"
  },
  "url" : "http://smart.who.int/hiv/ValueSet/HIV.D.DE828",
  "version" : "0.1.0",
  "name" : "HIVDDE828",
  "title" : "Neisseria gonorrhoeae test type ValueSet",
  "status" : "active",
  "experimental" : true,
  "date" : "2024-07-01T12:40:16+00:00",
  "publisher" : "WHO",
  "contact" : [{
    "name" : "WHO",
    "telecom" : [{
      "system" : "url",
      "value" : "http://who.int"
    }]
  }],
  "description" : "Value set of type of diagnostic test used for Neisseria gonorrhoeae",
  "compose" : {
    "include" : [{
      "system" : "http://smart.who.int/hiv/CodeSystem/HIVConcepts",
      "concept" : [{
        "code" : "HIV.D.DE829",
        "display" : "NAAT"
      },
      {
        "code" : "HIV.D.DE830",
        "display" : "POC Test"
      },
      {
        "code" : "HIV.D.DE831",
        "display" : "Culture"
      },
      {
        "code" : "HIV.D.DE832",
        "display" : "Microscopy"
      },
      {
        "code" : "HIV.D.DE833",
        "display" : "Other"
      }]
    }]
  }
}