{
  "resourceType" : "ValueSet",
  "id" : "HIV.B.DE115",
  "meta" : {
    "profile" : ["http://hl7.org/fhir/uv/crmi/StructureDefinition/crmi-shareablevalueset",
    "http://hl7.org/fhir/uv/crmi/StructureDefinition/crmi-publishablevalueset",
    "http://hl7.org/fhir/uv/crmi/StructureDefinition/crmi-computablevalueset"]
  },
  "text" : {
    "status" : "extensions",
    "div" : "<div xmlns=\"http://www.w3.org/1999/xhtml\"><p class=\"res-header-id\"><b>Generated Narrative: ValueSet HIV.B.DE115</b></p><a name=\"HIV.B.DE115\"> </a><a name=\"hcHIV.B.DE115\"> </a><a name=\"hcHIV.B.DE115-en-US\"> </a><ul><li>Include these codes as defined in <a href=\"CodeSystem-HIVConcepts.html\"><code>http://smart.who.int/hiv/CodeSystem/HIVConcepts</code></a><table class=\"none\"><tr><td style=\"white-space:nowrap\"><b>Code</b></td><td><b>Display</b></td><td><b>Definition</b></td></tr><tr><td><a href=\"CodeSystem-HIVConcepts.html#HIVConcepts-HIV.46B.46DE116\">HIV.B.DE116</a></td><td>HIV-positive</td><td>Client is HIV-positive</td></tr><tr><td><a href=\"CodeSystem-HIVConcepts.html#HIVConcepts-HIV.46B.46DE117\">HIV.B.DE117</a></td><td>HIV-negative</td><td>Client is HIV-negative</td></tr><tr><td><a href=\"CodeSystem-HIVConcepts.html#HIVConcepts-HIV.46B.46DE118\">HIV.B.DE118</a></td><td>Unknown</td><td>Client has unknown HIV status</td></tr></table></li></ul></div>"
  },
  "url" : "http://smart.who.int/hiv/ValueSet/HIV.B.DE115",
  "version" : "0.1.0",
  "name" : "HIVBDE115",
  "title" : "HIV status ValueSet",
  "status" : "active",
  "experimental" : true,
  "date" : "2024-07-01T13:58:30+00:00",
  "publisher" : "WHO",
  "contact" : [{
    "name" : "WHO",
    "telecom" : [{
      "system" : "url",
      "value" : "http://who.int"
    }]
  }],
  "description" : "Value set of HIV status reported after applying the national HIV testing algorithm. No single HIV test can provide an HIV-positive diagnosis.",
  "compose" : {
    "include" : [{
      "system" : "http://smart.who.int/hiv/CodeSystem/HIVConcepts",
      "concept" : [{
        "code" : "HIV.B.DE116",
        "display" : "HIV-positive"
      },
      {
        "code" : "HIV.B.DE117",
        "display" : "HIV-negative"
      },
      {
        "code" : "HIV.B.DE118",
        "display" : "Unknown"
      }]
    }]
  }
}